production_id,well_id,date,barrels_extracted,cost
1,1,2023-01-01,310.9,3120.62
2,1,2023-01-02,422.9,5193.97
3,1,2023-01-03,379.5,4009.26
4,1,2023-01-04,369.6,4136.73
5,1,2023-01-05,373.1,4328.17
6,1,2023-01-06,411.7,5000.79
7,1,2023-01-07,396.7,3647.34
8,1,2023-01-08,376.7,3184.75
9,1,2023-01-09,374.0,3247.43
10,1,2023-01-10,422.6,5404.99
11,1,2023-01-11,360.7,4135.67
12,1,2023-01-12,387.7,3194.88
13,1,2023-01-13,385.5,4872.4
14,1,2023-01-14,405.0,4123.51
15,1,2023-01-15,480.1,4461.76
16,1,2023-01-16,430.2,6361.82
17,1,2023-01-17,399.6,5774.8
18,1,2023-01-18,420.4,3623.47
19,1,2023-01-19,360.9,3572.85
20,1,2023-01-20,342.8,4731.61
21,1,2023-01-21,350.3,4132.68
22,1,2023-01-22,364.9,3279.11
23,1,2023-01-23,410.9,5383.54
24,1,2023-01-24,420.5,5633.58
25,1,2023-01-25,386.0,3401.14
26,1,2023-01-26,372.9,5236.13
27,1,2023-01-27,345.1,2914.03
28,1,2023-01-28,427.0,4345.86
29,1,2023-01-29,429.5,5353.19
30,1,2023-01-30,364.2,5175.18
31,1,2023-01-31,359.8,4674.4
32,1,2023-02-01,390.0,5196.9
33,1,2023-02-02,439.4,5033.75
34,1,2023-02-03,403.0,4698.31
35,1,2023-02-04,379.8,3325.12
36,1,2023-02-05,390.4,3208.98
37,1,2023-02-06,347.7,4019.12
38,1,2023-02-07,425.0,6100.53
39,1,2023-02-08,375.4,4989.14
40,1,2023-02-09,345.2,3314.62
41,1,2023-02-10,385.5,3519.33
42,1,2023-02-11,378.8,5495.0
43,1,2023-02-12,407.9,5751.84
44,1,2023-02-13,428.6,5839.34
45,1,2023-02-14,435.3,6212.19
46,1,2023-02-15,397.6,4066.07
47,1,2023-02-16,384.0,4220.19
48,1,2023-02-17,380.5,5222.72
49,1,2023-02-18,308.6,2948.23
50,1,2023-02-19,402.9,3561.11
51,1,2023-02-20,406.2,4169.01
52,1,2023-02-21,386.8,4498.6
53,1,2023-02-22,362.3,5363.09
54,1,2023-02-23,436.1,6426.57
55,1,2023-02-24,391.3,3954.91
56,1,2023-02-25,339.3,3390.77
57,1,2023-02-26,395.1,4551.03
58,1,2023-02-27,378.3,3162.38
59,1,2023-02-28,406.9,3937.16
60,1,2023-03-01,383.7,3458.56
61,1,2023-03-02,402.5,3901.84
62,1,2023-03-03,391.5,4974.6
63,1,2023-03-04,367.4,4811.81
64,1,2023-03-05,416.0,4399.49
65,1,2023-03-06,435.9,5122.01
66,1,2023-03-07,435.5,3759.03
67,1,2023-03-08,376.2,3500.47
68,1,2023-03-09,420.7,3485.55
69,1,2023-03-10,445.3,3614.07
70,1,2023-03-11,419.1,4854.96
71,1,2023-03-12,412.0,3798.94
72,1,2023-03-13,353.1,4533.01
73,1,2023-03-14,411.1,3684.28
74,1,2023-03-15,386.5,4014.55
75,1,2023-03-16,380.3,4799.39
76,1,2023-03-17,409.0,5611.49
77,1,2023-03-18,434.4,4210.24
78,1,2023-03-19,471.3,4077.48
79,1,2023-03-20,346.2,3615.51
80,1,2023-03-21,428.9,5610.17
81,1,2023-03-22,410.8,3528.51
82,1,2023-03-23,429.6,3923.26
83,1,2023-03-24,398.5,3213.45
84,1,2023-03-25,418.0,3640.75
85,1,2023-03-26,396.8,5096.42
86,1,2023-03-27,353.0,4435.52
87,1,2023-03-28,414.4,4003.15
88,1,2023-03-29,361.3,3712.86
89,1,2023-03-30,415.4,5793.24
90,1,2023-03-31,431.1,5433.26
91,1,2023-04-01,363.9,3848.11
92,1,2023-04-02,395.8,3900.83
93,1,2023-04-03,418.8,5200.47
94,1,2023-04-04,383.6,5203.12
95,1,2023-04-05,477.1,5461.55
96,1,2023-04-06,394.0,3690.93
97,1,2023-04-07,360.8,2947.84
98,1,2023-04-08,421.8,5280.0
99,1,2023-04-09,387.1,5716.7
100,1,2023-04-10,414.3,6108.94
101,1,2023-04-11,376.8,4029.86
102,1,2023-04-12,415.4,5798.28
103,1,2023-04-13,361.8,4305.09
104,1,2023-04-14,374.8,5454.68
105,1,2023-04-15,410.7,3565.23
106,1,2023-04-16,446.3,5492.07
107,1,2023-04-17,424.1,5592.25
108,1,2023-04-18,392.5,5054.73
109,1,2023-04-19,360.7,3626.78
110,1,2023-04-20,434.3,5934.53
111,1,2023-04-21,400.4,5762.43
112,1,2023-04-22,398.9,4618.63
113,1,2023-04-23,436.0,5471.07
114,1,2023-04-24,391.0,5048.89
115,1,2023-04-25,398.0,4125.9
116,1,2023-04-26,396.2,4211.66
117,1,2023-04-27,395.9,3266.55
118,1,2023-04-28,363.7,4095.52
119,1,2023-04-29,334.4,4058.34
120,1,2023-04-30,401.9,3300.63
121,1,2023-05-01,362.5,4225.43
122,1,2023-05-02,380.1,5088.9
123,1,2023-05-03,407.8,3506.37
124,1,2023-05-04,350.6,2931.5
125,1,2023-05-05,465.6,5802.7
126,1,2023-05-06,448.5,5867.0
127,1,2023-05-07,391.0,4011.48
128,1,2023-05-08,404.4,5485.65
129,1,2023-05-09,376.5,3218.47
130,1,2023-05-10,337.9,2763.51
131,1,2023-05-11,366.1,3373.21
132,1,2023-05-12,442.6,4025.58
133,1,2023-05-13,400.4,5205.43
134,1,2023-05-14,339.7,4286.87
135,1,2023-05-15,402.2,4939.62
136,1,2023-05-16,442.2,4836.63
137,1,2023-05-17,367.3,4886.97
138,1,2023-05-18,350.0,2835.42
139,1,2023-05-19,382.8,3324.35
140,1,2023-05-20,449.1,5138.02
141,1,2023-05-21,349.5,3857.27
142,1,2023-05-22,386.9,4174.2
143,1,2023-05-23,438.7,3648.51
144,1,2023-05-24,431.7,4586.1
145,1,2023-05-25,392.0,5485.64
146,1,2023-05-26,463.9,5850.44
147,1,2023-05-27,383.7,4643.11
148,1,2023-05-28,392.0,5715.62
149,1,2023-05-29,330.4,4130.83
150,1,2023-05-30,430.3,4822.48
151,1,2023-05-31,411.6,4405.18
152,1,2023-06-01,392.2,5776.62
153,1,2023-06-02,374.7,3833.9
154,1,2023-06-03,396.5,5516.49
155,1,2023-06-04,370.4,4769.14
156,1,2023-06-05,378.7,4697.16
157,1,2023-06-06,401.3,5466.94
158,1,2023-06-07,408.1,4070.85
159,1,2023-06-08,407.2,5557.22
160,1,2023-06-09,367.5,5487.98
161,1,2023-06-10,333.6,4481.82
162,1,2023-06-11,351.4,3649.56
163,1,2023-06-12,438.6,5825.16
164,1,2023-06-13,375.9,3278.74
165,1,2023-06-14,390.1,5377.63
166,1,2023-06-15,419.0,4290.38
167,1,2023-06-16,382.2,3086.26
168,1,2023-06-17,416.5,5971.77
169,1,2023-06-18,381.1,5583.55
170,1,2023-06-19,370.3,5427.12
171,1,2023-06-20,449.7,5009.52
172,1,2023-06-21,423.1,4252.91
173,1,2023-06-22,427.4,5670.72
174,1,2023-06-23,351.9,4765.33
175,1,2023-06-24,367.5,4354.12
176,1,2023-06-25,389.2,4316.76
177,1,2023-06-26,379.8,3349.3
178,1,2023-06-27,414.7,3732.98
179,1,2023-06-28,408.7,3559.24
180,1,2023-06-29,432.1,3711.3
181,1,2023-06-30,375.8,5168.07
182,1,2023-07-01,395.8,5122.96
183,1,2023-07-02,425.7,6227.62
184,1,2023-07-03,374.3,5578.29
185,1,2023-07-04,368.4,3162.85
186,1,2023-07-05,432.1,5806.92
187,1,2023-07-06,325.2,4665.32
188,1,2023-07-07,438.6,3850.39
189,1,2023-07-08,379.7,4283.65
190,1,2023-07-09,389.1,3265.96
191,1,2023-07-10,429.2,5185.85
192,1,2023-07-11,413.4,6091.77
193,1,2023-07-12,343.7,4839.5
194,1,2023-07-13,362.6,3468.33
195,1,2023-07-14,391.3,5850.38
196,1,2023-07-15,420.0,3577.14
197,1,2023-07-16,404.0,4710.98
198,1,2023-07-17,390.8,4847.8
199,1,2023-07-18,375.5,4653.04
200,1,2023-07-19,447.5,5410.33
201,1,2023-07-20,385.5,4757.58
202,1,2023-07-21,419.7,4172.27
203,1,2023-07-22,384.0,4021.82
204,1,2023-07-23,346.3,4185.69
205,1,2023-07-24,328.8,4503.22
206,1,2023-07-25,400.3,5121.04
207,1,2023-07-26,412.2,4504.48
208,1,2023-07-27,435.3,6324.32
209,1,2023-07-28,386.5,5285.3
210,1,2023-07-29,379.9,5665.36
211,1,2023-07-30,398.1,4246.12
212,1,2023-07-31,354.3,5239.58
213,1,2023-08-01,397.4,4483.3
214,1,2023-08-02,397.5,4334.27
215,1,2023-08-03,385.3,5414.71
216,1,2023-08-04,387.0,5297.54
217,1,2023-08-05,436.4,6376.55
218,1,2023-08-06,398.5,5557.86
219,1,2023-08-07,378.8,3372.87
220,1,2023-08-08,338.3,4966.33
221,1,2023-08-09,345.6,4389.42
222,1,2023-08-10,405.4,4997.52
223,1,2023-08-11,362.5,4604.51
224,1,2023-08-12,379.0,4412.22
225,1,2023-08-13,392.1,5476.22
226,1,2023-08-14,437.3,5187.51
227,1,2023-08-15,420.8,4554.42
228,1,2023-08-16,393.7,3518.77
229,1,2023-08-17,435.3,4130.9
230,1,2023-08-18,416.0,3725.28
231,1,2023-08-19,334.0,3694.61
232,1,2023-08-20,433.8,6215.83
233,1,2023-08-21,394.7,5322.11
234,1,2023-08-22,320.1,3449.2
235,1,2023-08-23,419.2,6139.58
236,1,2023-08-24,398.7,3600.04
237,1,2023-08-25,387.8,3803.6
238,1,2023-08-26,413.3,4634.71
239,1,2023-08-27,388.0,3997.35
240,1,2023-08-28,400.9,4984.64
241,1,2023-08-29,384.3,3421.42
242,1,2023-08-30,385.8,3432.31
243,1,2023-08-31,353.5,3683.74
244,1,2023-09-01,403.5,5760.59
245,1,2023-09-02,452.7,4167.96
246,1,2023-09-03,378.1,3533.35
247,1,2023-09-04,362.4,3124.57
248,1,2023-09-05,370.5,3276.73
249,1,2023-09-06,343.0,3618.11
250,1,2023-09-07,382.0,4402.12
251,1,2023-09-08,384.8,5231.62
252,1,2023-09-09,389.3,4825.55
253,1,2023-09-10,414.7,5490.07
254,1,2023-09-11,368.4,3423.38
255,1,2023-09-12,370.7,4223.04
256,1,2023-09-13,349.3,4305.97
257,1,2023-09-14,368.2,4871.89
258,1,2023-09-15,318.9,2633.41
259,1,2023-09-16,414.6,5914.98
260,1,2023-09-17,356.8,4131.89
261,1,2023-09-18,357.2,3976.66
262,1,2023-09-19,390.3,4577.32
263,1,2023-09-20,362.3,3854.99
264,1,2023-09-21,359.3,2924.89
265,1,2023-09-22,354.4,3647.18
266,1,2023-09-23,367.1,3244.79
267,1,2023-09-24,394.5,5031.86
268,1,2023-09-25,416.3,5629.96
269,1,2023-09-26,360.2,4235.42
270,1,2023-09-27,387.5,4692.0
271,1,2023-09-28,373.8,3323.79
272,1,2023-09-29,437.3,4367.26
273,1,2023-09-30,431.4,5175.34
274,1,2023-10-01,346.4,3634.29
275,1,2023-10-02,388.4,3752.08
276,1,2023-10-03,391.5,3410.97
277,1,2023-10-04,373.1,3404.24
278,1,2023-10-05,367.8,3422.54
279,1,2023-10-06,361.4,5159.68
280,1,2023-10-07,370.3,3170.2
281,1,2023-10-08,308.7,4592.62
282,1,2023-10-09,408.9,3591.93
283,1,2023-10-10,399.6,5618.21
284,1,2023-10-11,384.7,5277.49
285,1,2023-10-12,364.6,4622.77
286,1,2023-10-13,370.6,5375.14
287,1,2023-10-14,451.5,4497.09
288,1,2023-10-15,438.2,5865.68
289,1,2023-10-16,369.5,4056.29
290,1,2023-10-17,355.7,4109.68
291,1,2023-10-18,372.8,4575.64
292,1,2023-10-19,377.5,3783.08
293,1,2023-10-20,351.3,3994.09
294,1,2023-10-21,395.6,4639.15
295,1,2023-10-22,382.4,3419.44
296,1,2023-10-23,374.3,3160.36
297,1,2023-10-24,368.2,4701.52
298,1,2023-10-25,411.0,5474.67
299,1,2023-10-26,364.3,3964.62
300,1,2023-10-27,463.5,4840.32
301,1,2023-10-28,392.3,3636.42
302,1,2023-10-29,389.8,3299.76
303,1,2023-10-30,402.3,5589.13
304,1,2023-10-31,436.6,3920.15
305,1,2023-11-01,368.2,3367.67
306,1,2023-11-02,405.4,3709.33
307,1,2023-11-03,404.0,4710.85
308,1,2023-11-04,419.4,4408.63
309,1,2023-11-05,378.3,5189.45
310,1,2023-11-06,416.6,4613.55
311,1,2023-11-07,365.5,3695.41
312,1,2023-11-08,316.7,4190.43
313,1,2023-11-09,337.1,4819.2
314,1,2023-11-10,387.2,4138.58
315,1,2023-11-11,414.8,5130.66
316,1,2023-11-12,389.7,3436.54
317,1,2023-11-13,391.9,4053.67
318,1,2023-11-14,404.5,3630.77
319,1,2023-11-15,402.7,4724.84
320,1,2023-11-16,425.8,6071.25
321,1,2023-11-17,371.3,3780.36
322,1,2023-11-18,399.3,3888.72
323,1,2023-11-19,434.0,6136.0
324,1,2023-11-20,399.2,4149.3
325,1,2023-11-21,427.0,3863.94
326,1,2023-11-22,372.5,3577.97
327,1,2023-11-23,416.8,5204.81
328,1,2023-11-24,417.1,5362.52
329,1,2023-11-25,335.1,3491.94
330,1,2023-11-26,395.3,3664.47
331,1,2023-11-27,391.8,4233.38
332,1,2023-11-28,412.7,4635.73
333,1,2023-11-29,392.0,4814.27
334,1,2023-11-30,469.5,3815.14
335,1,2023-12-01,442.4,6395.29
336,1,2023-12-02,404.9,5243.19
337,1,2023-12-03,394.1,4827.13
338,1,2023-12-04,350.4,3843.79
339,1,2023-12-05,392.0,5676.07
340,1,2023-12-06,389.4,4343.73
341,1,2023-12-07,466.0,5029.72
342,1,2023-12-08,402.7,3375.57
343,1,2023-12-09,419.8,3372.27
344,1,2023-12-10,367.8,3801.2
345,1,2023-12-11,412.9,5962.07
346,1,2023-12-12,313.1,3264.26
347,1,2023-12-13,426.0,4756.66
348,1,2023-12-14,360.3,3449.14
349,1,2023-12-15,350.7,3238.21
350,1,2023-12-16,381.3,4380.99
351,1,2023-12-17,411.3,4333.68
352,1,2023-12-18,381.0,4596.88
353,1,2023-12-19,354.0,5213.23
354,1,2023-12-20,402.2,3636.0
355,1,2023-12-21,360.8,5404.05
356,1,2023-12-22,380.7,4384.21
357,1,2023-12-23,364.6,4830.55
358,1,2023-12-24,390.6,3698.28
359,1,2023-12-25,382.2,3568.04
360,1,2023-12-26,390.7,3225.51
361,1,2023-12-27,466.6,3947.4
362,1,2023-12-28,351.0,4713.1
363,1,2023-12-29,429.4,4760.23
364,1,2023-12-30,302.1,3264.62
365,1,2023-12-31,348.7,3233.65
366,1,2024-01-01,392.1,5502.2
367,1,2024-01-02,381.0,3769.76
368,1,2024-01-03,402.3,5031.38
369,1,2024-01-04,374.3,3403.19
370,1,2024-01-05,383.4,4989.14
371,1,2024-01-06,382.8,3657.15
372,1,2024-01-07,386.5,3717.39
373,1,2024-01-08,388.7,3595.07
374,1,2024-01-09,381.4,4794.43
375,1,2024-01-10,374.5,3633.42
376,1,2024-01-11,378.3,4938.95
377,1,2024-01-12,392.9,4235.12
378,1,2024-01-13,393.4,4987.06
379,1,2024-01-14,364.8,5206.95
380,1,2024-01-15,355.9,2879.99
381,1,2024-01-16,332.9,4743.42
382,1,2024-01-17,440.9,6049.55
383,1,2024-01-18,346.3,3691.1
384,1,2024-01-19,359.7,4363.6
385,1,2024-01-20,409.1,4445.23
386,1,2024-01-21,340.9,4044.25
387,1,2024-01-22,330.2,4833.14
388,1,2024-01-23,368.1,4912.75
389,1,2024-01-24,415.8,5654.38
390,1,2024-01-25,384.2,4217.68
391,1,2024-01-26,453.0,4441.38
392,1,2024-01-27,406.3,3646.88
393,1,2024-01-28,344.7,3414.17
394,1,2024-01-29,388.3,3156.47
395,1,2024-01-30,333.9,3966.31
396,1,2024-01-31,402.5,5054.76
397,1,2024-02-01,370.3,2991.14
398,1,2024-02-02,401.6,3597.85
399,1,2024-02-03,436.0,5517.56
400,1,2024-02-04,434.4,4008.44
401,1,2024-02-05,380.0,4059.46
402,1,2024-02-06,410.3,4773.24
403,1,2024-02-07,374.0,4571.28
404,1,2024-02-08,391.2,3801.3
405,1,2024-02-09,337.0,3535.08
406,1,2024-02-10,359.8,4689.35
407,1,2024-02-11,402.9,4566.09
408,1,2024-02-12,329.7,4169.64
409,1,2024-02-13,387.8,3686.23
410,1,2024-02-14,390.4,3208.82
411,1,2024-02-15,403.9,3376.61
412,1,2024-02-16,337.0,3867.12
413,1,2024-02-17,331.6,4442.78
414,1,2024-02-18,415.8,3636.45
415,1,2024-02-19,390.4,4476.98
416,1,2024-02-20,374.2,4796.45
417,1,2024-02-21,335.7,4610.38
418,1,2024-02-22,372.1,5058.66
419,1,2024-02-23,350.4,4251.41
420,1,2024-02-24,413.8,4356.45
421,1,2024-02-25,343.1,4046.52
422,1,2024-02-26,377.5,5326.29
423,1,2024-02-27,410.2,5173.7
424,1,2024-02-28,404.0,5189.64
425,1,2024-02-29,370.3,4230.52
426,1,2024-03-01,404.4,3861.4
427,1,2024-03-02,410.2,3379.18
428,1,2024-03-03,388.7,5006.8
429,1,2024-03-04,398.5,5896.51
430,1,2024-03-05,377.7,5518.36
431,1,2024-03-06,419.9,5841.56
432,1,2024-03-07,381.9,3907.76
433,1,2024-03-08,340.2,3008.56
434,1,2024-03-09,400.1,3416.26
435,1,2024-03-10,351.5,4595.87
436,1,2024-03-11,424.5,3590.02
437,1,2024-03-12,397.3,5376.82
438,1,2024-03-13,323.6,3310.74
439,1,2024-03-14,411.5,5066.27
440,1,2024-03-15,393.1,3786.01
441,1,2024-03-16,406.6,5526.69
442,1,2024-03-17,385.7,5779.3
443,1,2024-03-18,422.6,4569.97
444,1,2024-03-19,362.7,4119.42
445,1,2024-03-20,413.0,6149.57
446,1,2024-03-21,394.0,5270.47
447,1,2024-03-22,331.2,4359.66
448,1,2024-03-23,328.8,3179.68
449,1,2024-03-24,374.6,3749.96
450,1,2024-03-25,358.7,3613.78
451,1,2024-03-26,323.2,4123.3
452,1,2024-03-27,346.0,3296.8
453,1,2024-03-28,378.7,5360.76
454,1,2024-03-29,358.0,5231.26
455,1,2024-03-30,456.5,4186.1
456,1,2024-03-31,363.0,5422.96
457,1,2024-04-01,420.6,4873.95
458,1,2024-04-02,434.8,4180.73
459,1,2024-04-03,367.6,3420.25
460,1,2024-04-04,365.0,4911.7
461,1,2024-04-05,368.2,5443.46
462,1,2024-04-06,378.5,5369.51
463,1,2024-04-07,372.0,4950.72
464,1,2024-04-08,346.8,4464.61
465,1,2024-04-09,394.5,3776.02
466,1,2024-04-10,371.9,3557.49
467,1,2024-04-11,457.8,5521.29
468,1,2024-04-12,413.1,3569.75
469,1,2024-04-13,372.2,3315.41
470,1,2024-04-14,402.0,5716.58
471,1,2024-04-15,400.7,4750.55
472,1,2024-04-16,417.6,3595.5
473,1,2024-04-17,328.6,3226.15
474,1,2024-04-18,344.0,4494.12
475,1,2024-04-19,357.1,3407.02
476,1,2024-04-20,383.2,4898.88
477,1,2024-04-21,274.0,3328.76
478,1,2024-04-22,356.1,4904.48
479,1,2024-04-23,425.1,5083.8
480,1,2024-04-24,347.8,3432.86
481,1,2024-04-25,390.9,4929.51
482,1,2024-04-26,393.0,5483.76
483,1,2024-04-27,396.1,5489.76
484,1,2024-04-28,405.8,5227.89
485,1,2024-04-29,415.0,5507.01
486,1,2024-04-30,431.5,3930.67
487,1,2024-05-01,371.6,4907.3
488,1,2024-05-02,357.1,3258.22
489,1,2024-05-03,396.4,4579.2
490,1,2024-05-04,395.8,3184.16
491,1,2024-05-05,408.9,6079.8
492,1,2024-05-06,336.4,4178.42
493,1,2024-05-07,406.8,4792.58
494,1,2024-05-08,340.7,4585.29
495,1,2024-05-09,391.5,4615.36
496,1,2024-05-10,370.5,5461.23
497,1,2024-05-11,421.1,6116.0
498,1,2024-05-12,337.7,2944.27
499,1,2024-05-13,388.6,3292.98
500,1,2024-05-14,395.9,4000.89
501,1,2024-05-15,371.6,4487.0
502,1,2024-05-16,388.5,4048.32
503,1,2024-05-17,367.9,5187.17
504,1,2024-05-18,387.0,5732.56
505,1,2024-05-19,394.5,3223.58
506,1,2024-05-20,366.4,2987.69
507,1,2024-05-21,378.8,5072.68
508,1,2024-05-22,318.9,4076.16
509,1,2024-05-23,329.4,4933.78
510,1,2024-05-24,370.0,4064.25
511,1,2024-05-25,344.1,4667.7
512,1,2024-05-26,377.2,4849.09
513,1,2024-05-27,418.0,4143.87
514,1,2024-05-28,423.9,6213.33
515,1,2024-05-29,375.7,5487.61
516,1,2024-05-30,346.6,3791.58
517,1,2024-05-31,344.1,3413.25
518,1,2024-06-01,434.9,6474.05
519,1,2024-06-02,410.9,3948.33
520,1,2024-06-03,376.1,3570.08
521,1,2024-06-04,384.9,4072.47
522,1,2024-06-05,375.4,5274.11
523,1,2024-06-06,398.5,3705.09
524,1,2024-06-07,381.6,5373.5
525,1,2024-06-08,404.8,5631.77
526,1,2024-06-09,405.2,5400.39
527,1,2024-06-10,352.8,2902.64
528,1,2024-06-11,392.6,5671.8
529,1,2024-06-12,421.7,4795.18
530,1,2024-06-13,397.9,3509.67
531,1,2024-06-14,394.2,4340.87
532,1,2024-06-15,358.6,3371.85
533,1,2024-06-16,359.1,4335.32
534,1,2024-06-17,381.9,3774.21
535,1,2024-06-18,362.4,4053.64
536,1,2024-06-19,413.6,3342.5
537,1,2024-06-20,376.8,4280.74
538,1,2024-06-21,360.6,4399.67
539,1,2024-06-22,414.4,5810.52
540,1,2024-06-23,347.8,4681.51
541,1,2024-06-24,381.4,3331.69
542,1,2024-06-25,364.2,3530.94
543,1,2024-06-26,457.7,5911.97
544,1,2024-06-27,381.4,4545.7
545,1,2024-06-28,354.6,3706.8
546,1,2024-06-29,383.3,3155.36
547,1,2024-06-30,376.5,3361.34
548,1,2024-07-01,359.0,4298.83
549,1,2024-07-02,413.1,3883.86
550,1,2024-07-03,401.6,3683.78
551,1,2024-07-04,390.7,5057.25
552,1,2024-07-05,356.9,2933.9
553,1,2024-07-06,438.9,6187.48
554,1,2024-07-07,393.2,5110.96
555,1,2024-07-08,363.7,4984.09
556,1,2024-07-09,416.1,3562.48
557,1,2024-07-10,385.5,5289.22
558,1,2024-07-11,411.7,4597.5
559,1,2024-07-12,394.5,5175.74
560,1,2024-07-13,450.4,3860.89
561,1,2024-07-14,349.4,4726.2
562,1,2024-07-15,365.1,4604.75
563,1,2024-07-16,475.0,6191.08
564,1,2024-07-17,378.7,3635.23
565,1,2024-07-18,346.3,4418.85
566,1,2024-07-19,399.4,3397.4
567,1,2024-07-20,416.0,5445.29
568,1,2024-07-21,378.2,4991.56
569,1,2024-07-22,323.0,3423.19
570,1,2024-07-23,353.3,5268.56
571,1,2024-07-24,332.5,4348.0
572,1,2024-07-25,444.5,5070.44
573,1,2024-07-26,330.2,4011.0
574,1,2024-07-27,363.5,5229.97
575,1,2024-07-28,398.3,4946.92
576,1,2024-07-29,342.1,4492.13
577,1,2024-07-30,394.1,5660.65
578,1,2024-07-31,359.9,3331.92
579,1,2024-08-01,391.6,4482.46
580,1,2024-08-02,372.3,3622.28
581,1,2024-08-03,376.5,4368.48
582,1,2024-08-04,414.8,4361.28
583,1,2024-08-05,345.0,3704.77
584,1,2024-08-06,391.4,5786.85
585,1,2024-08-07,406.7,4179.4
586,1,2024-08-08,342.1,4589.48
587,1,2024-08-09,332.4,2829.89
588,1,2024-08-10,372.7,3424.44
589,1,2024-08-11,315.4,4352.77
590,1,2024-08-12,389.2,4287.63
591,1,2024-08-13,401.6,5199.72
592,1,2024-08-14,337.4,3093.86
593,1,2024-08-15,407.8,4617.19
594,1,2024-08-16,419.6,5835.96
595,1,2024-08-17,392.5,5525.88
596,1,2024-08-18,421.9,3983.42
597,1,2024-08-19,370.8,3114.6
598,1,2024-08-20,363.7,4262.35
599,1,2024-08-21,376.9,5479.39
600,1,2024-08-22,348.5,3559.07
601,1,2024-08-23,362.5,3276.32
602,1,2024-08-24,381.3,5683.4
603,1,2024-08-25,385.3,5423.84
604,1,2024-08-26,395.2,4419.23
605,1,2024-08-27,314.9,3988.75
606,1,2024-08-28,473.3,4248.75
607,1,2024-08-29,351.4,4467.39
608,1,2024-08-30,401.1,5932.26
609,1,2024-08-31,389.5,4326.28
610,1,2024-09-01,360.4,5072.81
611,1,2024-09-02,398.0,5519.05
612,1,2024-09-03,351.9,5142.72
613,1,2024-09-04,379.8,4680.87
614,1,2024-09-05,443.7,6248.71
615,1,2024-09-06,366.6,5321.89
616,1,2024-09-07,382.8,4910.34
617,1,2024-09-08,346.8,4374.29
618,1,2024-09-09,401.7,4320.84
619,1,2024-09-10,356.4,4492.14
620,1,2024-09-11,389.9,5847.59
621,1,2024-09-12,412.2,5555.12
622,1,2024-09-13,372.6,4460.23
623,1,2024-09-14,398.3,4313.24
624,1,2024-09-15,391.7,4030.48
625,1,2024-09-16,413.4,5513.57
626,1,2024-09-17,398.4,5412.4
627,1,2024-09-18,421.0,3722.52
628,1,2024-09-19,372.2,4396.7
629,1,2024-09-20,340.3,4378.54
630,1,2024-09-21,328.7,3524.07
631,1,2024-09-22,331.6,3519.0
632,1,2024-09-23,370.8,3556.65
633,1,2024-09-24,385.7,4889.65
634,1,2024-09-25,358.3,4420.49
635,1,2024-09-26,309.6,4347.94
636,1,2024-09-27,358.8,4174.44
637,1,2024-09-28,366.0,3802.26
638,1,2024-09-29,379.6,4047.41
639,1,2024-09-30,425.7,4995.48
640,1,2024-10-01,322.9,3956.9
641,1,2024-10-02,401.6,5231.31
642,1,2024-10-03,398.3,5850.1
643,1,2024-10-04,372.2,5393.12
644,1,2024-10-05,392.5,3305.31
645,1,2024-10-06,374.2,3259.1
646,1,2024-10-07,397.5,4531.81
647,1,2024-10-08,352.7,3580.36
648,1,2024-10-09,349.1,4755.35
649,1,2024-10-10,319.9,3926.21
650,1,2024-10-11,392.5,5107.58
651,1,2024-10-12,361.0,3196.29
652,1,2024-10-13,330.1,3059.3
653,1,2024-10-14,349.5,4080.68
654,1,2024-10-15,397.3,5149.87
655,1,2024-10-16,385.0,3771.1
656,1,2024-10-17,350.4,5165.56
657,1,2024-10-18,423.8,5022.88
658,1,2024-10-19,377.5,3134.7
659,1,2024-10-20,394.7,4819.53
660,1,2024-10-21,384.2,5276.68
661,1,2024-10-22,370.9,3517.47
662,1,2024-10-23,392.4,4817.36
663,1,2024-10-24,415.9,5947.41
664,1,2024-10-25,370.3,3878.29
665,1,2024-10-26,403.2,4001.32
666,1,2024-10-27,357.7,4920.87
667,1,2024-10-28,436.9,3787.27
668,1,2024-10-29,353.6,4373.24
669,1,2024-10-30,449.5,4124.85
670,1,2024-10-31,340.7,4483.01
671,1,2024-11-01,368.5,3194.61
672,1,2024-11-02,393.8,3215.88
673,1,2024-11-03,418.1,4944.36
674,1,2024-11-04,430.6,4143.74
675,1,2024-11-05,425.4,4882.55
676,1,2024-11-06,326.5,4869.79
677,1,2024-11-07,392.5,4251.01
678,1,2024-11-08,355.2,3906.04
679,1,2024-11-09,410.1,6126.96
680,1,2024-11-10,414.1,3685.26
681,1,2024-11-11,388.9,4685.94
682,1,2024-11-12,362.6,3596.54
683,1,2024-11-13,344.8,3614.71
684,1,2024-11-14,357.0,3029.29
685,1,2024-11-15,355.5,4835.09
686,1,2024-11-16,380.4,3665.07
687,1,2024-11-17,411.7,5169.32
688,1,2024-11-18,382.7,4489.02
689,1,2024-11-19,342.4,4343.49
690,1,2024-11-20,340.4,5092.63
691,1,2024-11-21,401.1,5259.6
692,1,2024-11-22,440.4,4957.1
693,1,2024-11-23,382.2,5619.51
694,1,2024-11-24,357.7,3300.84
695,1,2024-11-25,348.0,4088.95
696,1,2024-11-26,398.9,3461.05
697,1,2024-11-27,428.9,4474.34
698,1,2024-11-28,369.4,4674.72
699,1,2024-11-29,362.3,3284.52
700,1,2024-11-30,334.8,5004.08
701,1,2024-12-01,381.3,5297.8
702,1,2024-12-02,403.5,4699.51
703,1,2024-12-03,355.4,4722.24
704,1,2024-12-04,386.0,3433.3
705,1,2024-12-05,394.8,5116.54
706,1,2024-12-06,397.2,3278.23
707,1,2024-12-07,345.2,3632.05
708,1,2024-12-08,350.9,3022.36
709,1,2024-12-09,381.6,3868.73
710,1,2024-12-10,401.1,4323.21
711,1,2024-12-11,446.6,5184.64
712,1,2024-12-12,343.2,4954.45
713,1,2024-12-13,386.7,5397.78
714,1,2024-12-14,378.7,3582.26
715,1,2024-12-15,364.9,5162.25
716,1,2024-12-16,415.4,5846.89
717,1,2024-12-17,396.6,4018.16
718,1,2024-12-18,397.5,3405.25
719,1,2024-12-19,341.3,4390.61
720,1,2024-12-20,367.5,3830.56
721,1,2024-12-21,380.2,5230.4
722,1,2024-12-22,383.9,3427.69
723,1,2024-12-23,456.1,6090.02
724,1,2024-12-24,369.1,3404.56
725,1,2024-12-25,299.1,2699.37
726,1,2024-12-26,380.5,4023.04
727,1,2024-12-27,394.4,4349.72
728,1,2024-12-28,380.2,3871.03
729,1,2024-12-29,287.6,2513.81
730,1,2024-12-30,387.6,4839.99
731,1,2024-12-31,395.4,4962.59
732,2,2023-01-01,328.4,2768.64
733,2,2023-01-02,359.7,3024.31
734,2,2023-01-03,409.6,6129.41
735,2,2023-01-04,370.3,5512.09
736,2,2023-01-05,356.1,3444.52
737,2,2023-01-06,347.9,4469.33
738,2,2023-01-07,357.0,3011.87
739,2,2023-01-08,370.6,5075.88
740,2,2023-01-09,365.9,4503.32
741,2,2023-01-10,393.6,4601.17
742,2,2023-01-11,322.3,3539.93
743,2,2023-01-12,325.8,3444.67
744,2,2023-01-13,359.2,3914.66
745,2,2023-01-14,381.6,5107.69
746,2,2023-01-15,387.9,3133.54
747,2,2023-01-16,348.8,2837.42
748,2,2023-01-17,289.8,2845.6
749,2,2023-01-18,349.7,4107.59
750,2,2023-01-19,377.1,3584.98
751,2,2023-01-20,365.2,3201.88
752,2,2023-01-21,382.6,4527.89
753,2,2023-01-22,400.6,3479.98
754,2,2023-01-23,360.9,4120.85
755,2,2023-01-24,352.6,4640.23
756,2,2023-01-25,339.6,3848.54
757,2,2023-01-26,325.3,3648.95
758,2,2023-01-27,318.2,4294.62
759,2,2023-01-28,345.9,4432.99
760,2,2023-01-29,395.9,4379.8
761,2,2023-01-30,385.3,3185.79
762,2,2023-01-31,351.1,5025.26
763,2,2023-02-01,428.5,5406.31
764,2,2023-02-02,347.6,4959.15
765,2,2023-02-03,403.5,3415.88
766,2,2023-02-04,411.0,4779.94
767,2,2023-02-05,378.8,4388.24
768,2,2023-02-06,345.4,4408.32
769,2,2023-02-07,354.6,3013.36
770,2,2023-02-08,370.6,2996.6
771,2,2023-02-09,325.8,3403.68
772,2,2023-02-10,336.8,4520.07
773,2,2023-02-11,334.5,3083.92
774,2,2023-02-12,380.9,3309.32
775,2,2023-02-13,399.9,3940.72
776,2,2023-02-14,386.2,3145.99
777,2,2023-02-15,394.3,4878.09
778,2,2023-02-16,342.9,3660.19
779,2,2023-02-17,355.6,4375.84
780,2,2023-02-18,357.7,4801.15
781,2,2023-02-19,378.4,3138.06
782,2,2023-02-20,428.4,6331.38
783,2,2023-02-21,346.1,5143.54
784,2,2023-02-22,392.1,4789.12
785,2,2023-02-23,409.7,5605.59
786,2,2023-02-24,379.8,4783.58
787,2,2023-02-25,354.2,5134.9
788,2,2023-02-26,340.3,3257.53
789,2,2023-02-27,334.3,3702.3
790,2,2023-02-28,307.3,3776.47
791,2,2023-03-01,358.3,5091.49
792,2,2023-03-02,356.7,4466.06
793,2,2023-03-03,390.0,5471.18
794,2,2023-03-04,347.7,4841.76
795,2,2023-03-05,359.8,4780.67
796,2,2023-03-06,373.0,4186.4
797,2,2023-03-07,379.1,5092.93
798,2,2023-03-08,386.2,4863.43
799,2,2023-03-09,370.0,5509.7
800,2,2023-03-10,326.7,4756.86
801,2,2023-03-11,376.3,5164.84
802,2,2023-03-12,345.5,3280.65
803,2,2023-03-13,400.8,5262.83
804,2,2023-03-14,365.2,4307.57
805,2,2023-03-15,371.6,3746.67
806,2,2023-03-16,440.7,5268.6
807,2,2023-03-17,386.6,4814.21
808,2,2023-03-18,375.6,5006.48
809,2,2023-03-19,360.4,2906.79
810,2,2023-03-20,328.6,3196.14
811,2,2023-03-21,358.3,4873.06
812,2,2023-03-22,339.5,3200.86
813,2,2023-03-23,413.3,5088.2
814,2,2023-03-24,375.9,3502.1
815,2,2023-03-25,399.4,4744.44
816,2,2023-03-26,346.5,2784.41
817,2,2023-03-27,341.3,5019.6
818,2,2023-03-28,383.3,4053.22
819,2,2023-03-29,338.3,3429.84
820,2,2023-03-30,351.4,4968.03
821,2,2023-03-31,414.8,5891.35
822,2,2023-04-01,352.5,4283.32
823,2,2023-04-02,322.7,4152.29
824,2,2023-04-03,312.6,2507.87
825,2,2023-04-04,319.5,4331.8
826,2,2023-04-05,401.1,3469.79
827,2,2023-04-06,347.9,4347.98
828,2,2023-04-07,439.0,3711.16
829,2,2023-04-08,409.2,4879.71
830,2,2023-04-09,422.8,5168.22
831,2,2023-04-10,394.0,3896.21
832,2,2023-04-11,381.3,5253.22
833,2,2023-04-12,340.0,2859.55
834,2,2023-04-13,363.9,3762.2
835,2,2023-04-14,384.3,5196.26
836,2,2023-04-15,391.9,4554.12
837,2,2023-04-16,330.5,3402.98
838,2,2023-04-17,358.2,3953.97
839,2,2023-04-18,361.4,4405.07
840,2,2023-04-19,360.3,4737.49
841,2,2023-04-20,333.8,4157.29
842,2,2023-04-21,418.1,5644.0
843,2,2023-04-22,357.1,4956.73
844,2,2023-04-23,335.7,3587.22
845,2,2023-04-24,418.9,3892.33
846,2,2023-04-25,408.9,4308.09
847,2,2023-04-26,367.8,3711.75
848,2,2023-04-27,311.9,4548.99
849,2,2023-04-28,350.0,4938.39
850,2,2023-04-29,316.9,4403.52
851,2,2023-04-30,378.7,4243.74
852,2,2023-05-01,348.0,3960.54
853,2,2023-05-02,362.8,4011.54
854,2,2023-05-03,415.5,5445.14
855,2,2023-05-04,345.9,4244.83
856,2,2023-05-05,377.2,3375.4
857,2,2023-05-06,385.9,5671.76
858,2,2023-05-07,399.4,3388.03
859,2,2023-05-08,360.5,3544.68
860,2,2023-05-09,357.5,3477.84
861,2,2023-05-10,356.8,3533.51
862,2,2023-05-11,374.2,4982.19
863,2,2023-05-12,407.1,3442.95
864,2,2023-05-13,355.4,4056.43
865,2,2023-05-14,292.4,3049.71
866,2,2023-05-15,389.2,5565.18
867,2,2023-05-16,365.3,5317.39
868,2,2023-05-17,378.4,3165.51
869,2,2023-05-18,317.5,4164.36
870,2,2023-05-19,347.7,5170.71
871,2,2023-05-20,386.5,3627.73
872,2,2023-05-21,326.5,3903.76
873,2,2023-05-22,376.8,4619.91
874,2,2023-05-23,362.1,3782.87
875,2,2023-05-24,341.6,4767.23
876,2,2023-05-25,339.4,4048.5
877,2,2023-05-26,333.4,4673.99
878,2,2023-05-27,364.9,4765.3
879,2,2023-05-28,368.2,4346.82
880,2,2023-05-29,352.3,3019.89
881,2,2023-05-30,331.6,3037.85
882,2,2023-05-31,277.5,4056.48
883,2,2023-06-01,375.8,4222.09
884,2,2023-06-02,389.4,4237.89
885,2,2023-06-03,381.1,3214.66
886,2,2023-06-04,423.2,4903.41
887,2,2023-06-05,357.5,2990.4
888,2,2023-06-06,403.1,5443.93
889,2,2023-06-07,343.9,3148.12
890,2,2023-06-08,339.4,3500.13
891,2,2023-06-09,366.4,3456.79
892,2,2023-06-10,410.4,5804.61
893,2,2023-06-11,354.2,5276.32
894,2,2023-06-12,317.0,4248.96
895,2,2023-06-13,388.6,4574.15
896,2,2023-06-14,360.4,4139.55
897,2,2023-06-15,371.4,5109.16
898,2,2023-06-16,340.7,3632.52
899,2,2023-06-17,366.0,3663.41
900,2,2023-06-18,320.5,4343.14
901,2,2023-06-19,417.5,5671.5
902,2,2023-06-20,394.2,4246.5
903,2,2023-06-21,364.6,3319.63
904,2,2023-06-22,387.5,4988.0
905,2,2023-06-23,343.7,4811.84
906,2,2023-06-24,392.7,5632.17
907,2,2023-06-25,352.7,3276.41
908,2,2023-06-26,350.7,4999.7
909,2,2023-06-27,334.5,3706.95
910,2,2023-06-28,374.8,4613.22
911,2,2023-06-29,363.1,5363.38
912,2,2023-06-30,403.7,4410.69
913,2,2023-07-01,331.3,4695.3
914,2,2023-07-02,374.9,4121.07
915,2,2023-07-03,397.1,5176.47
916,2,2023-07-04,438.1,6235.56
917,2,2023-07-05,368.0,3426.69
918,2,2023-07-06,351.9,4929.7
919,2,2023-07-07,367.2,4763.11
920,2,2023-07-08,400.8,4088.54
921,2,2023-07-09,400.8,4494.75
922,2,2023-07-10,358.7,3768.45
923,2,2023-07-11,400.2,4140.2
924,2,2023-07-12,361.5,3331.62
925,2,2023-07-13,386.8,3366.48
926,2,2023-07-14,378.1,3659.95
927,2,2023-07-15,350.6,3910.38
928,2,2023-07-16,335.1,4436.95
929,2,2023-07-17,397.7,4162.56
930,2,2023-07-18,406.6,5647.51
931,2,2023-07-19,373.8,4650.21
932,2,2023-07-20,361.3,3209.66
933,2,2023-07-21,327.5,4192.86
934,2,2023-07-22,396.7,3367.29
935,2,2023-07-23,370.2,3550.65
936,2,2023-07-24,354.3,4910.89
937,2,2023-07-25,387.4,4981.75
938,2,2023-07-26,322.5,3736.97
939,2,2023-07-27,332.6,2737.83
940,2,2023-07-28,342.0,3463.6
941,2,2023-07-29,376.9,5313.24
942,2,2023-07-30,367.1,4904.8
943,2,2023-07-31,380.4,3735.94
944,2,2023-08-01,394.3,5657.66
945,2,2023-08-02,381.4,3347.81
946,2,2023-08-03,417.3,4644.83
947,2,2023-08-04,394.1,4661.02
948,2,2023-08-05,358.2,3818.94
949,2,2023-08-06,346.0,4559.86
950,2,2023-08-07,359.0,5178.97
951,2,2023-08-08,382.4,3841.34
952,2,2023-08-09,348.8,5014.84
953,2,2023-08-10,383.2,3114.0
954,2,2023-08-11,379.6,5594.85
955,2,2023-08-12,334.2,4613.2
956,2,2023-08-13,393.3,3921.63
957,2,2023-08-14,372.3,3229.58
958,2,2023-08-15,415.3,4025.63
959,2,2023-08-16,360.9,3648.2
960,2,2023-08-17,352.6,4297.21
961,2,2023-08-18,330.6,4364.28
962,2,2023-08-19,330.1,2752.33
963,2,2023-08-20,389.2,5544.66
964,2,2023-08-21,411.4,3825.35
965,2,2023-08-22,358.3,4859.03
966,2,2023-08-23,356.4,2937.5
967,2,2023-08-24,363.4,3068.68
968,2,2023-08-25,395.3,5462.89
969,2,2023-08-26,334.1,2892.37
970,2,2023-08-27,368.2,5290.35
971,2,2023-08-28,389.8,5516.41
972,2,2023-08-29,375.9,4511.37
973,2,2023-08-30,282.0,2881.95
974,2,2023-08-31,381.0,4207.16
975,2,2023-09-01,376.1,5358.66
976,2,2023-09-02,401.3,4456.35
977,2,2023-09-03,408.3,4957.62
978,2,2023-09-04,399.6,5161.96
979,2,2023-09-05,363.3,3171.18
980,2,2023-09-06,314.1,3358.59
981,2,2023-09-07,424.6,6221.75
982,2,2023-09-08,355.9,4342.99
983,2,2023-09-09,362.3,4506.01
984,2,2023-09-10,410.6,3488.6
985,2,2023-09-11,339.2,3835.49
986,2,2023-09-12,322.3,2681.14
987,2,2023-09-13,348.3,5155.54
988,2,2023-09-14,340.6,3514.86
989,2,2023-09-15,319.7,3924.26
990,2,2023-09-16,358.4,3571.44
991,2,2023-09-17,363.2,2919.87
992,2,2023-09-18,318.1,2562.05
993,2,2023-09-19,351.7,4789.84
994,2,2023-09-20,338.7,4066.31
995,2,2023-09-21,305.8,4441.42
996,2,2023-09-22,364.1,3924.54
997,2,2023-09-23,366.9,3227.94
998,2,2023-09-24,338.7,3527.7
999,2,2023-09-25,392.2,4492.19
1000,2,2023-09-26,361.3,4666.02
1001,2,2023-09-27,339.9,3722.61
1002,2,2023-09-28,316.3,3440.21
1003,2,2023-09-29,368.4,4514.88
1004,2,2023-09-30,375.5,3816.73
1005,2,2023-10-01,346.4,3395.81
1006,2,2023-10-02,364.8,3070.55
1007,2,2023-10-03,407.7,3588.39
1008,2,2023-10-04,386.7,4133.04
1009,2,2023-10-05,297.5,2631.64
1010,2,2023-10-06,339.4,3710.35
1011,2,2023-10-07,356.6,3052.75
1012,2,2023-10-08,362.7,3801.81
1013,2,2023-10-09,365.3,4658.06
1014,2,2023-10-10,373.3,3932.13
1015,2,2023-10-11,357.5,4451.25
1016,2,2023-10-12,360.9,5194.03
1017,2,2023-10-13,388.2,5073.03
1018,2,2023-10-14,368.7,3260.63
1019,2,2023-10-15,326.8,2640.95
1020,2,2023-10-16,363.4,3980.97
1021,2,2023-10-17,356.5,4291.88
1022,2,2023-10-18,305.1,2534.21
1023,2,2023-10-19,364.9,3795.34
1024,2,2023-10-20,330.1,4325.3
1025,2,2023-10-21,388.5,4991.56
1026,2,2023-10-22,372.6,4102.46
1027,2,2023-10-23,325.2,3298.39
1028,2,2023-10-24,387.0,5233.26
1029,2,2023-10-25,400.8,5514.22
1030,2,2023-10-26,352.7,4939.1
1031,2,2023-10-27,356.1,3643.51
1032,2,2023-10-28,383.7,4633.82
1033,2,2023-10-29,398.2,5151.98
1034,2,2023-10-30,311.3,3990.28
1035,2,2023-10-31,328.0,3612.46
1036,2,2023-11-01,347.9,3130.38
1037,2,2023-11-02,350.9,3186.42
1038,2,2023-11-03,382.7,3129.84
1039,2,2023-11-04,398.2,4135.27
1040,2,2023-11-05,400.7,3406.79
1041,2,2023-11-06,310.5,3956.09
1042,2,2023-11-07,336.2,4115.29
1043,2,2023-11-08,323.6,4827.47
1044,2,2023-11-09,342.4,3827.49
1045,2,2023-11-10,336.0,3830.5
1046,2,2023-11-11,372.1,3048.82
1047,2,2023-11-12,375.7,4015.97
1048,2,2023-11-13,359.9,2977.18
1049,2,2023-11-14,357.1,3256.57
1050,2,2023-11-15,348.8,2847.47
1051,2,2023-11-16,352.0,3529.12
1052,2,2023-11-17,406.4,5811.88
1053,2,2023-11-18,380.0,4643.67
1054,2,2023-11-19,349.8,4822.48
1055,2,2023-11-20,356.4,3812.96
1056,2,2023-11-21,372.6,3868.9
1057,2,2023-11-22,324.5,3854.25
1058,2,2023-11-23,363.7,4288.32
1059,2,2023-11-24,378.1,4190.98
1060,2,2023-11-25,374.1,3784.57
1061,2,2023-11-26,336.4,2826.56
1062,2,2023-11-27,341.2,3547.73
1063,2,2023-11-28,301.4,3636.19
1064,2,2023-11-29,381.3,3421.56
1065,2,2023-11-30,420.1,4798.15
1066,2,2023-12-01,332.4,3594.06
1067,2,2023-12-02,391.5,4833.37
1068,2,2023-12-03,416.6,3920.06
1069,2,2023-12-04,345.6,3915.65
1070,2,2023-12-05,356.1,4202.84
1071,2,2023-12-06,366.6,4302.16
1072,2,2023-12-07,372.9,5254.0
1073,2,2023-12-08,368.2,3267.31
1074,2,2023-12-09,347.7,4714.53
1075,2,2023-12-10,377.3,5512.29
1076,2,2023-12-11,348.3,3149.16
1077,2,2023-12-12,370.1,4213.64
1078,2,2023-12-13,358.2,5031.18
1079,2,2023-12-14,307.1,3071.61
1080,2,2023-12-15,396.0,3731.23
1081,2,2023-12-16,341.6,3955.12
1082,2,2023-12-17,399.2,4569.85
1083,2,2023-12-18,389.9,5795.95
1084,2,2023-12-19,365.5,3966.77
1085,2,2023-12-20,374.2,4495.88
1086,2,2023-12-21,377.8,5550.94
1087,2,2023-12-22,353.1,4935.84
1088,2,2023-12-23,354.5,3925.2
1089,2,2023-12-24,376.2,4660.16
1090,2,2023-12-25,272.7,3950.63
1091,2,2023-12-26,358.3,4590.92
1092,2,2023-12-27,347.4,4536.99
1093,2,2023-12-28,336.2,3393.69
1094,2,2023-12-29,370.7,3896.2
1095,2,2023-12-30,340.4,3225.17
1096,2,2023-12-31,384.0,5645.19
1097,2,2024-01-01,386.6,3890.17
1098,2,2024-01-02,373.7,3027.07
1099,2,2024-01-03,379.9,5008.23
1100,2,2024-01-04,373.8,3363.77
1101,2,2024-01-05,382.1,4817.64
1102,2,2024-01-06,380.7,5087.03
1103,2,2024-01-07,368.9,3179.75
1104,2,2024-01-08,389.9,4450.01
1105,2,2024-01-09,353.8,3838.26
1106,2,2024-01-10,336.7,2849.26
1107,2,2024-01-11,335.3,4579.38
1108,2,2024-01-12,349.5,5113.98
1109,2,2024-01-13,303.0,2587.15
1110,2,2024-01-14,364.7,4195.47
1111,2,2024-01-15,377.7,3154.58
1112,2,2024-01-16,385.9,3283.72
1113,2,2024-01-17,311.3,2996.89
1114,2,2024-01-18,336.0,3349.2
1115,2,2024-01-19,382.6,3922.11
1116,2,2024-01-20,352.6,3997.25
1117,2,2024-01-21,376.9,5598.12
1118,2,2024-01-22,322.0,3936.21
1119,2,2024-01-23,398.1,3527.34
1120,2,2024-01-24,319.9,4549.43
1121,2,2024-01-25,269.8,3264.97
1122,2,2024-01-26,363.6,4498.79
1123,2,2024-01-27,364.3,3531.53
1124,2,2024-01-28,343.8,4468.14
1125,2,2024-01-29,372.1,4415.75
1126,2,2024-01-30,372.9,4341.23
1127,2,2024-01-31,369.6,3658.89
1128,2,2024-02-01,343.2,3938.6
1129,2,2024-02-02,337.7,4190.04
1130,2,2024-02-03,346.1,2900.06
1131,2,2024-02-04,333.9,2671.83
1132,2,2024-02-05,390.8,4524.92
1133,2,2024-02-06,348.4,4833.89
1134,2,2024-02-07,362.5,2909.73
1135,2,2024-02-08,382.1,3902.72
1136,2,2024-02-09,332.5,2897.42
1137,2,2024-02-10,318.5,4426.73
1138,2,2024-02-11,333.9,3403.51
1139,2,2024-02-12,365.5,4034.45
1140,2,2024-02-13,363.5,5223.47
1141,2,2024-02-14,369.3,3184.82
1142,2,2024-02-15,354.8,4544.39
1143,2,2024-02-16,286.4,3559.31
1144,2,2024-02-17,353.8,4573.94
1145,2,2024-02-18,386.0,5698.36
1146,2,2024-02-19,393.9,5249.79
1147,2,2024-02-20,360.3,3634.08
1148,2,2024-02-21,363.5,3175.73
1149,2,2024-02-22,375.7,3132.24
1150,2,2024-02-23,392.9,4133.34
1151,2,2024-02-24,357.6,3944.4
1152,2,2024-02-25,375.2,4203.74
1153,2,2024-02-26,341.5,3615.62
1154,2,2024-02-27,321.8,2692.48
1155,2,2024-02-28,344.3,4735.51
1156,2,2024-02-29,400.0,5581.65
1157,2,2024-03-01,375.7,4247.86
1158,2,2024-03-02,324.1,4590.11
1159,2,2024-03-03,377.1,4620.98
1160,2,2024-03-04,326.1,3282.44
1161,2,2024-03-05,368.4,4852.44
1162,2,2024-03-06,331.0,3379.19
1163,2,2024-03-07,322.6,4190.77
1164,2,2024-03-08,405.5,3809.07
1165,2,2024-03-09,347.7,3676.95
1166,2,2024-03-10,375.0,3152.33
1167,2,2024-03-11,358.5,3539.51
1168,2,2024-03-12,327.9,4541.38
1169,2,2024-03-13,350.6,4014.01
1170,2,2024-03-14,328.1,3553.61
1171,2,2024-03-15,427.9,3452.61
1172,2,2024-03-16,380.2,4276.44
1173,2,2024-03-17,357.8,4559.85
1174,2,2024-03-18,373.2,3800.11
1175,2,2024-03-19,378.1,4404.36
1176,2,2024-03-20,378.1,5608.73
1177,2,2024-03-21,376.8,3331.47
1178,2,2024-03-22,374.4,3691.32
1179,2,2024-03-23,360.0,3757.64
1180,2,2024-03-24,402.4,4266.27
1181,2,2024-03-25,361.8,5040.28
1182,2,2024-03-26,358.5,2927.13
1183,2,2024-03-27,362.1,4874.22
1184,2,2024-03-28,364.1,4080.13
1185,2,2024-03-29,310.1,2623.11
1186,2,2024-03-30,332.7,3192.77
1187,2,2024-03-31,353.9,4682.54
1188,2,2024-04-01,308.8,3494.22
1189,2,2024-04-02,357.5,5268.91
1190,2,2024-04-03,363.6,3101.19
1191,2,2024-04-04,319.9,2997.94
1192,2,2024-04-05,338.8,3043.91
1193,2,2024-04-06,394.3,4750.64
1194,2,2024-04-07,373.1,3368.52
1195,2,2024-04-08,371.3,3979.58
1196,2,2024-04-09,390.1,4961.69
1197,2,2024-04-10,333.0,4802.06
1198,2,2024-04-11,319.9,3209.31
1199,2,2024-04-12,385.6,4994.68
1200,2,2024-04-13,354.4,2989.65
1201,2,2024-04-14,332.2,2969.55
1202,2,2024-04-15,417.8,6143.7
1203,2,2024-04-16,309.5,3560.65
1204,2,2024-04-17,362.0,4617.77
1205,2,2024-04-18,351.0,4790.38
1206,2,2024-04-19,346.1,3881.91
1207,2,2024-04-20,291.7,2423.54
1208,2,2024-04-21,401.4,3676.73
1209,2,2024-04-22,314.8,2628.25
1210,2,2024-04-23,348.6,4847.92
1211,2,2024-04-24,343.9,5063.01
1212,2,2024-04-25,373.6,3504.11
1213,2,2024-04-26,309.6,3423.71
1214,2,2024-04-27,369.9,4496.02
1215,2,2024-04-28,361.9,5380.74
1216,2,2024-04-29,336.9,3143.88
1217,2,2024-04-30,368.8,4905.07
1218,2,2024-05-01,356.8,3258.56
1219,2,2024-05-02,409.1,3981.02
1220,2,2024-05-03,350.7,4377.63
1221,2,2024-05-04,328.2,3924.01
1222,2,2024-05-05,370.0,4958.94
1223,2,2024-05-06,347.0,2798.06
1224,2,2024-05-07,356.1,3739.18
1225,2,2024-05-08,319.5,3275.7
1226,2,2024-05-09,373.8,5209.67
1227,2,2024-05-10,342.3,3766.02
1228,2,2024-05-11,363.9,2985.22
1229,2,2024-05-12,417.5,3686.68
1230,2,2024-05-13,348.8,3495.81
1231,2,2024-05-14,377.8,5649.31
1232,2,2024-05-15,350.7,2915.8
1233,2,2024-05-16,337.0,3621.45
1234,2,2024-05-17,394.6,5240.87
1235,2,2024-05-18,301.3,4071.25
1236,2,2024-05-19,385.4,3760.55
1237,2,2024-05-20,298.2,3756.45
1238,2,2024-05-21,382.0,3698.97
1239,2,2024-05-22,356.3,3401.02
1240,2,2024-05-23,327.9,2712.63
1241,2,2024-05-24,343.9,5039.27
1242,2,2024-05-25,375.9,4537.57
1243,2,2024-05-26,413.7,4805.33
1244,2,2024-05-27,310.0,4126.0
1245,2,2024-05-28,329.4,4697.14
1246,2,2024-05-29,316.8,4632.8
1247,2,2024-05-30,350.2,4714.08
1248,2,2024-05-31,382.7,4337.27
1249,2,2024-06-01,313.2,3801.22
1250,2,2024-06-02,355.3,3305.21
1251,2,2024-06-03,381.6,3605.83
1252,2,2024-06-04,343.3,2917.23
1253,2,2024-06-05,279.3,3820.14
1254,2,2024-06-06,361.4,5005.47
1255,2,2024-06-07,391.7,5248.26
1256,2,2024-06-08,324.2,4078.76
1257,2,2024-06-09,303.4,3330.55
1258,2,2024-06-10,364.8,3014.67
1259,2,2024-06-11,365.6,2925.15
1260,2,2024-06-12,341.2,3724.24
1261,2,2024-06-13,335.6,4971.28
1262,2,2024-06-14,356.4,3415.34
1263,2,2024-06-15,323.5,3110.22
1264,2,2024-06-16,323.6,2591.87
1265,2,2024-06-17,375.2,4950.54
1266,2,2024-06-18,321.7,4483.94
1267,2,2024-06-19,304.8,3132.12
1268,2,2024-06-20,335.4,4356.82
1269,2,2024-06-21,341.7,3620.45
1270,2,2024-06-22,368.8,5278.41
1271,2,2024-06-23,337.7,4098.11
1272,2,2024-06-24,396.8,5011.03
1273,2,2024-06-25,357.7,4637.38
1274,2,2024-06-26,331.5,3040.21
1275,2,2024-06-27,367.4,5387.99
1276,2,2024-06-28,396.2,3286.91
1277,2,2024-06-29,374.1,3769.86
1278,2,2024-06-30,311.1,4044.21
1279,2,2024-07-01,343.8,3987.24
1280,2,2024-07-02,362.4,4189.76
1281,2,2024-07-03,372.8,5141.65
1282,2,2024-07-04,349.6,4503.47
1283,2,2024-07-05,345.6,4992.74
1284,2,2024-07-06,407.5,5241.64
1285,2,2024-07-07,374.4,3713.87
1286,2,2024-07-08,367.3,5012.97
1287,2,2024-07-09,338.6,3503.78
1288,2,2024-07-10,322.7,4791.51
1289,2,2024-07-11,367.7,4813.35
1290,2,2024-07-12,377.6,4507.03
1291,2,2024-07-13,354.7,3781.92
1292,2,2024-07-14,374.4,3422.31
1293,2,2024-07-15,375.1,4010.49
1294,2,2024-07-16,379.6,3103.92
1295,2,2024-07-17,310.3,4013.41
1296,2,2024-07-18,344.3,4723.3
1297,2,2024-07-19,369.4,3088.47
1298,2,2024-07-20,356.1,4107.54
1299,2,2024-07-21,375.1,3471.67
1300,2,2024-07-22,367.0,4990.75
1301,2,2024-07-23,291.6,2601.39
1302,2,2024-07-24,386.7,5436.22
1303,2,2024-07-25,340.6,3415.92
1304,2,2024-07-26,329.3,4643.07
1305,2,2024-07-27,385.6,3760.62
1306,2,2024-07-28,372.6,4610.42
1307,2,2024-07-29,390.0,5593.41
1308,2,2024-07-30,362.1,2927.85
1309,2,2024-07-31,343.6,4069.48
1310,2,2024-08-01,358.6,3591.2
1311,2,2024-08-02,324.3,4004.55
1312,2,2024-08-03,314.8,3254.45
1313,2,2024-08-04,336.0,2848.39
1314,2,2024-08-05,399.3,5384.65
1315,2,2024-08-06,338.7,4334.1
1316,2,2024-08-07,304.3,3142.86
1317,2,2024-08-08,349.7,5110.03
1318,2,2024-08-09,338.2,4225.17
1319,2,2024-08-10,387.0,3634.86
1320,2,2024-08-11,396.7,4334.75
1321,2,2024-08-12,342.1,3402.31
1322,2,2024-08-13,361.8,3594.41
1323,2,2024-08-14,364.2,3086.08
1324,2,2024-08-15,352.7,4102.63
1325,2,2024-08-16,347.4,4573.51
1326,2,2024-08-17,327.1,4229.48
1327,2,2024-08-18,300.0,3235.46
1328,2,2024-08-19,326.9,3219.59
1329,2,2024-08-20,351.6,3473.88
1330,2,2024-08-21,311.6,3119.76
1331,2,2024-08-22,360.1,4402.25
1332,2,2024-08-23,356.0,3040.09
1333,2,2024-08-24,338.0,4121.01
1334,2,2024-08-25,346.0,4278.55
1335,2,2024-08-26,315.9,2560.52
1336,2,2024-08-27,378.2,5580.6
1337,2,2024-08-28,377.7,4889.31
1338,2,2024-08-29,320.3,3929.59
1339,2,2024-08-30,321.0,3910.86
1340,2,2024-08-31,327.0,4598.15
1341,2,2024-09-01,370.0,3484.51
1342,2,2024-09-02,363.8,4406.41
1343,2,2024-09-03,384.4,4173.95
1344,2,2024-09-04,388.0,3145.86
1345,2,2024-09-05,308.9,3444.89
1346,2,2024-09-06,368.8,5422.16
1347,2,2024-09-07,386.6,3603.22
1348,2,2024-09-08,343.9,4369.99
1349,2,2024-09-09,353.0,3052.62
1350,2,2024-09-10,348.5,4614.15
1351,2,2024-09-11,349.8,3431.59
1352,2,2024-09-12,377.8,4171.08
1353,2,2024-09-13,404.8,5045.45
1354,2,2024-09-14,394.0,3819.58
1355,2,2024-09-15,338.8,3183.11
1356,2,2024-09-16,361.2,5108.69
1357,2,2024-09-17,330.6,3271.02
1358,2,2024-09-18,333.3,3243.6
1359,2,2024-09-19,351.5,4614.8
1360,2,2024-09-20,332.5,4071.95
1361,2,2024-09-21,336.4,4932.3
1362,2,2024-09-22,360.4,4998.68
1363,2,2024-09-23,368.0,5346.82
1364,2,2024-09-24,367.2,4336.32
1365,2,2024-09-25,367.5,4850.54
1366,2,2024-09-26,317.1,4174.51
1367,2,2024-09-27,331.0,3507.35
1368,2,2024-09-28,354.4,5119.31
1369,2,2024-09-29,384.7,3801.37
1370,2,2024-09-30,422.5,4469.2
1371,2,2024-10-01,362.1,4892.8
1372,2,2024-10-02,374.3,4185.14
1373,2,2024-10-03,314.0,4062.42
1374,2,2024-10-04,373.4,4105.4
1375,2,2024-10-05,411.5,5988.68
1376,2,2024-10-06,330.7,2793.53
1377,2,2024-10-07,337.0,3743.31
1378,2,2024-10-08,378.2,3084.01
1379,2,2024-10-09,353.8,2969.55
1380,2,2024-10-10,296.8,3395.07
1381,2,2024-10-11,338.6,4261.46
1382,2,2024-10-12,395.3,3882.2
1383,2,2024-10-13,344.8,2928.64
1384,2,2024-10-14,344.8,3206.19
1385,2,2024-10-15,376.1,5151.9
1386,2,2024-10-16,362.9,4643.35
1387,2,2024-10-17,343.2,3489.87
1388,2,2024-10-18,335.0,3265.7
1389,2,2024-10-19,439.2,4610.91
1390,2,2024-10-20,389.3,4078.35
1391,2,2024-10-21,366.9,3726.01
1392,2,2024-10-22,368.8,5309.78
1393,2,2024-10-23,349.1,3658.98
1394,2,2024-10-24,362.4,4181.43
1395,2,2024-10-25,346.0,4108.4
1396,2,2024-10-26,327.8,3776.78
1397,2,2024-10-27,363.5,4629.96
1398,2,2024-10-28,343.5,4762.75
1399,2,2024-10-29,365.0,4041.74
1400,2,2024-10-30,370.4,4546.33
1401,2,2024-10-31,366.5,3391.76
1402,2,2024-11-01,325.5,4184.85
1403,2,2024-11-02,340.4,3116.67
1404,2,2024-11-03,343.9,2756.15
1405,2,2024-11-04,381.1,4422.63
1406,2,2024-11-05,379.4,3463.86
1407,2,2024-11-06,331.7,2898.41
1408,2,2024-11-07,315.6,3016.34
1409,2,2024-11-08,423.5,4115.49
1410,2,2024-11-09,365.1,3068.49
1411,2,2024-11-10,312.1,2976.3
1412,2,2024-11-11,335.9,4943.59
1413,2,2024-11-12,382.3,4170.9
1414,2,2024-11-13,413.5,4549.69
1415,2,2024-11-14,407.1,5257.99
1416,2,2024-11-15,363.7,3346.97
1417,2,2024-11-16,275.1,3877.53
1418,2,2024-11-17,352.4,4376.52
1419,2,2024-11-18,322.6,3948.12
1420,2,2024-11-19,354.7,3129.04
1421,2,2024-11-20,326.0,4187.37
1422,2,2024-11-21,340.3,3213.25
1423,2,2024-11-22,377.3,3558.17
1424,2,2024-11-23,345.3,3989.7
1425,2,2024-11-24,343.4,4652.36
1426,2,2024-11-25,350.7,2974.68
1427,2,2024-11-26,428.8,5317.14
1428,2,2024-11-27,319.5,4096.4
1429,2,2024-11-28,360.3,4990.85
1430,2,2024-11-29,403.5,5548.46
1431,2,2024-11-30,350.5,3622.19
1432,2,2024-12-01,387.8,5251.52
1433,2,2024-12-02,313.4,4382.18
1434,2,2024-12-03,346.0,4905.8
1435,2,2024-12-04,328.5,3519.97
1436,2,2024-12-05,350.1,4769.48
1437,2,2024-12-06,350.6,2969.56
1438,2,2024-12-07,353.6,5000.12
1439,2,2024-12-08,376.7,5566.32
1440,2,2024-12-09,286.1,2421.7
1441,2,2024-12-10,334.1,3550.44
1442,2,2024-12-11,358.0,4878.17
1443,2,2024-12-12,296.8,2832.03
1444,2,2024-12-13,369.9,3866.86
1445,2,2024-12-14,333.5,3530.34
1446,2,2024-12-15,346.3,3895.95
1447,2,2024-12-16,378.0,4898.95
1448,2,2024-12-17,389.0,3134.84
1449,2,2024-12-18,370.7,4221.92
1450,2,2024-12-19,318.3,2558.47
1451,2,2024-12-20,369.2,4370.37
1452,2,2024-12-21,371.2,3142.04
1453,2,2024-12-22,365.0,4917.49
1454,2,2024-12-23,394.2,5227.79
1455,2,2024-12-24,354.0,3179.67
1456,2,2024-12-25,392.8,4988.05
1457,2,2024-12-26,392.6,3607.58
1458,2,2024-12-27,371.9,3482.92
1459,2,2024-12-28,360.1,5170.8
1460,2,2024-12-29,365.0,4858.54
1461,2,2024-12-30,401.2,5706.55
1462,2,2024-12-31,382.8,4613.07
1463,3,2023-01-01,140.0,1821.52
1464,3,2023-01-02,127.3,1259.35
1465,3,2023-01-03,133.9,1297.07
1466,3,2023-01-04,129.6,1231.48
1467,3,2023-01-05,150.5,1738.36
1468,3,2023-01-06,139.1,1296.08
1469,3,2023-01-07,143.4,1531.32
1470,3,2023-01-08,135.5,1862.86
1471,3,2023-01-09,153.3,1518.64
1472,3,2023-01-10,147.6,1895.52
1473,3,2023-01-11,141.9,1767.42
1474,3,2023-01-12,140.2,1439.91
1475,3,2023-01-13,131.5,1691.93
1476,3,2023-01-14,133.9,1275.86
1477,3,2023-01-15,123.5,1560.37
1478,3,2023-01-16,147.7,2023.75
1479,3,2023-01-17,148.7,1385.17
1480,3,2023-01-18,149.2,1286.15
1481,3,2023-01-19,129.9,1432.67
1482,3,2023-01-20,156.8,1288.62
1483,3,2023-01-21,136.8,1628.68
1484,3,2023-01-22,146.1,1208.87
1485,3,2023-01-23,126.6,1808.9
1486,3,2023-01-24,153.7,2184.81
1487,3,2023-01-25,148.1,2217.31
1488,3,2023-01-26,137.2,1890.37
1489,3,2023-01-27,135.2,1627.25
1490,3,2023-01-28,147.7,1251.4
1491,3,2023-01-29,153.5,2095.32
1492,3,2023-01-30,131.3,1838.58
1493,3,2023-01-31,139.3,1241.26
1494,3,2023-02-01,134.7,1098.72
1495,3,2023-02-02,154.1,1843.1
1496,3,2023-02-03,133.6,1361.3
1497,3,2023-02-04,126.8,1026.92
1498,3,2023-02-05,148.1,1977.26
1499,3,2023-02-06,155.3,1285.04
1500,3,2023-02-07,147.4,2042.44
1501,3,2023-02-08,152.3,1884.62
1502,3,2023-02-09,163.0,2290.4
1503,3,2023-02-10,158.6,2369.11
1504,3,2023-02-11,160.0,2127.19
1505,3,2023-02-12,160.1,1717.14
1506,3,2023-02-13,134.6,1292.34
1507,3,2023-02-14,148.1,2147.42
1508,3,2023-02-15,141.9,1474.77
1509,3,2023-02-16,123.5,1848.56
1510,3,2023-02-17,141.7,2106.06
1511,3,2023-02-18,152.7,1985.4
1512,3,2023-02-19,146.2,1776.84
1513,3,2023-02-20,139.3,1771.8
1514,3,2023-02-21,132.6,1689.85
1515,3,2023-02-22,146.3,1341.4
1516,3,2023-02-23,138.1,1588.85
1517,3,2023-02-24,152.5,1912.1
1518,3,2023-02-25,152.1,1509.46
1519,3,2023-02-26,144.4,1761.44
1520,3,2023-02-27,128.3,1187.78
1521,3,2023-02-28,135.4,1715.52
1522,3,2023-03-01,160.3,2222.69
1523,3,2023-03-02,145.7,1879.17
1524,3,2023-03-03,154.8,2146.52
1525,3,2023-03-04,128.7,1391.69
1526,3,2023-03-05,174.3,1581.73
1527,3,2023-03-06,121.1,1749.14
1528,3,2023-03-07,145.8,1761.33
1529,3,2023-03-08,120.1,1004.2
1530,3,2023-03-09,152.2,1251.53
1531,3,2023-03-10,130.5,1598.75
1532,3,2023-03-11,137.9,1954.16
1533,3,2023-03-12,143.3,1358.71
1534,3,2023-03-13,148.6,2086.42
1535,3,2023-03-14,137.7,1812.17
1536,3,2023-03-15,141.9,1420.1
1537,3,2023-03-16,142.8,1606.95
1538,3,2023-03-17,140.3,1955.23
1539,3,2023-03-18,137.4,1163.85
1540,3,2023-03-19,134.0,1986.77
1541,3,2023-03-20,143.3,2087.42
1542,3,2023-03-21,142.9,1228.32
1543,3,2023-03-22,131.9,1249.68
1544,3,2023-03-23,137.4,1319.57
1545,3,2023-03-24,119.8,1043.49
1546,3,2023-03-25,136.7,1254.2
1547,3,2023-03-26,120.1,1632.18
1548,3,2023-03-27,134.1,1378.84
1549,3,2023-03-28,127.8,1138.69
1550,3,2023-03-29,130.7,1279.98
1551,3,2023-03-30,154.7,1305.23
1552,3,2023-03-31,126.4,1197.24
1553,3,2023-04-01,134.9,1402.97
1554,3,2023-04-02,142.9,2008.48
1555,3,2023-04-03,117.5,1403.69
1556,3,2023-04-04,137.4,1872.94
1557,3,2023-04-05,141.8,1636.02
1558,3,2023-04-06,127.1,1145.07
1559,3,2023-04-07,123.0,1403.92
1560,3,2023-04-08,147.9,1268.15
1561,3,2023-04-09,117.8,1620.1
1562,3,2023-04-10,134.6,1130.3
1563,3,2023-04-11,125.6,1642.53
1564,3,2023-04-12,112.8,1355.72
1565,3,2023-04-13,151.7,2129.18
1566,3,2023-04-14,146.6,1495.2
1567,3,2023-04-15,152.7,2279.6
1568,3,2023-04-16,140.4,1998.04
1569,3,2023-04-17,125.5,1434.16
1570,3,2023-04-18,133.2,1757.46
1571,3,2023-04-19,101.3,1405.3
1572,3,2023-04-20,122.3,1287.28
1573,3,2023-04-21,135.7,1397.59
1574,3,2023-04-22,150.7,1684.22
1575,3,2023-04-23,133.2,1248.88
1576,3,2023-04-24,142.6,2090.99
1577,3,2023-04-25,141.7,1707.92
1578,3,2023-04-26,124.5,1423.19
1579,3,2023-04-27,124.8,1480.83
1580,3,2023-04-28,146.1,1549.56
1581,3,2023-04-29,128.6,1542.4
1582,3,2023-04-30,143.2,1330.9
1583,3,2023-05-01,128.4,1191.07
1584,3,2023-05-02,130.5,1798.48
1585,3,2023-05-03,142.9,2112.69
1586,3,2023-05-04,136.4,1636.49
1587,3,2023-05-05,134.6,1828.04
1588,3,2023-05-06,127.3,1345.41
1589,3,2023-05-07,139.8,1945.3
1590,3,2023-05-08,128.9,1749.77
1591,3,2023-05-09,144.3,1377.18
1592,3,2023-05-10,127.4,1213.7
1593,3,2023-05-11,134.3,1322.19
1594,3,2023-05-12,144.5,1156.33
1595,3,2023-05-13,141.7,1755.86
1596,3,2023-05-14,142.6,1889.35
1597,3,2023-05-15,136.7,1429.9
1598,3,2023-05-16,124.9,1081.59
1599,3,2023-05-17,147.6,1222.46
1600,3,2023-05-18,138.0,1385.07
1601,3,2023-05-19,130.8,1878.71
1602,3,2023-05-20,130.0,1465.41
1603,3,2023-05-21,156.1,1418.04
1604,3,2023-05-22,135.9,1550.27
1605,3,2023-05-23,160.0,2400.02
1606,3,2023-05-24,122.3,1637.62
1607,3,2023-05-25,151.3,1391.53
1608,3,2023-05-26,134.0,1100.4
1609,3,2023-05-27,131.3,1519.9
1610,3,2023-05-28,125.5,1544.87
1611,3,2023-05-29,138.3,1591.46
1612,3,2023-05-30,148.0,1236.24
1613,3,2023-05-31,138.6,1534.31
1614,3,2023-06-01,132.2,1834.22
1615,3,2023-06-02,120.4,1005.35
1616,3,2023-06-03,134.5,1758.72
1617,3,2023-06-04,140.7,1402.71
1618,3,2023-06-05,127.8,1177.81
1619,3,2023-06-06,151.7,1629.49
1620,3,2023-06-07,132.4,1754.55
1621,3,2023-06-08,141.5,1366.74
1622,3,2023-06-09,132.8,1691.93
1623,3,2023-06-10,146.2,1565.77
1624,3,2023-06-11,139.1,1176.92
1625,3,2023-06-12,155.1,1494.95
1626,3,2023-06-13,139.3,1450.84
1627,3,2023-06-14,143.4,1413.91
1628,3,2023-06-15,139.9,1718.12
1629,3,2023-06-16,124.5,1734.53
1630,3,2023-06-17,150.6,2203.25
1631,3,2023-06-18,141.4,1405.61
1632,3,2023-06-19,143.6,1432.25
1633,3,2023-06-20,148.8,1838.76
1634,3,2023-06-21,149.3,2229.06
1635,3,2023-06-22,125.3,1071.5
1636,3,2023-06-23,123.1,1366.46
1637,3,2023-06-24,128.3,1775.49
1638,3,2023-06-25,123.4,1795.05
1639,3,2023-06-26,132.2,1916.9
1640,3,2023-06-27,124.4,1049.32
1641,3,2023-06-28,125.1,1848.31
1642,3,2023-06-29,140.8,1566.52
1643,3,2023-06-30,118.8,1342.04
1644,3,2023-07-01,137.5,1736.98
1645,3,2023-07-02,146.7,1766.59
1646,3,2023-07-03,146.5,2100.06
1647,3,2023-07-04,143.7,1205.58
1648,3,2023-07-05,145.2,1168.47
1649,3,2023-07-06,144.4,1571.36
1650,3,2023-07-07,124.7,1348.38
1651,3,2023-07-08,134.2,1722.68
1652,3,2023-07-09,143.9,1425.01
1653,3,2023-07-10,131.5,1367.27
1654,3,2023-07-11,131.6,1449.12
1655,3,2023-07-12,139.7,1399.65
1656,3,2023-07-13,156.5,1791.41
1657,3,2023-07-14,145.9,1610.53
1658,3,2023-07-15,118.8,1086.87
1659,3,2023-07-16,138.5,1982.4
1660,3,2023-07-17,125.7,1308.06
1661,3,2023-07-18,146.7,2129.53
1662,3,2023-07-19,151.1,2077.65
1663,3,2023-07-20,158.5,2265.31
1664,3,2023-07-21,146.1,1577.56
1665,3,2023-07-22,142.2,1241.79
1666,3,2023-07-23,142.7,1717.24
1667,3,2023-07-24,125.3,1862.8
1668,3,2023-07-25,135.8,1290.53
1669,3,2023-07-26,138.6,1825.12
1670,3,2023-07-27,129.2,1062.91
1671,3,2023-07-28,141.6,1235.29
1672,3,2023-07-29,160.3,1475.91
1673,3,2023-07-30,117.1,1706.29
1674,3,2023-07-31,143.3,1968.33
1675,3,2023-08-01,136.0,1419.0
1676,3,2023-08-02,141.8,1184.57
1677,3,2023-08-03,138.2,1548.38
1678,3,2023-08-04,133.3,1277.74
1679,3,2023-08-05,120.7,1453.67
1680,3,2023-08-06,144.0,1514.38
1681,3,2023-08-07,141.5,1604.65
1682,3,2023-08-08,141.5,1479.58
1683,3,2023-08-09,149.6,1540.6
1684,3,2023-08-10,130.7,1237.15
1685,3,2023-08-11,135.8,1544.6
1686,3,2023-08-12,126.9,1762.69
1687,3,2023-08-13,130.3,1779.11
1688,3,2023-08-14,121.8,1676.91
1689,3,2023-08-15,127.5,1291.13
1690,3,2023-08-16,111.2,1616.0
1691,3,2023-08-17,140.2,1153.91
1692,3,2023-08-18,158.5,1795.64
1693,3,2023-08-19,123.5,1554.94
1694,3,2023-08-20,132.9,1966.01
1695,3,2023-08-21,155.8,1321.06
1696,3,2023-08-22,142.0,1550.83
1697,3,2023-08-23,139.3,2029.92
1698,3,2023-08-24,126.1,1592.56
1699,3,2023-08-25,133.8,1586.61
1700,3,2023-08-26,129.2,1397.72
1701,3,2023-08-27,140.8,1729.29
1702,3,2023-08-28,141.0,1497.06
1703,3,2023-08-29,131.0,1372.94
1704,3,2023-08-30,132.9,1447.82
1705,3,2023-08-31,149.2,1266.95
1706,3,2023-09-01,150.7,1622.05
1707,3,2023-09-02,131.9,1818.59
1708,3,2023-09-03,132.2,1096.03
1709,3,2023-09-04,122.5,1734.67
1710,3,2023-09-05,132.8,1579.79
1711,3,2023-09-06,136.2,1787.01
1712,3,2023-09-07,118.2,1738.92
1713,3,2023-09-08,140.0,2035.44
1714,3,2023-09-09,133.1,1918.53
1715,3,2023-09-10,151.4,1638.72
1716,3,2023-09-11,152.1,2017.4
1717,3,2023-09-12,158.4,1741.9
1718,3,2023-09-13,139.9,1835.01
1719,3,2023-09-14,132.5,1832.71
1720,3,2023-09-15,139.0,1637.13
1721,3,2023-09-16,133.2,1419.25
1722,3,2023-09-17,149.0,2145.79
1723,3,2023-09-18,143.2,1630.61
1724,3,2023-09-19,130.4,1512.95
1725,3,2023-09-20,143.4,1473.14
1726,3,2023-09-21,115.8,958.52
1727,3,2023-09-22,152.7,1591.5
1728,3,2023-09-23,127.9,1623.93
1729,3,2023-09-24,150.9,1487.81
1730,3,2023-09-25,130.3,1945.82
1731,3,2023-09-26,136.5,1721.76
1732,3,2023-09-27,131.8,1689.52
1733,3,2023-09-28,140.6,1343.98
1734,3,2023-09-29,122.6,1244.32
1735,3,2023-09-30,110.2,1005.21
1736,3,2023-10-01,149.8,1377.35
1737,3,2023-10-02,152.4,2177.09
1738,3,2023-10-03,130.1,1117.68
1739,3,2023-10-04,126.0,1022.63
1740,3,2023-10-05,132.9,1679.11
1741,3,2023-10-06,122.7,1182.07
1742,3,2023-10-07,139.3,1137.55
1743,3,2023-10-08,131.2,1846.94
1744,3,2023-10-09,129.7,1878.13
1745,3,2023-10-10,128.7,1064.76
1746,3,2023-10-11,134.1,1612.07
1747,3,2023-10-12,131.3,1586.14
1748,3,2023-10-13,134.4,1085.68
1749,3,2023-10-14,127.6,1057.15
1750,3,2023-10-15,146.6,1776.47
1751,3,2023-10-16,139.1,1642.98
1752,3,2023-10-17,134.4,1333.96
1753,3,2023-10-18,123.7,1772.58
1754,3,2023-10-19,145.7,1548.0
1755,3,2023-10-20,128.1,1406.37
1756,3,2023-10-21,135.9,1879.43
1757,3,2023-10-22,128.5,1230.93
1758,3,2023-10-23,142.5,1955.11
1759,3,2023-10-24,112.7,1588.26
1760,3,2023-10-25,128.2,1100.37
1761,3,2023-10-26,142.7,1192.68
1762,3,2023-10-27,126.3,1445.59
1763,3,2023-10-28,113.2,1218.31
1764,3,2023-10-29,127.4,1491.34
1765,3,2023-10-30,137.8,1879.38
1766,3,2023-10-31,121.6,1619.33
1767,3,2023-11-01,133.0,1313.48
1768,3,2023-11-02,133.0,1400.01
1769,3,2023-11-03,154.0,1293.39
1770,3,2023-11-04,125.1,1031.18
1771,3,2023-11-05,152.5,1426.72
1772,3,2023-11-06,125.1,1562.88
1773,3,2023-11-07,140.7,2007.82
1774,3,2023-11-08,131.1,1321.69
1775,3,2023-11-09,129.5,1253.73
1776,3,2023-11-10,118.6,1507.4
1777,3,2023-11-11,140.5,1935.39
1778,3,2023-11-12,145.7,1570.23
1779,3,2023-11-13,140.1,1474.47
1780,3,2023-11-14,126.8,1610.36
1781,3,2023-11-15,130.4,1949.09
1782,3,2023-11-16,132.3,1202.99
1783,3,2023-11-17,141.4,1703.44
1784,3,2023-11-18,147.2,2069.5
1785,3,2023-11-19,131.4,1620.9
1786,3,2023-11-20,113.9,1239.51
1787,3,2023-11-21,113.8,1359.98
1788,3,2023-11-22,125.7,1753.34
1789,3,2023-11-23,144.9,1723.92
1790,3,2023-11-24,140.6,1891.77
1791,3,2023-11-25,141.9,1386.76
1792,3,2023-11-26,126.3,1774.95
1793,3,2023-11-27,129.3,1646.54
1794,3,2023-11-28,144.5,1756.74
1795,3,2023-11-29,152.7,1836.25
1796,3,2023-11-30,144.7,1592.06
1797,3,2023-12-01,144.7,1386.55
1798,3,2023-12-02,125.7,1614.3
1799,3,2023-12-03,141.3,1868.78
1800,3,2023-12-04,119.4,1138.12
1801,3,2023-12-05,146.3,1216.83
1802,3,2023-12-06,137.9,1811.76
1803,3,2023-12-07,131.0,1899.36
1804,3,2023-12-08,110.3,1138.97
1805,3,2023-12-09,130.6,1119.29
1806,3,2023-12-10,133.9,1313.43
1807,3,2023-12-11,135.0,1482.68
1808,3,2023-12-12,131.0,1550.93
1809,3,2023-12-13,127.9,1617.81
1810,3,2023-12-14,124.2,1833.48
1811,3,2023-12-15,152.3,1752.19
1812,3,2023-12-16,156.0,1324.02
1813,3,2023-12-17,136.2,1414.82
1814,3,2023-12-18,125.0,1802.33
1815,3,2023-12-19,121.9,1585.29
1816,3,2023-12-20,130.8,1314.86
1817,3,2023-12-21,155.4,2222.07
1818,3,2023-12-22,136.7,1851.13
1819,3,2023-12-23,147.2,2152.51
1820,3,2023-12-24,147.0,1479.93
1821,3,2023-12-25,141.2,1755.98
1822,3,2023-12-26,121.0,1470.5
1823,3,2023-12-27,146.9,1748.02
1824,3,2023-12-28,119.7,1245.08
1825,3,2023-12-29,125.2,1353.78
1826,3,2023-12-30,137.0,1794.78
1827,3,2023-12-31,129.5,1035.72
1828,3,2024-01-01,136.8,1776.62
1829,3,2024-01-02,119.0,963.1
1830,3,2024-01-03,125.1,1474.07
1831,3,2024-01-04,140.5,1207.68
1832,3,2024-01-05,164.8,1951.82
1833,3,2024-01-06,149.6,1603.85
1834,3,2024-01-07,115.7,1119.81
1835,3,2024-01-08,130.4,1131.15
1836,3,2024-01-09,126.6,1169.17
1837,3,2024-01-10,133.2,1561.1
1838,3,2024-01-11,136.6,1928.14
1839,3,2024-01-12,127.1,1289.24
1840,3,2024-01-13,144.9,1567.72
1841,3,2024-01-14,147.0,1500.82
1842,3,2024-01-15,146.3,1306.82
1843,3,2024-01-16,123.1,1482.77
1844,3,2024-01-17,137.1,1761.82
1845,3,2024-01-18,145.0,2046.56
1846,3,2024-01-19,142.6,1639.7
1847,3,2024-01-20,141.7,1318.95
1848,3,2024-01-21,149.5,1223.19
1849,3,2024-01-22,128.1,1578.11
1850,3,2024-01-23,113.7,1585.44
1851,3,2024-01-24,129.9,1915.3
1852,3,2024-01-25,130.5,1142.8
1853,3,2024-01-26,162.0,1910.12
1854,3,2024-01-27,125.9,1083.33
1855,3,2024-01-28,146.5,1411.47
1856,3,2024-01-29,158.8,1979.85
1857,3,2024-01-30,155.4,1517.19
1858,3,2024-01-31,132.9,1349.32
1859,3,2024-02-01,142.5,1948.09
1860,3,2024-02-02,135.8,1640.17
1861,3,2024-02-03,124.0,1548.25
1862,3,2024-02-04,148.4,1671.81
1863,3,2024-02-05,139.8,1662.41
1864,3,2024-02-06,122.6,1288.57
1865,3,2024-02-07,128.7,1720.69
1866,3,2024-02-08,131.2,1694.22
1867,3,2024-02-09,146.7,1580.44
1868,3,2024-02-10,119.6,1590.57
1869,3,2024-02-11,107.4,1562.36
1870,3,2024-02-12,119.6,1166.52
1871,3,2024-02-13,135.3,2000.43
1872,3,2024-02-14,121.8,1296.32
1873,3,2024-02-15,130.8,1509.1
1874,3,2024-02-16,127.2,1161.81
1875,3,2024-02-17,109.5,1182.79
1876,3,2024-02-18,125.0,1100.77
1877,3,2024-02-19,130.3,1395.78
1878,3,2024-02-20,143.5,1811.02
1879,3,2024-02-21,155.2,1308.01
1880,3,2024-02-22,123.9,1696.53
1881,3,2024-02-23,134.6,1975.99
1882,3,2024-02-24,138.4,1253.75
1883,3,2024-02-25,160.2,1933.66
1884,3,2024-02-26,126.5,1367.1
1885,3,2024-02-27,123.2,1323.0
1886,3,2024-02-28,128.5,1173.96
1887,3,2024-02-29,123.0,1034.76
1888,3,2024-03-01,140.1,1662.86
1889,3,2024-03-02,143.7,1730.15
1890,3,2024-03-03,135.3,1409.98
1891,3,2024-03-04,134.5,1150.86
1892,3,2024-03-05,148.1,1771.51
1893,3,2024-03-06,130.1,1310.62
1894,3,2024-03-07,141.4,1273.64
1895,3,2024-03-08,129.9,1580.36
1896,3,2024-03-09,119.4,1022.37
1897,3,2024-03-10,145.9,1248.96
1898,3,2024-03-11,135.9,1540.56
1899,3,2024-03-12,144.6,1950.28
1900,3,2024-03-13,137.1,1363.2
1901,3,2024-03-14,138.6,1147.49
1902,3,2024-03-15,123.0,1333.54
1903,3,2024-03-16,161.9,2355.99
1904,3,2024-03-17,138.2,1755.66
1905,3,2024-03-18,147.7,2164.6
1906,3,2024-03-19,131.2,1069.86
1907,3,2024-03-20,125.5,1119.81
1908,3,2024-03-21,141.6,1569.05
1909,3,2024-03-22,117.8,987.51
1910,3,2024-03-23,149.3,1821.02
1911,3,2024-03-24,129.4,1231.12
1912,3,2024-03-25,141.1,1566.24
1913,3,2024-03-26,135.7,1420.76
1914,3,2024-03-27,145.6,1980.08
1915,3,2024-03-28,146.3,1816.78
1916,3,2024-03-29,134.3,1812.39
1917,3,2024-03-30,114.8,1687.56
1918,3,2024-03-31,151.6,1787.07
1919,3,2024-04-01,116.7,1444.93
1920,3,2024-04-02,137.6,1650.89
1921,3,2024-04-03,147.6,1722.0
1922,3,2024-04-04,138.1,1323.75
1923,3,2024-04-05,125.1,1387.9
1924,3,2024-04-06,134.4,1229.17
1925,3,2024-04-07,125.9,1348.29
1926,3,2024-04-08,125.6,1049.41
1927,3,2024-04-09,134.9,1536.12
1928,3,2024-04-10,103.5,1105.51
1929,3,2024-04-11,129.4,1493.83
1930,3,2024-04-12,133.8,1128.45
1931,3,2024-04-13,133.1,1591.77
1932,3,2024-04-14,123.3,1744.71
1933,3,2024-04-15,137.8,1149.12
1934,3,2024-04-16,132.4,1149.66
1935,3,2024-04-17,155.3,1291.87
1936,3,2024-04-18,138.3,2021.72
1937,3,2024-04-19,126.0,1076.21
1938,3,2024-04-20,140.8,1293.48
1939,3,2024-04-21,113.0,1187.37
1940,3,2024-04-22,132.8,1982.38
1941,3,2024-04-23,135.0,1215.08
1942,3,2024-04-24,132.9,1418.68
1943,3,2024-04-25,122.5,983.56
1944,3,2024-04-26,132.5,1682.23
1945,3,2024-04-27,118.8,1357.58
1946,3,2024-04-28,151.3,1650.48
1947,3,2024-04-29,132.6,1736.68
1948,3,2024-04-30,137.0,1398.68
1949,3,2024-05-01,115.6,1002.9
1950,3,2024-05-02,124.9,1155.49
1951,3,2024-05-03,138.2,1635.2
1952,3,2024-05-04,143.0,1619.04
1953,3,2024-05-05,121.1,1631.74
1954,3,2024-05-06,116.4,1739.58
1955,3,2024-05-07,136.8,1890.23
1956,3,2024-05-08,127.2,1217.74
1957,3,2024-05-09,113.9,1691.02
1958,3,2024-05-10,111.9,1036.89
1959,3,2024-05-11,124.3,1630.87
1960,3,2024-05-12,143.2,1566.82
1961,3,2024-05-13,144.6,1970.61
1962,3,2024-05-14,134.2,1887.68
1963,3,2024-05-15,132.8,1192.55
1964,3,2024-05-16,126.8,1384.01
1965,3,2024-05-17,106.0,1233.91
1966,3,2024-05-18,143.4,2147.42
1967,3,2024-05-19,135.4,1458.69
1968,3,2024-05-20,121.6,1085.62
1969,3,2024-05-21,146.3,1666.0
1970,3,2024-05-22,117.7,1286.06
1971,3,2024-05-23,143.7,1728.95
1972,3,2024-05-24,111.3,1015.98
1973,3,2024-05-25,159.8,1916.19
1974,3,2024-05-26,115.5,1093.49
1975,3,2024-05-27,144.3,1724.57
1976,3,2024-05-28,123.7,1215.74
1977,3,2024-05-29,137.7,1868.49
1978,3,2024-05-30,150.8,1981.81
1979,3,2024-05-31,127.7,1140.86
1980,3,2024-06-01,158.2,1555.0
1981,3,2024-06-02,151.1,1751.58
1982,3,2024-06-03,114.0,1141.88
1983,3,2024-06-04,130.6,1305.72
1984,3,2024-06-05,128.0,1682.33
1985,3,2024-06-06,131.3,1915.47
1986,3,2024-06-07,126.5,1166.24
1987,3,2024-06-08,120.5,1491.35
1988,3,2024-06-09,129.8,1538.64
1989,3,2024-06-10,137.0,1956.04
1990,3,2024-06-11,102.1,957.45
1991,3,2024-06-12,141.0,1717.19
1992,3,2024-06-13,132.5,1811.49
1993,3,2024-06-14,148.0,2129.67
1994,3,2024-06-15,125.4,1505.78
1995,3,2024-06-16,123.9,1163.54
1996,3,2024-06-17,121.4,1181.26
1997,3,2024-06-18,136.2,1650.37
1998,3,2024-06-19,109.6,1204.05
1999,3,2024-06-20,122.1,1051.84
2000,3,2024-06-21,132.5,1219.52
2001,3,2024-06-22,113.4,1132.49
2002,3,2024-06-23,131.3,1418.13
2003,3,2024-06-24,145.3,1974.45
2004,3,2024-06-25,143.5,2085.23
2005,3,2024-06-26,128.9,1541.22
2006,3,2024-06-27,141.4,1787.63
2007,3,2024-06-28,135.5,2030.07
2008,3,2024-06-29,132.3,1725.91
2009,3,2024-06-30,137.4,1146.59
2010,3,2024-07-01,126.0,1211.38
2011,3,2024-07-02,126.9,1211.39
2012,3,2024-07-03,135.1,1211.48
2013,3,2024-07-04,130.0,1654.18
2014,3,2024-07-05,143.0,1382.91
2015,3,2024-07-06,138.9,1415.05
2016,3,2024-07-07,138.8,1509.46
2017,3,2024-07-08,136.2,1379.19
2018,3,2024-07-09,132.0,1778.68
2019,3,2024-07-10,138.5,2043.51
2020,3,2024-07-11,141.8,1524.55
2021,3,2024-07-12,134.1,1758.04
2022,3,2024-07-13,120.6,1449.71
2023,3,2024-07-14,130.1,1324.61
2024,3,2024-07-15,113.3,1245.43
2025,3,2024-07-16,144.3,1389.11
2026,3,2024-07-17,138.4,1499.44
2027,3,2024-07-18,120.3,1622.37
2028,3,2024-07-19,122.5,1759.69
2029,3,2024-07-20,144.8,2067.76
2030,3,2024-07-21,121.8,1696.44
2031,3,2024-07-22,112.6,950.24
2032,3,2024-07-23,116.6,1329.26
2033,3,2024-07-24,126.3,1290.67
2034,3,2024-07-25,124.5,1700.33
2035,3,2024-07-26,125.3,1755.61
2036,3,2024-07-27,137.6,1926.92
2037,3,2024-07-28,123.1,1580.25
2038,3,2024-07-29,134.3,1962.43
2039,3,2024-07-30,116.7,1342.34
2040,3,2024-07-31,143.3,1794.53
2041,3,2024-08-01,117.6,1198.07
2042,3,2024-08-02,129.7,1766.75
2043,3,2024-08-03,127.9,1616.75
2044,3,2024-08-04,133.2,1766.9
2045,3,2024-08-05,138.6,1236.33
2046,3,2024-08-06,124.5,1610.85
2047,3,2024-08-07,138.9,1356.11
2048,3,2024-08-08,142.3,2007.84
2049,3,2024-08-09,127.0,1770.6
2050,3,2024-08-10,149.6,1598.69
2051,3,2024-08-11,133.1,1575.78
2052,3,2024-08-12,125.5,1169.75
2053,3,2024-08-13,130.2,1592.71
2054,3,2024-08-14,149.6,1678.98
2055,3,2024-08-15,133.4,1730.05
2056,3,2024-08-16,133.4,1165.64
2057,3,2024-08-17,134.5,1731.68
2058,3,2024-08-18,139.7,1472.28
2059,3,2024-08-19,133.2,1170.2
2060,3,2024-08-20,135.9,1475.35
2061,3,2024-08-21,129.9,1612.82
2062,3,2024-08-22,131.1,1297.42
2063,3,2024-08-23,140.2,1507.85
2064,3,2024-08-24,120.7,1083.7
2065,3,2024-08-25,129.2,1916.53
2066,3,2024-08-26,126.0,1333.16
2067,3,2024-08-27,113.5,1321.41
2068,3,2024-08-28,114.8,1272.11
2069,3,2024-08-29,129.1,1491.1
2070,3,2024-08-30,140.7,1261.7
2071,3,2024-08-31,131.3,1597.15
2072,3,2024-09-01,122.5,1335.8
2073,3,2024-09-02,144.6,1354.75
2074,3,2024-09-03,124.5,1710.46
2075,3,2024-09-04,117.5,1317.09
2076,3,2024-09-05,149.4,1463.13
2077,3,2024-09-06,129.7,1328.61
2078,3,2024-09-07,147.3,1793.3
2079,3,2024-09-08,128.6,1858.31
2080,3,2024-09-09,128.9,1342.48
2081,3,2024-09-10,112.7,902.14
2082,3,2024-09-11,124.0,1786.37
2083,3,2024-09-12,134.0,1229.42
2084,3,2024-09-13,136.2,1204.76
2085,3,2024-09-14,130.2,1888.77
2086,3,2024-09-15,125.3,1379.88
2087,3,2024-09-16,128.9,1345.98
2088,3,2024-09-17,116.7,1240.3
2089,3,2024-09-18,144.9,1271.38
2090,3,2024-09-19,137.6,1134.82
2091,3,2024-09-20,127.2,1732.59
2092,3,2024-09-21,123.3,1280.94
2093,3,2024-09-22,149.9,1732.97
2094,3,2024-09-23,121.6,1705.38
2095,3,2024-09-24,126.0,1879.62
2096,3,2024-09-25,145.3,1653.98
2097,3,2024-09-26,131.1,1959.59
2098,3,2024-09-27,110.0,1539.78
2099,3,2024-09-28,131.5,1370.45
2100,3,2024-09-29,121.9,981.26
2101,3,2024-09-30,112.2,1540.87
2102,3,2024-10-01,122.4,1268.09
2103,3,2024-10-02,116.2,1119.59
2104,3,2024-10-03,119.3,1011.09
2105,3,2024-10-04,130.8,1313.32
2106,3,2024-10-05,113.2,1236.18
2107,3,2024-10-06,138.5,1985.65
2108,3,2024-10-07,124.7,1427.91
2109,3,2024-10-08,119.9,1759.87
2110,3,2024-10-09,124.5,1048.83
2111,3,2024-10-10,116.1,1189.44
2112,3,2024-10-11,116.1,1062.13
2113,3,2024-10-12,123.7,1538.86
2114,3,2024-10-13,131.2,1163.66
2115,3,2024-10-14,133.4,1576.14
2116,3,2024-10-15,122.7,1048.15
2117,3,2024-10-16,125.6,1756.02
2118,3,2024-10-17,130.4,1055.16
2119,3,2024-10-18,145.6,2117.37
2120,3,2024-10-19,128.6,1847.76
2121,3,2024-10-20,120.6,1209.04
2122,3,2024-10-21,117.8,1253.01
2123,3,2024-10-22,138.3,1261.37
2124,3,2024-10-23,102.6,1317.11
2125,3,2024-10-24,122.0,1405.63
2126,3,2024-10-25,117.6,1596.58
2127,3,2024-10-26,136.6,1242.07
2128,3,2024-10-27,142.4,1684.14
2129,3,2024-10-28,125.2,1363.91
2130,3,2024-10-29,119.3,987.54
2131,3,2024-10-30,126.1,1047.07
2132,3,2024-10-31,132.3,1223.97
2133,3,2024-11-01,133.9,1203.42
2134,3,2024-11-02,126.1,1682.31
2135,3,2024-11-03,142.4,1480.6
2136,3,2024-11-04,121.2,1501.63
2137,3,2024-11-05,123.2,1795.01
2138,3,2024-11-06,123.8,1785.15
2139,3,2024-11-07,130.6,1784.09
2140,3,2024-11-08,137.2,1163.74
2141,3,2024-11-09,113.3,1411.11
2142,3,2024-11-10,114.9,1205.73
2143,3,2024-11-11,130.8,1791.46
2144,3,2024-11-12,115.1,1229.19
2145,3,2024-11-13,124.2,1200.29
2146,3,2024-11-14,123.5,1247.63
2147,3,2024-11-15,140.7,1810.76
2148,3,2024-11-16,146.2,1540.39
2149,3,2024-11-17,121.8,1374.1
2150,3,2024-11-18,133.3,1813.48
2151,3,2024-11-19,123.5,1579.73
2152,3,2024-11-20,136.3,1114.23
2153,3,2024-11-21,114.7,962.18
2154,3,2024-11-22,140.1,1719.07
2155,3,2024-11-23,120.3,1030.64
2156,3,2024-11-24,111.5,1007.17
2157,3,2024-11-25,121.1,1740.5
2158,3,2024-11-26,124.1,998.23
2159,3,2024-11-27,115.1,1168.78
2160,3,2024-11-28,126.5,1832.71
2161,3,2024-11-29,134.5,1590.88
2162,3,2024-11-30,117.9,1673.38
2163,3,2024-12-01,144.4,1353.05
2164,3,2024-12-02,154.2,1413.14
2165,3,2024-12-03,124.2,1316.9
2166,3,2024-12-04,133.7,1780.18
2167,3,2024-12-05,131.2,1727.58
2168,3,2024-12-06,125.4,1527.22
2169,3,2024-12-07,124.2,1190.64
2170,3,2024-12-08,108.0,1426.71
2171,3,2024-12-09,125.2,1301.71
2172,3,2024-12-10,135.7,1998.94
2173,3,2024-12-11,120.3,1258.57
2174,3,2024-12-12,94.1,1351.48
2175,3,2024-12-13,143.8,1967.98
2176,3,2024-12-14,131.2,1363.86
2177,3,2024-12-15,139.7,1472.88
2178,3,2024-12-16,124.2,1684.24
2179,3,2024-12-17,128.5,1694.84
2180,3,2024-12-18,133.1,1814.98
2181,3,2024-12-19,122.9,1027.2
2182,3,2024-12-20,139.0,1502.56
2183,3,2024-12-21,120.3,1593.73
2184,3,2024-12-22,148.5,1558.7
2185,3,2024-12-23,113.8,1506.71
2186,3,2024-12-24,132.0,1560.74
2187,3,2024-12-25,119.1,1577.42
2188,3,2024-12-26,116.0,1319.9
2189,3,2024-12-27,116.5,1664.38
2190,3,2024-12-28,97.3,1135.58
2191,3,2024-12-29,115.0,1279.66
2192,3,2024-12-30,136.0,1205.39
2193,3,2024-12-31,134.9,1871.43
2194,4,2023-01-01,189.1,1715.93
2195,4,2023-01-02,220.2,2888.85
2196,4,2023-01-03,234.5,3139.66
2197,4,2023-01-04,209.9,2181.64
2198,4,2023-01-05,215.4,2701.11
2199,4,2023-01-06,203.1,2783.96
2200,4,2023-01-07,196.0,2387.06
2201,4,2023-01-08,198.9,2780.69
2202,4,2023-01-09,168.9,1752.92
2203,4,2023-01-10,217.8,2019.68
2204,4,2023-01-11,216.0,2378.24
2205,4,2023-01-12,217.4,2553.84
2206,4,2023-01-13,194.8,2424.86
2207,4,2023-01-14,199.0,1650.07
2208,4,2023-01-15,198.5,2035.49
2209,4,2023-01-16,227.4,2880.48
2210,4,2023-01-17,211.8,2339.88
2211,4,2023-01-18,209.5,2055.53
2212,4,2023-01-19,221.5,1853.87
2213,4,2023-01-20,198.5,2008.2
2214,4,2023-01-21,214.7,2517.51
2215,4,2023-01-22,242.3,2220.16
2216,4,2023-01-23,230.1,2452.86
2217,4,2023-01-24,214.4,2806.59
2218,4,2023-01-25,210.0,3035.79
2219,4,2023-01-26,217.0,2027.35
2220,4,2023-01-27,232.7,2947.3
2221,4,2023-01-28,231.2,2642.75
2222,4,2023-01-29,235.9,2759.83
2223,4,2023-01-30,212.5,1993.69
2224,4,2023-01-31,173.6,2367.07
2225,4,2023-02-01,240.5,2661.34
2226,4,2023-02-02,195.4,1941.83
2227,4,2023-02-03,175.3,2547.26
2228,4,2023-02-04,220.9,3193.57
2229,4,2023-02-05,173.8,2286.82
2230,4,2023-02-06,208.8,1723.69
2231,4,2023-02-07,173.5,2506.27
2232,4,2023-02-08,202.9,1640.12
2233,4,2023-02-09,235.7,2685.8
2234,4,2023-02-10,214.2,1841.91
2235,4,2023-02-11,208.5,2564.17
2236,4,2023-02-12,216.1,2086.36
2237,4,2023-02-13,162.9,1388.8
2238,4,2023-02-14,197.6,1727.54
2239,4,2023-02-15,199.9,1872.34
2240,4,2023-02-16,218.7,2522.21
2241,4,2023-02-17,191.6,1581.63
2242,4,2023-02-18,211.4,1768.93
2243,4,2023-02-19,206.7,2874.75
2244,4,2023-02-20,198.3,1950.82
2245,4,2023-02-21,199.3,2221.18
2246,4,2023-02-22,206.5,2486.78
2247,4,2023-02-23,177.0,1806.71
2248,4,2023-02-24,221.0,1933.14
2249,4,2023-02-25,194.8,2604.25
2250,4,2023-02-26,203.5,3004.99
2251,4,2023-02-27,234.6,2345.04
2252,4,2023-02-28,221.3,2746.93
2253,4,2023-03-01,188.6,2508.85
2254,4,2023-03-02,160.3,1599.05
2255,4,2023-03-03,216.4,1816.56
2256,4,2023-03-04,204.1,2326.13
2257,4,2023-03-05,211.2,2496.98
2258,4,2023-03-06,220.5,2149.73
2259,4,2023-03-07,223.3,2660.4
2260,4,2023-03-08,200.7,2329.22
2261,4,2023-03-09,205.9,2516.8
2262,4,2023-03-10,214.2,1833.26
2263,4,2023-03-11,215.3,2590.17
2264,4,2023-03-12,210.9,1873.01
2265,4,2023-03-13,232.0,2516.32
2266,4,2023-03-14,215.1,3045.02
2267,4,2023-03-15,220.1,2721.17
2268,4,2023-03-16,212.2,1892.52
2269,4,2023-03-17,190.9,2741.94
2270,4,2023-03-18,196.9,2623.24
2271,4,2023-03-19,187.6,1742.26
2272,4,2023-03-20,225.1,2992.24
2273,4,2023-03-21,181.7,2238.02
2274,4,2023-03-22,205.0,1697.69
2275,4,2023-03-23,201.3,1818.97
2276,4,2023-03-24,173.8,2588.26
2277,4,2023-03-25,200.8,1892.93
2278,4,2023-03-26,202.2,2706.26
2279,4,2023-03-27,235.4,1917.55
2280,4,2023-03-28,175.3,1444.79
2281,4,2023-03-29,229.2,3253.63
2282,4,2023-03-30,203.5,1751.42
2283,4,2023-03-31,221.6,2374.54
2284,4,2023-04-01,208.5,2879.22
2285,4,2023-04-02,188.8,2750.46
2286,4,2023-04-03,230.9,2292.71
2287,4,2023-04-04,227.8,3042.57
2288,4,2023-04-05,189.9,2754.16
2289,4,2023-04-06,217.1,2858.6
2290,4,2023-04-07,197.2,1665.81
2291,4,2023-04-08,182.0,1843.68
2292,4,2023-04-09,194.0,2887.11
2293,4,2023-04-10,229.6,3406.57
2294,4,2023-04-11,221.8,2360.23
2295,4,2023-04-12,202.1,2846.37
2296,4,2023-04-13,229.6,2127.54
2297,4,2023-04-14,226.1,2432.01
2298,4,2023-04-15,193.9,2377.0
2299,4,2023-04-16,234.1,2247.42
2300,4,2023-04-17,200.6,1687.3
2301,4,2023-04-18,202.8,1860.94
2302,4,2023-04-19,175.2,1837.13
2303,4,2023-04-20,196.7,2376.27
2304,4,2023-04-21,204.5,2902.0
2305,4,2023-04-22,211.9,2681.52
2306,4,2023-04-23,188.4,2060.69
2307,4,2023-04-24,194.4,2242.46
2308,4,2023-04-25,234.4,1887.36
2309,4,2023-04-26,224.6,1857.14
2310,4,2023-04-27,227.9,2411.16
2311,4,2023-04-28,205.7,2368.64
2312,4,2023-04-29,212.3,3050.51
2313,4,2023-04-30,217.0,2947.43
2314,4,2023-05-01,234.0,3287.74
2315,4,2023-05-02,181.2,1939.09
2316,4,2023-05-03,162.6,2400.72
2317,4,2023-05-04,197.9,2779.12
2318,4,2023-05-05,210.6,2393.15
2319,4,2023-05-06,207.9,2270.73
2320,4,2023-05-07,194.0,2743.86
2321,4,2023-05-08,215.3,2562.46
2322,4,2023-05-09,198.5,1663.53
2323,4,2023-05-10,206.6,2073.81
2324,4,2023-05-11,214.4,2419.94
2325,4,2023-05-12,199.1,1861.74
2326,4,2023-05-13,219.6,1955.5
2327,4,2023-05-14,222.8,2518.31
2328,4,2023-05-15,194.4,1864.91
2329,4,2023-05-16,198.2,2889.72
2330,4,2023-05-17,190.1,1977.52
2331,4,2023-05-18,206.1,1907.32
2332,4,2023-05-19,211.4,3009.52
2333,4,2023-05-20,236.5,3521.13
2334,4,2023-05-21,200.5,1674.15
2335,4,2023-05-22,210.8,2102.6
2336,4,2023-05-23,197.6,1836.15
2337,4,2023-05-24,198.1,2233.78
2338,4,2023-05-25,212.1,2596.75
2339,4,2023-05-26,199.1,2685.22
2340,4,2023-05-27,205.0,1655.28
2341,4,2023-05-28,212.7,2345.81
2342,4,2023-05-29,210.4,2472.49
2343,4,2023-05-30,166.1,2360.76
2344,4,2023-05-31,197.7,2818.84
2345,4,2023-06-01,224.3,3250.13
2346,4,2023-06-02,179.8,2648.99
2347,4,2023-06-03,155.7,1548.88
2348,4,2023-06-04,215.5,3170.02
2349,4,2023-06-05,210.0,2095.09
2350,4,2023-06-06,187.7,1867.71
2351,4,2023-06-07,207.7,1781.72
2352,4,2023-06-08,195.4,1774.26
2353,4,2023-06-09,214.1,2100.46
2354,4,2023-06-10,158.1,1614.72
2355,4,2023-06-11,201.5,2975.24
2356,4,2023-06-12,196.8,2875.3
2357,4,2023-06-13,219.1,3147.56
2358,4,2023-06-14,174.6,1404.61
2359,4,2023-06-15,206.5,1672.2
2360,4,2023-06-16,215.0,2107.89
2361,4,2023-06-17,236.7,3108.41
2362,4,2023-06-18,197.6,2957.44
2363,4,2023-06-19,211.0,2476.25
2364,4,2023-06-20,175.4,1901.68
2365,4,2023-06-21,205.5,2511.61
2366,4,2023-06-22,225.3,2160.48
2367,4,2023-06-23,236.8,2748.19
2368,4,2023-06-24,212.5,3173.61
2369,4,2023-06-25,179.2,2402.65
2370,4,2023-06-26,228.1,2097.39
2371,4,2023-06-27,179.3,1976.65
2372,4,2023-06-28,185.7,2502.1
2373,4,2023-06-29,229.7,2764.76
2374,4,2023-06-30,204.1,2121.43
2375,4,2023-07-01,195.5,1871.23
2376,4,2023-07-02,217.0,2502.83
2377,4,2023-07-03,208.1,2313.64
2378,4,2023-07-04,242.0,3574.65
2379,4,2023-07-05,223.3,2004.19
2380,4,2023-07-06,208.8,2502.38
2381,4,2023-07-07,209.2,2724.67
2382,4,2023-07-08,222.6,2360.02
2383,4,2023-07-09,203.7,2191.94
2384,4,2023-07-10,190.4,2678.21
2385,4,2023-07-11,217.9,3217.28
2386,4,2023-07-12,200.3,2223.94
2387,4,2023-07-13,210.0,2691.07
2388,4,2023-07-14,171.8,1702.83
2389,4,2023-07-15,202.9,2125.14
2390,4,2023-07-16,196.3,2004.35
2391,4,2023-07-17,171.3,1600.52
2392,4,2023-07-18,203.3,2067.28
2393,4,2023-07-19,203.9,2265.73
2394,4,2023-07-20,211.1,2540.59
2395,4,2023-07-21,224.4,2748.75
2396,4,2023-07-22,221.2,1907.02
2397,4,2023-07-23,197.3,2401.59
2398,4,2023-07-24,208.0,2741.16
2399,4,2023-07-25,213.4,1752.57
2400,4,2023-07-26,197.7,2749.15
2401,4,2023-07-27,180.0,1608.98
2402,4,2023-07-28,201.4,2954.5
2403,4,2023-07-29,225.0,2658.0
2404,4,2023-07-30,179.3,1591.79
2405,4,2023-07-31,188.3,1788.03
2406,4,2023-08-01,191.5,2083.24
2407,4,2023-08-02,188.5,1991.33
2408,4,2023-08-03,216.5,2324.23
2409,4,2023-08-04,194.2,1645.8
2410,4,2023-08-05,216.9,2216.54
2411,4,2023-08-06,205.4,2761.44
2412,4,2023-08-07,175.5,2457.77
2413,4,2023-08-08,197.8,2533.64
2414,4,2023-08-09,221.4,2256.22
2415,4,2023-08-10,207.2,1671.56
2416,4,2023-08-11,198.9,2161.26
2417,4,2023-08-12,224.9,3006.08
2418,4,2023-08-13,186.5,1889.18
2419,4,2023-08-14,194.5,2164.15
2420,4,2023-08-15,219.5,2873.55
2421,4,2023-08-16,215.9,2648.03
2422,4,2023-08-17,185.2,2667.22
2423,4,2023-08-18,212.3,2543.25
2424,4,2023-08-19,193.6,1921.09
2425,4,2023-08-20,169.9,2047.94
2426,4,2023-08-21,199.1,2831.14
2427,4,2023-08-22,236.9,2755.63
2428,4,2023-08-23,221.5,1851.0
2429,4,2023-08-24,203.5,2070.01
2430,4,2023-08-25,177.8,1648.86
2431,4,2023-08-26,170.2,1669.25
2432,4,2023-08-27,205.0,2306.2
2433,4,2023-08-28,211.0,1844.69
2434,4,2023-08-29,216.2,2903.4
2435,4,2023-08-30,214.1,1883.33
2436,4,2023-08-31,215.5,2695.75
2437,4,2023-09-01,208.8,2614.75
2438,4,2023-09-02,224.1,2511.93
2439,4,2023-09-03,195.3,2436.07
2440,4,2023-09-04,204.6,1753.64
2441,4,2023-09-05,174.9,2067.32
2442,4,2023-09-06,194.9,1741.31
2443,4,2023-09-07,220.6,2017.48
2444,4,2023-09-08,214.8,1875.26
2445,4,2023-09-09,164.3,1437.36
2446,4,2023-09-10,238.1,2987.46
2447,4,2023-09-11,206.6,2557.79
2448,4,2023-09-12,206.9,1763.94
2449,4,2023-09-13,193.7,1902.62
2450,4,2023-09-14,197.1,2108.27
2451,4,2023-09-15,206.3,2856.16
2452,4,2023-09-16,213.6,2771.26
2453,4,2023-09-17,209.2,2076.88
2454,4,2023-09-18,194.9,2431.05
2455,4,2023-09-19,188.7,2739.23
2456,4,2023-09-20,187.6,1533.48
2457,4,2023-09-21,221.8,3072.94
2458,4,2023-09-22,219.5,3252.98
2459,4,2023-09-23,211.8,2654.75
2460,4,2023-09-24,221.6,1971.92
2461,4,2023-09-25,201.6,1668.9
2462,4,2023-09-26,217.8,2294.75
2463,4,2023-09-27,212.7,2385.11
2464,4,2023-09-28,218.2,1830.18
2465,4,2023-09-29,185.9,2695.28
2466,4,2023-09-30,161.8,2020.4
2467,4,2023-10-01,207.9,1759.51
2468,4,2023-10-02,170.9,2531.03
2469,4,2023-10-03,197.6,2072.58
2470,4,2023-10-04,166.4,2126.05
2471,4,2023-10-05,224.5,2216.9
2472,4,2023-10-06,219.3,2238.52
2473,4,2023-10-07,209.3,1732.53
2474,4,2023-10-08,189.3,2306.18
2475,4,2023-10-09,173.6,1482.32
2476,4,2023-10-10,166.1,2108.27
2477,4,2023-10-11,194.1,2125.14
2478,4,2023-10-12,215.0,2981.83
2479,4,2023-10-13,197.6,2342.41
2480,4,2023-10-14,211.6,1978.32
2481,4,2023-10-15,212.5,1772.44
2482,4,2023-10-16,214.6,2984.44
2483,4,2023-10-17,170.8,2020.21
2484,4,2023-10-18,190.5,1645.56
2485,4,2023-10-19,211.2,1965.62
2486,4,2023-10-20,228.2,2126.14
2487,4,2023-10-21,222.4,1806.14
2488,4,2023-10-22,208.1,1736.01
2489,4,2023-10-23,224.3,2307.36
2490,4,2023-10-24,207.9,2172.07
2491,4,2023-10-25,177.1,1449.94
2492,4,2023-10-26,214.1,2814.81
2493,4,2023-10-27,222.9,2940.36
2494,4,2023-10-28,233.9,2977.03
2495,4,2023-10-29,193.3,1716.88
2496,4,2023-10-30,183.6,1635.91
2497,4,2023-10-31,217.2,3200.65
2498,4,2023-11-01,209.9,2602.48
2499,4,2023-11-02,208.3,2567.97
2500,4,2023-11-03,224.3,3021.99
2501,4,2023-11-04,217.0,1821.4
2502,4,2023-11-05,211.4,2797.85
2503,4,2023-11-06,195.1,2435.57
2504,4,2023-11-07,215.4,2197.4
2505,4,2023-11-08,182.8,2373.86
2506,4,2023-11-09,207.5,1915.84
2507,4,2023-11-10,202.2,2912.07
2508,4,2023-11-11,176.1,1669.36
2509,4,2023-11-12,209.7,2412.85
2510,4,2023-11-13,193.0,2776.07
2511,4,2023-11-14,209.3,2015.32
2512,4,2023-11-15,186.6,1697.83
2513,4,2023-11-16,216.9,2881.84
2514,4,2023-11-17,230.6,2344.8
2515,4,2023-11-18,166.3,2476.02
2516,4,2023-11-19,182.6,1834.28
2517,4,2023-11-20,186.5,2229.19
2518,4,2023-11-21,179.9,1757.01
2519,4,2023-11-22,198.9,2838.74
2520,4,2023-11-23,208.8,1821.85
2521,4,2023-11-24,214.0,1964.83
2522,4,2023-11-25,206.9,3057.35
2523,4,2023-11-26,213.4,2718.46
2524,4,2023-11-27,201.2,2034.73
2525,4,2023-11-28,192.5,1665.6
2526,4,2023-11-29,186.7,1681.77
2527,4,2023-11-30,199.4,2705.2
2528,4,2023-12-01,187.1,1681.59
2529,4,2023-12-02,208.1,1952.26
2530,4,2023-12-03,187.3,1626.1
2531,4,2023-12-04,194.1,2443.93
2532,4,2023-12-05,220.2,2589.79
2533,4,2023-12-06,222.0,2752.45
2534,4,2023-12-07,221.3,2182.94
2535,4,2023-12-08,201.3,2865.76
2536,4,2023-12-09,192.9,2312.76
2537,4,2023-12-10,210.5,2677.75
2538,4,2023-12-11,187.4,2785.18
2539,4,2023-12-12,214.5,1876.83
2540,4,2023-12-13,191.4,2577.44
2541,4,2023-12-14,198.4,2463.03
2542,4,2023-12-15,214.9,2365.73
2543,4,2023-12-16,171.6,2287.89
2544,4,2023-12-17,192.0,2794.32
2545,4,2023-12-18,208.2,2033.79
2546,4,2023-12-19,211.7,1793.56
2547,4,2023-12-20,208.8,2595.91
2548,4,2023-12-21,198.1,2584.12
2549,4,2023-12-22,216.5,1774.57
2550,4,2023-12-23,185.7,1973.76
2551,4,2023-12-24,185.0,2546.43
2552,4,2023-12-25,207.9,2004.87
2553,4,2023-12-26,183.9,2238.81
2554,4,2023-12-27,230.5,2017.74
2555,4,2023-12-28,215.0,3224.32
2556,4,2023-12-29,192.2,1822.24
2557,4,2023-12-30,216.0,3187.66
2558,4,2023-12-31,181.2,2610.76
2559,4,2024-01-01,226.0,2022.57
2560,4,2024-01-02,201.9,2996.86
2561,4,2024-01-03,191.7,1898.1
2562,4,2024-01-04,196.6,2696.24
2563,4,2024-01-05,189.1,1965.71
2564,4,2024-01-06,197.9,2942.65
2565,4,2024-01-07,181.9,1667.26
2566,4,2024-01-08,232.0,3457.54
2567,4,2024-01-09,192.1,1630.77
2568,4,2024-01-10,215.4,1808.79
2569,4,2024-01-11,205.0,2972.81
2570,4,2024-01-12,185.0,2123.5
2571,4,2024-01-13,198.3,2570.14
2572,4,2024-01-14,221.4,2905.31
2573,4,2024-01-15,193.7,2414.15
2574,4,2024-01-16,183.3,1557.49
2575,4,2024-01-17,210.5,3152.02
2576,4,2024-01-18,165.1,1868.67
2577,4,2024-01-19,196.7,2670.14
2578,4,2024-01-20,222.9,2712.35
2579,4,2024-01-21,197.7,2417.76
2580,4,2024-01-22,217.0,2692.44
2581,4,2024-01-23,183.0,1583.84
2582,4,2024-01-24,197.0,1598.98
2583,4,2024-01-25,195.4,1852.96
2584,4,2024-01-26,209.4,2753.82
2585,4,2024-01-27,202.3,1848.66
2586,4,2024-01-28,167.4,2463.64
2587,4,2024-01-29,225.2,2028.85
2588,4,2024-01-30,192.6,1552.04
2589,4,2024-01-31,202.0,2260.31
2590,4,2024-02-01,195.9,2277.59
2591,4,2024-02-02,200.8,2615.49
2592,4,2024-02-03,199.3,2211.68
2593,4,2024-02-04,186.2,2549.23
2594,4,2024-02-05,213.9,2592.31
2595,4,2024-02-06,189.8,2353.11
2596,4,2024-02-07,188.7,2605.93
2597,4,2024-02-08,175.1,2463.62
2598,4,2024-02-09,191.9,2434.26
2599,4,2024-02-10,189.5,1787.35
2600,4,2024-02-11,152.2,1884.82
2601,4,2024-02-12,167.1,1999.04
2602,4,2024-02-13,153.5,2212.82
2603,4,2024-02-14,197.0,2567.7
2604,4,2024-02-15,224.0,2711.51
2605,4,2024-02-16,177.5,1996.37
2606,4,2024-02-17,200.2,1945.92
2607,4,2024-02-18,196.6,2883.06
2608,4,2024-02-19,211.2,2477.63
2609,4,2024-02-20,212.5,1892.11
2610,4,2024-02-21,236.7,2516.41
2611,4,2024-02-22,204.8,2278.76
2612,4,2024-02-23,187.2,2517.42
2613,4,2024-02-24,191.2,2073.04
2614,4,2024-02-25,192.7,2791.75
2615,4,2024-02-26,189.9,2206.24
2616,4,2024-02-27,228.4,1961.88
2617,4,2024-02-28,211.4,1853.62
2618,4,2024-02-29,173.2,2557.23
2619,4,2024-03-01,208.5,2026.53
2620,4,2024-03-02,182.8,2381.09
2621,4,2024-03-03,212.0,2608.45
2622,4,2024-03-04,218.9,3119.15
2623,4,2024-03-05,196.6,1914.03
2624,4,2024-03-06,190.8,2845.43
2625,4,2024-03-07,225.0,2878.13
2626,4,2024-03-08,188.7,1789.4
2627,4,2024-03-09,187.0,2034.48
2628,4,2024-03-10,184.4,1778.0
2629,4,2024-03-11,198.9,2062.68
2630,4,2024-03-12,204.3,1644.9
2631,4,2024-03-13,216.2,1951.17
2632,4,2024-03-14,209.0,1906.05
2633,4,2024-03-15,208.7,1735.55
2634,4,2024-03-16,221.5,2736.98
2635,4,2024-03-17,183.6,2457.78
2636,4,2024-03-18,176.0,2407.02
2637,4,2024-03-19,209.8,2275.26
2638,4,2024-03-20,198.0,2653.35
2639,4,2024-03-21,216.1,3101.57
2640,4,2024-03-22,199.4,1717.49
2641,4,2024-03-23,189.9,2589.29
2642,4,2024-03-24,209.9,2928.96
2643,4,2024-03-25,201.4,1681.32
2644,4,2024-03-26,199.4,1804.14
2645,4,2024-03-27,239.9,3002.77
2646,4,2024-03-28,219.8,1784.19
2647,4,2024-03-29,212.0,2684.59
2648,4,2024-03-30,201.8,2776.34
2649,4,2024-03-31,200.3,2247.18
2650,4,2024-04-01,194.8,2238.84
2651,4,2024-04-02,203.4,2343.47
2652,4,2024-04-03,191.7,2559.99
2653,4,2024-04-04,179.9,2256.06
2654,4,2024-04-05,199.0,1831.82
2655,4,2024-04-06,204.6,1862.35
2656,4,2024-04-07,215.8,3179.74
2657,4,2024-04-08,186.5,2310.53
2658,4,2024-04-09,200.3,1957.3
2659,4,2024-04-10,208.4,3094.92
2660,4,2024-04-11,208.0,2394.38
2661,4,2024-04-12,226.5,2021.89
2662,4,2024-04-13,194.9,2305.04
2663,4,2024-04-14,185.1,2022.41
2664,4,2024-04-15,201.2,2811.86
2665,4,2024-04-16,195.6,2763.03
2666,4,2024-04-17,192.8,1715.98
2667,4,2024-04-18,190.6,2356.18
2668,4,2024-04-19,204.5,2145.21
2669,4,2024-04-20,188.4,2349.86
2670,4,2024-04-21,211.6,2041.41
2671,4,2024-04-22,210.7,1872.57
2672,4,2024-04-23,205.9,2895.72
2673,4,2024-04-24,182.8,2009.41
2674,4,2024-04-25,203.6,1857.81
2675,4,2024-04-26,216.6,1893.14
2676,4,2024-04-27,212.7,2454.97
2677,4,2024-04-28,210.1,2469.04
2678,4,2024-04-29,199.6,2148.04
2679,4,2024-04-30,198.9,2248.17
2680,4,2024-05-01,219.4,2508.05
2681,4,2024-05-02,203.9,2207.43
2682,4,2024-05-03,204.1,2109.14
2683,4,2024-05-04,245.3,2371.53
2684,4,2024-05-05,194.1,2631.41
2685,4,2024-05-06,164.2,1436.64
2686,4,2024-05-07,196.3,1898.73
2687,4,2024-05-08,197.2,1810.91
2688,4,2024-05-09,203.5,2284.66
2689,4,2024-05-10,207.2,2458.15
2690,4,2024-05-11,166.5,1747.43
2691,4,2024-05-12,207.5,2208.5
2692,4,2024-05-13,198.1,1942.69
2693,4,2024-05-14,194.6,2591.78
2694,4,2024-05-15,172.3,1627.0
2695,4,2024-05-16,222.8,2311.15
2696,4,2024-05-17,191.9,2293.03
2697,4,2024-05-18,210.0,1756.57
2698,4,2024-05-19,185.5,2590.72
2699,4,2024-05-20,204.0,2135.82
2700,4,2024-05-21,194.7,2543.04
2701,4,2024-05-22,209.4,1860.41
2702,4,2024-05-23,194.2,1795.97
2703,4,2024-05-24,184.7,1730.8
2704,4,2024-05-25,198.6,2900.3
2705,4,2024-05-26,197.7,2859.81
2706,4,2024-05-27,202.8,2395.76
2707,4,2024-05-28,214.2,2701.32
2708,4,2024-05-29,181.2,2703.51
2709,4,2024-05-30,213.2,1783.46
2710,4,2024-05-31,178.8,1573.03
2711,4,2024-06-01,208.5,2411.82
2712,4,2024-06-02,209.0,2111.02
2713,4,2024-06-03,190.8,2028.41
2714,4,2024-06-04,185.9,2471.57
2715,4,2024-06-05,185.1,1504.14
2716,4,2024-06-06,199.8,1741.75
2717,4,2024-06-07,210.0,2617.02
2718,4,2024-06-08,196.2,2670.17
2719,4,2024-06-09,162.1,1419.63
2720,4,2024-06-10,189.6,2679.72
2721,4,2024-06-11,189.1,2190.49
2722,4,2024-06-12,206.5,2355.99
2723,4,2024-06-13,207.3,2499.69
2724,4,2024-06-14,200.9,2366.78
2725,4,2024-06-15,212.9,1906.31
2726,4,2024-06-16,214.2,2967.55
2727,4,2024-06-17,190.4,1854.89
2728,4,2024-06-18,184.5,1956.91
2729,4,2024-06-19,197.0,2138.16
2730,4,2024-06-20,170.1,2535.69
2731,4,2024-06-21,200.7,1682.32
2732,4,2024-06-22,189.5,2625.68
2733,4,2024-06-23,249.7,2978.79
2734,4,2024-06-24,220.9,2031.71
2735,4,2024-06-25,188.0,2285.21
2736,4,2024-06-26,181.2,1716.09
2737,4,2024-06-27,186.7,1671.27
2738,4,2024-06-28,214.3,1932.88
2739,4,2024-06-29,214.7,2894.2
2740,4,2024-06-30,221.1,3219.04
2741,4,2024-07-01,183.8,1783.69
2742,4,2024-07-02,206.0,2862.28
2743,4,2024-07-03,185.1,2673.13
2744,4,2024-07-04,224.9,2823.04
2745,4,2024-07-05,184.2,1992.65
2746,4,2024-07-06,177.6,1484.26
2747,4,2024-07-07,180.1,1946.8
2748,4,2024-07-08,197.8,2067.53
2749,4,2024-07-09,209.1,1897.51
2750,4,2024-07-10,208.0,2197.44
2751,4,2024-07-11,180.7,2455.32
2752,4,2024-07-12,191.6,2481.32
2753,4,2024-07-13,189.5,1656.51
2754,4,2024-07-14,178.5,2213.11
2755,4,2024-07-15,189.1,2278.82
2756,4,2024-07-16,219.9,3162.3
2757,4,2024-07-17,176.5,1879.61
2758,4,2024-07-18,201.3,2797.84
2759,4,2024-07-19,220.3,3098.99
2760,4,2024-07-20,219.3,3126.66
2761,4,2024-07-21,225.5,2998.51
2762,4,2024-07-22,202.7,2483.0
2763,4,2024-07-23,205.1,2674.67
2764,4,2024-07-24,189.2,1627.84
2765,4,2024-07-25,176.0,1823.79
2766,4,2024-07-26,195.2,1586.02
2767,4,2024-07-27,215.9,2663.26
2768,4,2024-07-28,160.9,2034.26
2769,4,2024-07-29,189.8,1678.58
2770,4,2024-07-30,206.6,2883.81
2771,4,2024-07-31,197.5,2937.0
2772,4,2024-08-01,218.0,1892.64
2773,4,2024-08-02,213.9,2234.75
2774,4,2024-08-03,174.0,2522.62
2775,4,2024-08-04,198.8,2412.22
2776,4,2024-08-05,185.2,2327.61
2777,4,2024-08-06,185.0,2572.16
2778,4,2024-08-07,175.0,1638.85
2779,4,2024-08-08,201.3,2684.62
2780,4,2024-08-09,218.2,2835.98
2781,4,2024-08-10,202.7,2853.16
2782,4,2024-08-11,174.0,1918.44
2783,4,2024-08-12,196.4,1767.13
2784,4,2024-08-13,205.6,2205.4
2785,4,2024-08-14,195.1,2746.61
2786,4,2024-08-15,202.3,2866.73
2787,4,2024-08-16,186.2,2433.69
2788,4,2024-08-17,193.2,1966.67
2789,4,2024-08-18,192.2,2190.21
2790,4,2024-08-19,221.4,2976.4
2791,4,2024-08-20,180.2,1916.11
2792,4,2024-08-21,162.2,1714.3
2793,4,2024-08-22,220.1,2317.84
2794,4,2024-08-23,198.9,2321.55
2795,4,2024-08-24,177.0,1759.35
2796,4,2024-08-25,211.8,3078.16
2797,4,2024-08-26,206.4,2586.83
2798,4,2024-08-27,224.3,1840.16
2799,4,2024-08-28,200.1,2365.47
2800,4,2024-08-29,236.9,2490.98
2801,4,2024-08-30,194.9,2196.35
2802,4,2024-08-31,206.3,1726.66
2803,4,2024-09-01,208.7,2024.92
2804,4,2024-09-02,248.8,3288.09
2805,4,2024-09-03,189.7,2129.32
2806,4,2024-09-04,189.2,1892.54
2807,4,2024-09-05,209.0,2624.28
2808,4,2024-09-06,175.4,2415.75
2809,4,2024-09-07,184.4,1828.68
2810,4,2024-09-08,194.3,2887.51
2811,4,2024-09-09,223.4,1798.58
2812,4,2024-09-10,208.9,2429.03
2813,4,2024-09-11,197.9,2858.76
2814,4,2024-09-12,188.0,2779.08
2815,4,2024-09-13,161.4,2358.71
2816,4,2024-09-14,230.7,2933.48
2817,4,2024-09-15,195.6,1893.47
2818,4,2024-09-16,184.2,2079.69
2819,4,2024-09-17,234.6,2462.4
2820,4,2024-09-18,175.8,1608.91
2821,4,2024-09-19,218.0,2757.24
2822,4,2024-09-20,196.7,2039.32
2823,4,2024-09-21,208.6,3082.7
2824,4,2024-09-22,205.4,2922.64
2825,4,2024-09-23,208.3,1707.38
2826,4,2024-09-24,236.4,2299.31
2827,4,2024-09-25,232.9,2771.39
2828,4,2024-09-26,184.8,2439.58
2829,4,2024-09-27,204.6,1763.42
2830,4,2024-09-28,168.0,1830.31
2831,4,2024-09-29,210.1,3137.82
2832,4,2024-09-30,214.1,2129.76
2833,4,2024-10-01,161.5,1790.49
2834,4,2024-10-02,195.8,2741.38
2835,4,2024-10-03,208.4,1963.8
2836,4,2024-10-04,202.0,2851.38
2837,4,2024-10-05,175.8,2036.56
2838,4,2024-10-06,177.4,2586.88
2839,4,2024-10-07,193.8,2712.2
2840,4,2024-10-08,189.0,2035.9
2841,4,2024-10-09,190.5,2037.65
2842,4,2024-10-10,173.6,2501.46
2843,4,2024-10-11,196.5,2932.17
2844,4,2024-10-12,222.9,2508.93
2845,4,2024-10-13,176.3,2579.33
2846,4,2024-10-14,192.3,2570.48
2847,4,2024-10-15,206.1,2690.04
2848,4,2024-10-16,169.9,2478.87
2849,4,2024-10-17,196.6,2638.75
2850,4,2024-10-18,213.2,2544.8
2851,4,2024-10-19,179.2,1592.25
2852,4,2024-10-20,198.1,2319.25
2853,4,2024-10-21,211.8,3130.9
2854,4,2024-10-22,234.7,2672.76
2855,4,2024-10-23,197.2,2738.55
2856,4,2024-10-24,183.8,2753.38
2857,4,2024-10-25,165.3,2371.44
2858,4,2024-10-26,183.9,1717.57
2859,4,2024-10-27,172.4,1429.0
2860,4,2024-10-28,224.2,2338.35
2861,4,2024-10-29,210.5,3082.43
2862,4,2024-10-30,176.9,1746.97
2863,4,2024-10-31,182.8,2657.56
2864,4,2024-11-01,196.7,2629.3
2865,4,2024-11-02,212.8,2666.71
2866,4,2024-11-03,203.9,3014.89
2867,4,2024-11-04,202.2,2349.92
2868,4,2024-11-05,198.9,1754.12
2869,4,2024-11-06,177.5,2156.76
2870,4,2024-11-07,196.8,2239.49
2871,4,2024-11-08,194.8,2854.4
2872,4,2024-11-09,172.0,1837.45
2873,4,2024-11-10,223.4,2731.39
2874,4,2024-11-11,185.5,1872.6
2875,4,2024-11-12,172.3,2543.47
2876,4,2024-11-13,188.1,1676.52
2877,4,2024-11-14,191.0,1824.83
2878,4,2024-11-15,194.2,2613.98
2879,4,2024-11-16,190.7,1638.95
2880,4,2024-11-17,195.0,2662.97
2881,4,2024-11-18,197.8,2765.02
2882,4,2024-11-19,196.9,2516.51
2883,4,2024-11-20,201.8,2332.5
2884,4,2024-11-21,202.8,1952.87
2885,4,2024-11-22,203.2,3020.6
2886,4,2024-11-23,207.3,1884.76
2887,4,2024-11-24,183.6,2486.88
2888,4,2024-11-25,184.1,1713.68
2889,4,2024-11-26,212.4,2523.65
2890,4,2024-11-27,188.3,2694.37
2891,4,2024-11-28,193.0,2448.02
2892,4,2024-11-29,191.5,2722.81
2893,4,2024-11-30,233.1,2172.11
2894,4,2024-12-01,180.8,2464.5
2895,4,2024-12-02,180.4,2149.82
2896,4,2024-12-03,194.8,2243.75
2897,4,2024-12-04,191.9,1983.6
2898,4,2024-12-05,176.0,2051.17
2899,4,2024-12-06,193.4,2576.95
2900,4,2024-12-07,195.1,2535.19
2901,4,2024-12-08,186.4,2476.77
2902,4,2024-12-09,192.3,2824.48
2903,4,2024-12-10,182.0,1690.27
2904,4,2024-12-11,175.9,2118.05
2905,4,2024-12-12,187.8,2419.3
2906,4,2024-12-13,178.1,2123.34
2907,4,2024-12-14,173.0,2064.45
2908,4,2024-12-15,163.7,1316.62
2909,4,2024-12-16,198.4,2864.31
2910,4,2024-12-17,187.2,1852.48
2911,4,2024-12-18,212.1,3005.25
2912,4,2024-12-19,162.0,2363.41
2913,4,2024-12-20,188.5,2390.33
2914,4,2024-12-21,198.2,2154.58
2915,4,2024-12-22,184.0,1717.68
2916,4,2024-12-23,193.9,2623.75
2917,4,2024-12-24,163.7,1749.28
2918,4,2024-12-25,187.4,2619.34
2919,4,2024-12-26,180.3,1591.12
2920,4,2024-12-27,210.0,2050.02
2921,4,2024-12-28,197.0,2311.19
2922,4,2024-12-29,207.3,2524.15
2923,4,2024-12-30,213.8,2493.7
2924,4,2024-12-31,185.9,1639.48
2925,5,2023-01-01,280.1,2410.5
2926,5,2023-01-02,308.8,3779.27
2927,5,2023-01-03,298.8,3499.97
2928,5,2023-01-04,285.1,3603.14
2929,5,2023-01-05,258.1,2427.63
2930,5,2023-01-06,337.9,3425.91
2931,5,2023-01-07,345.5,4648.79
2932,5,2023-01-08,303.0,4051.46
2933,5,2023-01-09,290.0,3828.61
2934,5,2023-01-10,281.3,3113.21
2935,5,2023-01-11,299.6,4346.9
2936,5,2023-01-12,325.8,4767.58
2937,5,2023-01-13,293.0,3593.93
2938,5,2023-01-14,276.9,2711.28
2939,5,2023-01-15,334.7,3208.82
2940,5,2023-01-16,273.8,3344.05
2941,5,2023-01-17,281.6,3233.13
2942,5,2023-01-18,301.0,2962.15
2943,5,2023-01-19,274.9,3916.05
2944,5,2023-01-20,308.9,3402.94
2945,5,2023-01-21,288.0,3128.04
2946,5,2023-01-22,262.4,2887.34
2947,5,2023-01-23,309.5,2800.47
2948,5,2023-01-24,354.9,3002.14
2949,5,2023-01-25,304.8,3204.28
2950,5,2023-01-26,334.0,4561.4
2951,5,2023-01-27,324.3,3288.92
2952,5,2023-01-28,283.2,2409.72
2953,5,2023-01-29,290.6,3937.78
2954,5,2023-01-30,310.0,3086.02
2955,5,2023-01-31,315.0,2612.19
2956,5,2023-02-01,302.5,4178.51
2957,5,2023-02-02,340.1,3966.69
2958,5,2023-02-03,324.7,4585.51
2959,5,2023-02-04,302.6,2458.35
2960,5,2023-02-05,306.7,3563.12
2961,5,2023-02-06,237.5,2394.47
2962,5,2023-02-07,311.2,3974.66
2963,5,2023-02-08,308.5,4202.46
2964,5,2023-02-09,280.3,3056.75
2965,5,2023-02-10,270.8,3080.87
2966,5,2023-02-11,270.8,3529.98
2967,5,2023-02-12,323.6,3454.97
2968,5,2023-02-13,256.4,2597.87
2969,5,2023-02-14,282.8,3946.96
2970,5,2023-02-15,261.0,3546.59
2971,5,2023-02-16,272.9,2617.3
2972,5,2023-02-17,274.7,2850.35
2973,5,2023-02-18,225.7,2150.5
2974,5,2023-02-19,292.0,2602.76
2975,5,2023-02-20,270.1,3047.03
2976,5,2023-02-21,313.1,3800.85
2977,5,2023-02-22,327.0,2655.51
2978,5,2023-02-23,302.6,3585.06
2979,5,2023-02-24,292.0,2344.04
2980,5,2023-02-25,321.0,2592.99
2981,5,2023-02-26,267.0,3378.13
2982,5,2023-02-27,287.4,3724.77
2983,5,2023-02-28,267.3,3569.02
2984,5,2023-03-01,289.5,3917.03
2985,5,2023-03-02,316.8,4169.77
2986,5,2023-03-03,302.8,4293.02
2987,5,2023-03-04,331.0,4965.05
2988,5,2023-03-05,283.8,3710.36
2989,5,2023-03-06,294.9,3571.15
2990,5,2023-03-07,269.7,2486.92
2991,5,2023-03-08,276.6,3370.88
2992,5,2023-03-09,292.3,3569.78
2993,5,2023-03-10,346.1,4029.2
2994,5,2023-03-11,332.3,4078.64
2995,5,2023-03-12,272.3,3152.93
2996,5,2023-03-13,270.0,3684.24
2997,5,2023-03-14,296.5,4046.97
2998,5,2023-03-15,280.6,2552.85
2999,5,2023-03-16,268.6,2950.18
3000,5,2023-03-17,299.6,3554.75
3001,5,2023-03-18,257.1,2776.79
3002,5,2023-03-19,309.4,4160.99
3003,5,2023-03-20,246.3,2544.26
3004,5,2023-03-21,327.2,2903.92
3005,5,2023-03-22,300.9,2954.69
3006,5,2023-03-23,277.7,2716.17
3007,5,2023-03-24,337.2,3559.76
3008,5,2023-03-25,320.7,3767.63
3009,5,2023-03-26,307.0,4514.04
3010,5,2023-03-27,305.7,4209.05
3011,5,2023-03-28,263.1,2288.67
3012,5,2023-03-29,299.4,2509.16
3013,5,2023-03-30,318.1,3676.97
3014,5,2023-03-31,306.7,2570.71
3015,5,2023-04-01,310.4,3782.14
3016,5,2023-04-02,294.6,4025.77
3017,5,2023-04-03,310.9,2996.96
3018,5,2023-04-04,312.5,2631.3
3019,5,2023-04-05,267.9,3948.29
3020,5,2023-04-06,294.3,2951.47
3021,5,2023-04-07,285.2,2927.2
3022,5,2023-04-08,317.7,4621.22
3023,5,2023-04-09,262.8,2297.46
3024,5,2023-04-10,255.3,3240.97
3025,5,2023-04-11,308.7,3747.7
3026,5,2023-04-12,254.2,3313.37
3027,5,2023-04-13,295.3,3046.6
3028,5,2023-04-14,332.7,4611.39
3029,5,2023-04-15,294.8,3185.89
3030,5,2023-04-16,246.5,3448.04
3031,5,2023-04-17,246.2,3158.67
3032,5,2023-04-18,265.0,3237.14
3033,5,2023-04-19,293.3,3856.7
3034,5,2023-04-20,269.6,4029.69
3035,5,2023-04-21,259.3,2484.6
3036,5,2023-04-22,326.2,4602.13
3037,5,2023-04-23,279.3,2627.11
3038,5,2023-04-24,308.6,4013.58
3039,5,2023-04-25,265.8,2409.39
3040,5,2023-04-26,266.9,2628.69
3041,5,2023-04-27,330.9,3425.85
3042,5,2023-04-28,280.8,2892.0
3043,5,2023-04-29,288.3,2670.93
3044,5,2023-04-30,249.6,2845.5
3045,5,2023-05-01,319.9,2570.48
3046,5,2023-05-02,295.3,4299.02
3047,5,2023-05-03,342.6,3965.71
3048,5,2023-05-04,287.2,3256.14
3049,5,2023-05-05,304.4,3464.84
3050,5,2023-05-06,308.0,2704.71
3051,5,2023-05-07,296.9,3475.2
3052,5,2023-05-08,286.8,3261.78
3053,5,2023-05-09,312.2,3871.51
3054,5,2023-05-10,302.3,4033.27
3055,5,2023-05-11,276.4,2741.67
3056,5,2023-05-12,321.9,4380.12
3057,5,2023-05-13,311.0,2639.75
3058,5,2023-05-14,286.7,2410.12
3059,5,2023-05-15,297.2,3167.75
3060,5,2023-05-16,306.5,4071.34
3061,5,2023-05-17,300.9,2615.4
3062,5,2023-05-18,339.8,4650.68
3063,5,2023-05-19,288.1,4019.82
3064,5,2023-05-20,296.9,4199.05
3065,5,2023-05-21,339.7,3626.9
3066,5,2023-05-22,307.2,3063.81
3067,5,2023-05-23,308.4,3879.65
3068,5,2023-05-24,302.1,3498.93
3069,5,2023-05-25,277.5,3326.5
3070,5,2023-05-26,290.3,3100.61
3071,5,2023-05-27,273.2,3319.95
3072,5,2023-05-28,317.0,3729.22
3073,5,2023-05-29,307.4,2775.21
3074,5,2023-05-30,283.6,3680.28
3075,5,2023-05-31,299.5,2591.48
3076,5,2023-06-01,287.2,3239.19
3077,5,2023-06-02,299.1,3258.31
3078,5,2023-06-03,311.4,3129.39
3079,5,2023-06-04,295.9,3027.89
3080,5,2023-06-05,236.5,3496.18
3081,5,2023-06-06,333.0,4767.78
3082,5,2023-06-07,275.1,3838.16
3083,5,2023-06-08,269.7,2300.39
3084,5,2023-06-09,286.9,3454.44
3085,5,2023-06-10,314.9,3164.37
3086,5,2023-06-11,301.2,2762.81
3087,5,2023-06-12,256.0,2285.07
3088,5,2023-06-13,262.2,3331.01
3089,5,2023-06-14,334.3,3499.74
3090,5,2023-06-15,293.4,3015.86
3091,5,2023-06-16,316.5,2621.49
3092,5,2023-06-17,289.9,3951.82
3093,5,2023-06-18,315.1,4289.55
3094,5,2023-06-19,283.0,2954.59
3095,5,2023-06-20,271.3,3873.06
3096,5,2023-06-21,303.1,3283.24
3097,5,2023-06-22,334.5,4597.67
3098,5,2023-06-23,282.3,2725.29
3099,5,2023-06-24,266.0,2814.36
3100,5,2023-06-25,329.6,4229.45
3101,5,2023-06-26,254.1,3519.85
3102,5,2023-06-27,264.1,2299.77
3103,5,2023-06-28,264.4,2143.96
3104,5,2023-06-29,310.3,2845.01
3105,5,2023-06-30,328.0,2672.03
3106,5,2023-07-01,310.0,2559.27
3107,5,2023-07-02,285.8,3766.69
3108,5,2023-07-03,299.4,3044.57
3109,5,2023-07-04,301.5,3260.2
3110,5,2023-07-05,309.5,2641.71
3111,5,2023-07-06,308.4,2473.42
3112,5,2023-07-07,325.3,2624.07
3113,5,2023-07-08,276.9,3448.08
3114,5,2023-07-09,309.6,3461.61
3115,5,2023-07-10,281.4,3415.11
3116,5,2023-07-11,306.4,3535.6
3117,5,2023-07-12,296.6,4002.44
3118,5,2023-07-13,279.0,3784.99
3119,5,2023-07-14,287.4,3967.9
3120,5,2023-07-15,265.3,2684.14
3121,5,2023-07-16,249.8,2809.42
3122,5,2023-07-17,285.2,4054.17
3123,5,2023-07-18,342.3,3706.8
3124,5,2023-07-19,249.8,2803.48
3125,5,2023-07-20,338.1,3769.39
3126,5,2023-07-21,268.7,2784.78
3127,5,2023-07-22,258.1,3734.93
3128,5,2023-07-23,276.7,3223.78
3129,5,2023-07-24,286.8,2811.96
3130,5,2023-07-25,291.5,3162.09
3131,5,2023-07-26,247.3,2035.45
3132,5,2023-07-27,282.3,3424.04
3133,5,2023-07-28,248.1,2051.08
3134,5,2023-07-29,295.6,4422.41
3135,5,2023-07-30,329.3,3676.49
3136,5,2023-07-31,288.1,2391.65
3137,5,2023-08-01,264.7,3670.94
3138,5,2023-08-02,263.2,3310.37
3139,5,2023-08-03,287.2,3633.32
3140,5,2023-08-04,244.1,2855.3
3141,5,2023-08-05,284.9,3652.39
3142,5,2023-08-06,286.5,2609.44
3143,5,2023-08-07,274.8,2827.26
3144,5,2023-08-08,314.7,2541.61
3145,5,2023-08-09,275.1,3688.88
3146,5,2023-08-10,298.6,3417.43
3147,5,2023-08-11,300.2,2575.03
3148,5,2023-08-12,323.3,4318.79
3149,5,2023-08-13,289.6,2666.36
3150,5,2023-08-14,272.3,3612.36
3151,5,2023-08-15,293.1,3426.75
3152,5,2023-08-16,310.6,4146.38
3153,5,2023-08-17,310.8,3913.59
3154,5,2023-08-18,307.9,3480.1
3155,5,2023-08-19,276.8,3423.39
3156,5,2023-08-20,292.5,3622.28
3157,5,2023-08-21,290.7,2482.56
3158,5,2023-08-22,313.7,3182.12
3159,5,2023-08-23,261.7,2607.48
3160,5,2023-08-24,307.4,4224.46
3161,5,2023-08-25,296.6,3034.04
3162,5,2023-08-26,352.8,4627.81
3163,5,2023-08-27,313.9,2665.04
3164,5,2023-08-28,269.1,3780.69
3165,5,2023-08-29,221.9,2723.97
3166,5,2023-08-30,289.7,3583.38
3167,5,2023-08-31,299.1,2970.14
3168,5,2023-09-01,277.4,3975.81
3169,5,2023-09-02,278.0,3795.83
3170,5,2023-09-03,315.2,3307.55
3171,5,2023-09-04,276.1,2977.62
3172,5,2023-09-05,338.6,3478.83
3173,5,2023-09-06,286.4,3249.19
3174,5,2023-09-07,243.2,2748.02
3175,5,2023-09-08,283.1,2769.74
3176,5,2023-09-09,283.7,4085.55
3177,5,2023-09-10,297.0,3951.32
3178,5,2023-09-11,279.3,3817.79
3179,5,2023-09-12,282.2,2701.29
3180,5,2023-09-13,302.5,3405.47
3181,5,2023-09-14,311.2,3875.26
3182,5,2023-09-15,268.5,3791.96
3183,5,2023-09-16,287.8,3186.53
3184,5,2023-09-17,245.5,3270.9
3185,5,2023-09-18,304.8,4363.7
3186,5,2023-09-19,287.1,4049.44
3187,5,2023-09-20,283.4,2479.89
3188,5,2023-09-21,294.3,2562.72
3189,5,2023-09-22,290.3,4301.13
3190,5,2023-09-23,283.4,3137.45
3191,5,2023-09-24,301.4,2949.86
3192,5,2023-09-25,290.7,4072.27
3193,5,2023-09-26,342.1,3559.09
3194,5,2023-09-27,324.7,3873.79
3195,5,2023-09-28,303.9,3213.75
3196,5,2023-09-29,281.6,2534.65
3197,5,2023-09-30,269.1,3572.23
3198,5,2023-10-01,301.5,4455.21
3199,5,2023-10-02,327.7,4514.53
3200,5,2023-10-03,309.0,2593.08
3201,5,2023-10-04,354.7,3257.3
3202,5,2023-10-05,252.8,2592.95
3203,5,2023-10-06,318.5,4619.43
3204,5,2023-10-07,284.2,3523.97
3205,5,2023-10-08,255.1,3794.11
3206,5,2023-10-09,274.7,4088.09
3207,5,2023-10-10,312.9,3398.53
3208,5,2023-10-11,276.4,2843.49
3209,5,2023-10-12,282.6,2356.57
3210,5,2023-10-13,293.2,3265.38
3211,5,2023-10-14,311.4,2766.61
3212,5,2023-10-15,286.2,2536.71
3213,5,2023-10-16,294.2,3242.2
3214,5,2023-10-17,276.0,3683.03
3215,5,2023-10-18,291.0,4007.68
3216,5,2023-10-19,313.6,4389.32
3217,5,2023-10-20,242.6,3573.97
3218,5,2023-10-21,305.2,3611.11
3219,5,2023-10-22,293.4,3554.72
3220,5,2023-10-23,275.9,3937.3
3221,5,2023-10-24,258.7,3818.61
3222,5,2023-10-25,319.9,4354.82
3223,5,2023-10-26,255.3,2709.75
3224,5,2023-10-27,310.3,3937.41
3225,5,2023-10-28,286.1,3718.57
3226,5,2023-10-29,283.9,3224.95
3227,5,2023-10-30,263.1,2918.83
3228,5,2023-10-31,281.7,3773.39
3229,5,2023-11-01,266.8,2733.77
3230,5,2023-11-02,295.1,4153.19
3231,5,2023-11-03,302.0,3266.85
3232,5,2023-11-04,256.4,2423.97
3233,5,2023-11-05,302.8,3824.26
3234,5,2023-11-06,306.8,2961.87
3235,5,2023-11-07,292.7,3476.38
3236,5,2023-11-08,268.0,2497.7
3237,5,2023-11-09,319.2,3335.13
3238,5,2023-11-10,289.6,3177.77
3239,5,2023-11-11,324.8,4365.96
3240,5,2023-11-12,313.3,3727.11
3241,5,2023-11-13,294.0,2714.05
3242,5,2023-11-14,276.1,3594.36
3243,5,2023-11-15,265.1,2621.58
3244,5,2023-11-16,306.8,3860.96
3245,5,2023-11-17,259.4,3403.94
3246,5,2023-11-18,278.1,2524.67
3247,5,2023-11-19,289.7,2531.9
3248,5,2023-11-20,316.0,4063.7
3249,5,2023-11-21,243.9,2672.48
3250,5,2023-11-22,292.7,2953.22
3251,5,2023-11-23,271.4,2860.88
3252,5,2023-11-24,276.5,2697.41
3253,5,2023-11-25,315.5,3632.12
3254,5,2023-11-26,315.4,4240.72
3255,5,2023-11-27,294.8,3635.64
3256,5,2023-11-28,315.8,3151.45
3257,5,2023-11-29,319.1,2731.66
3258,5,2023-11-30,267.4,2481.69
3259,5,2023-12-01,321.0,4227.72
3260,5,2023-12-02,336.9,4611.07
3261,5,2023-12-03,261.9,3242.24
3262,5,2023-12-04,313.5,2838.31
3263,5,2023-12-05,299.4,3620.9
3264,5,2023-12-06,210.4,2439.33
3265,5,2023-12-07,238.8,2029.66
3266,5,2023-12-08,286.9,2475.05
3267,5,2023-12-09,242.2,2812.75
3268,5,2023-12-10,267.0,2706.13
3269,5,2023-12-11,306.8,3096.73
3270,5,2023-12-12,297.8,2784.41
3271,5,2023-12-13,294.5,3271.07
3272,5,2023-12-14,266.8,2485.96
3273,5,2023-12-15,265.7,3157.08
3274,5,2023-12-16,297.7,3480.51
3275,5,2023-12-17,296.0,2815.61
3276,5,2023-12-18,303.2,2815.09
3277,5,2023-12-19,318.3,4424.07
3278,5,2023-12-20,281.4,3276.61
3279,5,2023-12-21,281.6,3738.06
3280,5,2023-12-22,323.3,4749.25
3281,5,2023-12-23,301.4,4015.97
3282,5,2023-12-24,298.6,2740.46
3283,5,2023-12-25,277.7,3956.95
3284,5,2023-12-26,298.9,3350.81
3285,5,2023-12-27,287.1,2485.26
3286,5,2023-12-28,335.9,3370.51
3287,5,2023-12-29,295.9,2450.54
3288,5,2023-12-30,313.2,4481.61
3289,5,2023-12-31,313.0,4331.88
3290,5,2024-01-01,291.6,4033.63
3291,5,2024-01-02,262.2,2715.03
3292,5,2024-01-03,311.8,3167.95
3293,5,2024-01-04,288.9,3724.95
3294,5,2024-01-05,280.1,3914.57
3295,5,2024-01-06,290.9,2343.2
3296,5,2024-01-07,261.0,2261.89
3297,5,2024-01-08,288.2,2469.02
3298,5,2024-01-09,286.3,3726.25
3299,5,2024-01-10,299.9,4105.68
3300,5,2024-01-11,279.3,4107.37
3301,5,2024-01-12,297.6,2735.55
3302,5,2024-01-13,306.2,3032.44
3303,5,2024-01-14,298.7,3442.41
3304,5,2024-01-15,256.2,3605.21
3305,5,2024-01-16,284.7,3286.61
3306,5,2024-01-17,300.3,4444.12
3307,5,2024-01-18,308.1,2950.53
3308,5,2024-01-19,271.5,3466.75
3309,5,2024-01-20,299.4,3571.6
3310,5,2024-01-21,279.6,2600.36
3311,5,2024-01-22,286.5,4220.01
3312,5,2024-01-23,250.9,3358.28
3313,5,2024-01-24,237.4,2811.47
3314,5,2024-01-25,283.6,3754.8
3315,5,2024-01-26,271.4,3541.62
3316,5,2024-01-27,312.7,3941.59
3317,5,2024-01-28,303.3,3008.22
3318,5,2024-01-29,308.0,4288.56
3319,5,2024-01-30,248.5,2656.04
3320,5,2024-01-31,274.8,3806.42
3321,5,2024-02-01,283.6,3246.77
3322,5,2024-02-02,259.5,2142.93
3323,5,2024-02-03,298.7,4126.16
3324,5,2024-02-04,276.2,2774.91
3325,5,2024-02-05,294.7,3219.44
3326,5,2024-02-06,297.6,3939.47
3327,5,2024-02-07,285.8,2763.43
3328,5,2024-02-08,299.9,4377.05
3329,5,2024-02-09,266.4,3198.57
3330,5,2024-02-10,292.3,3362.7
3331,5,2024-02-11,289.2,2830.65
3332,5,2024-02-12,314.2,3999.15
3333,5,2024-02-13,250.3,3007.31
3334,5,2024-02-14,292.6,4024.15
3335,5,2024-02-15,288.7,3015.67
3336,5,2024-02-16,280.1,2814.4
3337,5,2024-02-17,248.5,3435.31
3338,5,2024-02-18,260.7,2587.16
3339,5,2024-02-19,276.2,4049.27
3340,5,2024-02-20,292.7,3617.07
3341,5,2024-02-21,262.3,2854.6
3342,5,2024-02-22,311.7,2981.45
3343,5,2024-02-23,286.1,3551.98
3344,5,2024-02-24,304.6,4001.88
3345,5,2024-02-25,320.0,4074.42
3346,5,2024-02-26,267.0,3455.03
3347,5,2024-02-27,230.0,2197.63
3348,5,2024-02-28,281.3,3874.68
3349,5,2024-02-29,260.9,3811.14
3350,5,2024-03-01,336.4,2803.81
3351,5,2024-03-02,289.1,3070.29
3352,5,2024-03-03,289.7,2786.94
3353,5,2024-03-04,265.3,2448.87
3354,5,2024-03-05,311.9,4212.2
3355,5,2024-03-06,299.6,4160.16
3356,5,2024-03-07,280.4,3906.91
3357,5,2024-03-08,296.3,4041.3
3358,5,2024-03-09,293.4,3584.78
3359,5,2024-03-10,301.4,4185.22
3360,5,2024-03-11,278.3,3148.17
3361,5,2024-03-12,288.9,2413.8
3362,5,2024-03-13,277.4,4018.33
3363,5,2024-03-14,271.3,3556.42
3364,5,2024-03-15,292.7,3052.78
3365,5,2024-03-16,261.7,2360.33
3366,5,2024-03-17,321.1,3481.21
3367,5,2024-03-18,290.6,2408.31
3368,5,2024-03-19,263.6,3082.37
3369,5,2024-03-20,308.4,4570.98
3370,5,2024-03-21,289.3,2408.31
3371,5,2024-03-22,258.0,3429.69
3372,5,2024-03-23,272.0,3394.55
3373,5,2024-03-24,285.0,3647.09
3374,5,2024-03-25,261.4,3516.25
3375,5,2024-03-26,316.8,4326.55
3376,5,2024-03-27,292.8,2731.79
3377,5,2024-03-28,293.7,2670.85
3378,5,2024-03-29,272.4,3799.48
3379,5,2024-03-30,303.5,3062.92
3380,5,2024-03-31,297.5,3039.43
3381,5,2024-04-01,283.8,3713.14
3382,5,2024-04-02,286.6,3970.03
3383,5,2024-04-03,320.3,2953.57
3384,5,2024-04-04,274.8,2818.24
3385,5,2024-04-05,303.5,3538.38
3386,5,2024-04-06,286.3,2874.71
3387,5,2024-04-07,292.0,2688.82
3388,5,2024-04-08,282.3,3404.21
3389,5,2024-04-09,324.4,3729.44
3390,5,2024-04-10,294.7,2919.04
3391,5,2024-04-11,295.3,3848.35
3392,5,2024-04-12,259.4,3109.27
3393,5,2024-04-13,270.4,3834.01
3394,5,2024-04-14,295.7,3571.48
3395,5,2024-04-15,283.0,3937.97
3396,5,2024-04-16,260.4,3719.35
3397,5,2024-04-17,306.9,2669.99
3398,5,2024-04-18,261.8,2155.62
3399,5,2024-04-19,328.2,4453.96
3400,5,2024-04-20,298.7,3101.31
3401,5,2024-04-21,285.3,2313.76
3402,5,2024-04-22,280.2,2422.32
3403,5,2024-04-23,269.4,2681.94
3404,5,2024-04-24,241.1,2910.75
3405,5,2024-04-25,266.7,3327.72
3406,5,2024-04-26,295.6,2477.91
3407,5,2024-04-27,256.7,2250.75
3408,5,2024-04-28,277.1,3316.87
3409,5,2024-04-29,325.1,3653.94
3410,5,2024-04-30,270.3,3687.78
3411,5,2024-05-01,248.3,3506.04
3412,5,2024-05-02,258.4,3087.47
3413,5,2024-05-03,327.0,3943.32
3414,5,2024-05-04,288.2,2633.88
3415,5,2024-05-05,265.7,3624.75
3416,5,2024-05-06,294.4,4395.38
3417,5,2024-05-07,262.9,2188.99
3418,5,2024-05-08,235.8,1909.28
3419,5,2024-05-09,316.2,4497.99
3420,5,2024-05-10,279.8,3255.19
3421,5,2024-05-11,329.4,4852.26
3422,5,2024-05-12,302.1,3690.7
3423,5,2024-05-13,278.1,2382.24
3424,5,2024-05-14,285.9,3441.96
3425,5,2024-05-15,285.5,3858.68
3426,5,2024-05-16,293.6,4076.6
3427,5,2024-05-17,253.4,2860.38
3428,5,2024-05-18,314.0,4397.01
3429,5,2024-05-19,295.7,2840.99
3430,5,2024-05-20,279.8,3706.26
3431,5,2024-05-21,316.6,3501.63
3432,5,2024-05-22,301.4,4379.35
3433,5,2024-05-23,251.5,3136.03
3434,5,2024-05-24,305.7,3059.17
3435,5,2024-05-25,266.6,3723.3
3436,5,2024-05-26,247.3,2844.76
3437,5,2024-05-27,262.0,2579.17
3438,5,2024-05-28,322.5,4734.77
3439,5,2024-05-29,300.2,2829.23
3440,5,2024-05-30,288.4,2603.75
3441,5,2024-05-31,294.8,2743.72
3442,5,2024-06-01,304.6,3011.39
3443,5,2024-06-02,279.6,3549.1
3444,5,2024-06-03,317.5,3247.64
3445,5,2024-06-04,285.6,3972.9
3446,5,2024-06-05,245.6,2375.83
3447,5,2024-06-06,327.1,3718.38
3448,5,2024-06-07,253.2,2840.18
3449,5,2024-06-08,311.2,3849.71
3450,5,2024-06-09,242.2,3044.78
3451,5,2024-06-10,289.0,4240.23
3452,5,2024-06-11,269.7,3178.67
3453,5,2024-06-12,295.3,4128.68
3454,5,2024-06-13,325.5,4721.71
3455,5,2024-06-14,278.3,2990.39
3456,5,2024-06-15,253.7,2749.01
3457,5,2024-06-16,289.0,2384.29
3458,5,2024-06-17,278.8,3261.39
3459,5,2024-06-18,258.1,3701.69
3460,5,2024-06-19,298.8,4144.29
3461,5,2024-06-20,226.2,2183.72
3462,5,2024-06-21,265.3,3478.63
3463,5,2024-06-22,293.5,4078.6
3464,5,2024-06-23,265.3,2547.02
3465,5,2024-06-24,254.0,3519.98
3466,5,2024-06-25,301.8,3496.32
3467,5,2024-06-26,289.1,3137.93
3468,5,2024-06-27,258.9,3269.94
3469,5,2024-06-28,278.8,2795.72
3470,5,2024-06-29,306.7,2484.72
3471,5,2024-06-30,239.7,2546.37
3472,5,2024-07-01,318.0,2951.55
3473,5,2024-07-02,290.9,2933.08
3474,5,2024-07-03,283.0,3452.45
3475,5,2024-07-04,301.2,3102.46
3476,5,2024-07-05,303.0,3720.01
3477,5,2024-07-06,249.3,2672.53
3478,5,2024-07-07,275.9,3010.16
3479,5,2024-07-08,274.8,3184.67
3480,5,2024-07-09,289.4,3458.44
3481,5,2024-07-10,325.2,3475.62
3482,5,2024-07-11,282.8,4133.32
3483,5,2024-07-12,347.2,4783.44
3484,5,2024-07-13,267.6,2656.77
3485,5,2024-07-14,288.7,3285.68
3486,5,2024-07-15,273.8,3908.21
3487,5,2024-07-16,282.6,3082.87
3488,5,2024-07-17,289.2,3139.28
3489,5,2024-07-18,309.4,4118.64
3490,5,2024-07-19,267.7,3038.8
3491,5,2024-07-20,281.6,2829.05
3492,5,2024-07-21,278.7,3811.98
3493,5,2024-07-22,312.0,3440.27
3494,5,2024-07-23,304.3,3882.07
3495,5,2024-07-24,315.9,3514.7
3496,5,2024-07-25,296.7,3355.12
3497,5,2024-07-26,264.7,2926.21
3498,5,2024-07-27,290.4,4299.57
3499,5,2024-07-28,282.3,2879.49
3500,5,2024-07-29,280.5,3488.14
3501,5,2024-07-30,289.8,2511.3
3502,5,2024-07-31,264.0,2287.85
3503,5,2024-08-01,262.0,3889.27
3504,5,2024-08-02,311.2,2570.8
3505,5,2024-08-03,260.2,2721.55
3506,5,2024-08-04,280.1,4197.83
3507,5,2024-08-05,329.6,3120.05
3508,5,2024-08-06,303.1,2732.84
3509,5,2024-08-07,254.4,2340.04
3510,5,2024-08-08,314.0,2685.56
3511,5,2024-08-09,307.1,4234.09
3512,5,2024-08-10,299.5,4311.19
3513,5,2024-08-11,302.0,3656.32
3514,5,2024-08-12,264.9,2604.03
3515,5,2024-08-13,304.2,4425.89
3516,5,2024-08-14,321.1,3094.83
3517,5,2024-08-15,278.4,2264.24
3518,5,2024-08-16,275.0,2268.74
3519,5,2024-08-17,277.5,3017.71
3520,5,2024-08-18,298.9,2429.88
3521,5,2024-08-19,302.7,3725.68
3522,5,2024-08-20,268.3,3561.95
3523,5,2024-08-21,239.2,2722.02
3524,5,2024-08-22,270.9,2779.4
3525,5,2024-08-23,271.2,3422.6
3526,5,2024-08-24,302.7,2711.7
3527,5,2024-08-25,296.4,3633.7
3528,5,2024-08-26,289.0,3444.7
3529,5,2024-08-27,285.6,2803.32
3530,5,2024-08-28,292.5,2938.29
3531,5,2024-08-29,307.3,3111.03
3532,5,2024-08-30,304.1,3168.31
3533,5,2024-08-31,267.5,3677.88
3534,5,2024-09-01,279.5,2416.53
3535,5,2024-09-02,273.1,3471.66
3536,5,2024-09-03,286.6,3983.66
3537,5,2024-09-04,295.4,3193.64
3538,5,2024-09-05,224.9,2272.1
3539,5,2024-09-06,267.8,3497.88
3540,5,2024-09-07,302.5,2856.81
3541,5,2024-09-08,264.2,3202.6
3542,5,2024-09-09,254.3,2843.53
3543,5,2024-09-10,263.6,2128.38
3544,5,2024-09-11,298.9,4016.36
3545,5,2024-09-12,245.8,3332.74
3546,5,2024-09-13,316.1,4463.15
3547,5,2024-09-14,292.3,2889.17
3548,5,2024-09-15,294.9,4035.27
3549,5,2024-09-16,267.0,2990.03
3550,5,2024-09-17,283.7,4140.07
3551,5,2024-09-18,300.7,2977.28
3552,5,2024-09-19,297.0,3356.94
3553,5,2024-09-20,270.6,2378.08
3554,5,2024-09-21,323.6,4187.12
3555,5,2024-09-22,288.3,3868.21
3556,5,2024-09-23,298.3,3135.21
3557,5,2024-09-24,294.1,3027.16
3558,5,2024-09-25,256.4,3594.61
3559,5,2024-09-26,278.1,2997.03
3560,5,2024-09-27,258.3,3762.83
3561,5,2024-09-28,298.2,2822.36
3562,5,2024-09-29,269.3,2608.06
3563,5,2024-09-30,291.6,2473.88
3564,5,2024-10-01,266.2,2746.4
3565,5,2024-10-02,292.6,3836.65
3566,5,2024-10-03,241.2,2829.62
3567,5,2024-10-04,311.3,4100.72
3568,5,2024-10-05,267.6,3813.32
3569,5,2024-10-06,316.8,3456.4
3570,5,2024-10-07,222.9,3109.5
3571,5,2024-10-08,264.5,2806.3
3572,5,2024-10-09,263.8,2536.19
3573,5,2024-10-10,256.6,2627.49
3574,5,2024-10-11,286.3,4120.65
3575,5,2024-10-12,317.4,2791.23
3576,5,2024-10-13,269.0,2618.53
3577,5,2024-10-14,296.1,3169.05
3578,5,2024-10-15,298.4,4381.48
3579,5,2024-10-16,250.3,3100.14
3580,5,2024-10-17,274.4,3510.02
3581,5,2024-10-18,288.8,2347.07
3582,5,2024-10-19,272.8,3104.07
3583,5,2024-10-20,310.0,3158.65
3584,5,2024-10-21,262.0,3612.65
3585,5,2024-10-22,313.0,4671.26
3586,5,2024-10-23,291.9,3722.31
3587,5,2024-10-24,264.1,2597.47
3588,5,2024-10-25,274.4,3807.09
3589,5,2024-10-26,282.2,3378.41
3590,5,2024-10-27,269.6,3215.74
3591,5,2024-10-28,316.2,2825.27
3592,5,2024-10-29,278.7,2835.76
3593,5,2024-10-30,317.9,3442.37
3594,5,2024-10-31,303.6,4288.93
3595,5,2024-11-01,240.1,1981.77
3596,5,2024-11-02,245.5,2911.38
3597,5,2024-11-03,266.5,2701.89
3598,5,2024-11-04,289.7,3901.72
3599,5,2024-11-05,250.7,3185.34
3600,5,2024-11-06,265.5,2489.79
3601,5,2024-11-07,281.4,3964.55
3602,5,2024-11-08,325.8,2894.55
3603,5,2024-11-09,298.8,3394.31
3604,5,2024-11-10,324.2,3709.11
3605,5,2024-11-11,287.1,2480.49
3606,5,2024-11-12,284.3,2313.11
3607,5,2024-11-13,278.5,4151.0
3608,5,2024-11-14,283.6,3498.34
3609,5,2024-11-15,254.8,2466.95
3610,5,2024-11-16,294.6,3716.4
3611,5,2024-11-17,272.9,2291.23
3612,5,2024-11-18,274.4,3862.63
3613,5,2024-11-19,265.4,3964.39
3614,5,2024-11-20,253.8,2960.73
3615,5,2024-11-21,266.8,2751.28
3616,5,2024-11-22,255.4,2078.77
3617,5,2024-11-23,290.8,2571.62
3618,5,2024-11-24,263.0,2529.08
3619,5,2024-11-25,310.5,3750.07
3620,5,2024-11-26,264.1,3386.22
3621,5,2024-11-27,324.1,2598.87
3622,5,2024-11-28,296.7,4307.64
3623,5,2024-11-29,275.8,3695.28
3624,5,2024-11-30,259.4,2865.16
3625,5,2024-12-01,279.9,3953.03
3626,5,2024-12-02,296.6,4055.94
3627,5,2024-12-03,287.8,3041.34
3628,5,2024-12-04,292.6,2558.43
3629,5,2024-12-05,288.2,3928.47
3630,5,2024-12-06,284.8,2603.2
3631,5,2024-12-07,262.7,2410.84
3632,5,2024-12-08,252.0,3042.0
3633,5,2024-12-09,287.5,2952.05
3634,5,2024-12-10,234.7,2059.93
3635,5,2024-12-11,242.9,3488.93
3636,5,2024-12-12,272.0,2369.61
3637,5,2024-12-13,308.7,4048.3
3638,5,2024-12-14,250.8,2801.71
3639,5,2024-12-15,255.7,3240.4
3640,5,2024-12-16,313.7,2598.53
3641,5,2024-12-17,311.2,4238.31
3642,5,2024-12-18,269.2,3503.26
3643,5,2024-12-19,265.3,3971.95
3644,5,2024-12-20,262.7,2291.27
3645,5,2024-12-21,275.2,2832.85
3646,5,2024-12-22,275.9,2613.33
3647,5,2024-12-23,198.7,2844.09
3648,5,2024-12-24,272.7,2247.51
3649,5,2024-12-25,301.6,3690.0
3650,5,2024-12-26,241.2,2739.86
3651,5,2024-12-27,279.9,2501.7
3652,5,2024-12-28,312.5,4437.19
3653,5,2024-12-29,256.6,2112.9
3654,5,2024-12-30,291.0,2615.55
3655,5,2024-12-31,252.5,2419.03
3656,6,2023-01-01,220.9,3117.5
3657,6,2023-01-02,229.3,3194.55
3658,6,2023-01-03,184.2,2042.19
3659,6,2023-01-04,222.5,2859.93
3660,6,2023-01-05,214.1,1819.17
3661,6,2023-01-06,223.8,3108.36
3662,6,2023-01-07,202.6,2496.39
3663,6,2023-01-08,210.1,2898.65
3664,6,2023-01-09,215.0,2906.44
3665,6,2023-01-10,228.9,2175.07
3666,6,2023-01-11,196.4,1626.93
3667,6,2023-01-12,204.7,2121.82
3668,6,2023-01-13,205.3,2244.18
3669,6,2023-01-14,158.0,1563.6
3670,6,2023-01-15,234.2,1921.31
3671,6,2023-01-16,187.1,1887.94
3672,6,2023-01-17,240.5,3383.48
3673,6,2023-01-18,224.2,2570.58
3674,6,2023-01-19,220.9,1969.82
3675,6,2023-01-20,196.8,2182.74
3676,6,2023-01-21,224.8,1900.67
3677,6,2023-01-22,211.2,3024.55
3678,6,2023-01-23,215.6,3029.68
3679,6,2023-01-24,242.0,2985.38
3680,6,2023-01-25,209.4,2852.28
3681,6,2023-01-26,237.8,2672.02
3682,6,2023-01-27,207.7,3029.47
3683,6,2023-01-28,162.3,2190.07
3684,6,2023-01-29,194.8,2678.45
3685,6,2023-01-30,191.2,2156.21
3686,6,2023-01-31,217.2,3209.05
3687,6,2023-02-01,225.9,1858.76
3688,6,2023-02-02,223.5,2520.02
3689,6,2023-02-03,231.2,1929.25
3690,6,2023-02-04,221.2,3090.21
3691,6,2023-02-05,189.6,1938.37
3692,6,2023-02-06,217.1,2164.87
3693,6,2023-02-07,202.1,1841.07
3694,6,2023-02-08,214.0,2929.53
3695,6,2023-02-09,207.0,2312.58
3696,6,2023-02-10,204.6,2377.24
3697,6,2023-02-11,207.9,2812.63
3698,6,2023-02-12,239.6,2954.02
3699,6,2023-02-13,178.3,2354.6
3700,6,2023-02-14,191.9,2314.73
3701,6,2023-02-15,193.6,1855.85
3702,6,2023-02-16,206.4,2483.18
3703,6,2023-02-17,222.0,2041.15
3704,6,2023-02-18,167.2,2113.87
3705,6,2023-02-19,205.4,2349.41
3706,6,2023-02-20,224.2,3324.0
3707,6,2023-02-21,229.6,1981.5
3708,6,2023-02-22,183.9,2250.75
3709,6,2023-02-23,228.7,2956.24
3710,6,2023-02-24,224.7,2724.97
3711,6,2023-02-25,232.2,3412.59
3712,6,2023-02-26,210.2,2415.71
3713,6,2023-02-27,215.2,2532.52
3714,6,2023-02-28,224.9,2514.83
3715,6,2023-03-01,213.9,2279.74
3716,6,2023-03-02,185.0,2061.05
3717,6,2023-03-03,194.1,1618.09
3718,6,2023-03-04,210.3,2824.21
3719,6,2023-03-05,238.7,2159.75
3720,6,2023-03-06,219.8,2637.62
3721,6,2023-03-07,198.6,1604.7
3722,6,2023-03-08,199.9,1781.52
3723,6,2023-03-09,200.6,2988.71
3724,6,2023-03-10,206.6,2099.36
3725,6,2023-03-11,207.9,2518.42
3726,6,2023-03-12,206.8,1747.07
3727,6,2023-03-13,207.2,1689.68
3728,6,2023-03-14,185.2,2312.76
3729,6,2023-03-15,185.5,1752.55
3730,6,2023-03-16,202.4,2545.78
3731,6,2023-03-17,191.2,2452.34
3732,6,2023-03-18,206.9,2473.81
3733,6,2023-03-19,223.7,1970.06
3734,6,2023-03-20,231.0,2971.68
3735,6,2023-03-21,223.6,2010.25
3736,6,2023-03-22,210.9,2636.64
3737,6,2023-03-23,220.4,2271.93
3738,6,2023-03-24,210.3,3098.79
3739,6,2023-03-25,207.6,2828.43
3740,6,2023-03-26,220.6,3302.48
3741,6,2023-03-27,205.3,2390.51
3742,6,2023-03-28,185.1,1862.76
3743,6,2023-03-29,204.6,1881.89
3744,6,2023-03-30,182.6,2577.53
3745,6,2023-03-31,203.7,2556.15
3746,6,2023-04-01,216.4,2721.68
3747,6,2023-04-02,214.6,3117.65
3748,6,2023-04-03,210.7,2748.52
3749,6,2023-04-04,207.5,2406.95
3750,6,2023-04-05,215.1,2069.57
3751,6,2023-04-06,220.3,1970.31
3752,6,2023-04-07,203.7,2297.78
3753,6,2023-04-08,190.7,1947.11
3754,6,2023-04-09,215.6,2365.98
3755,6,2023-04-10,193.0,2857.28
3756,6,2023-04-11,195.5,1773.48
3757,6,2023-04-12,225.2,2255.91
3758,6,2023-04-13,215.0,1999.46
3759,6,2023-04-14,234.4,3004.16
3760,6,2023-04-15,227.9,2333.08
3761,6,2023-04-16,210.5,2931.14
3762,6,2023-04-17,225.6,2518.77
3763,6,2023-04-18,192.0,2109.17
3764,6,2023-04-19,207.5,2440.21
3765,6,2023-04-20,211.0,2842.49
3766,6,2023-04-21,205.1,2616.66
3767,6,2023-04-22,224.3,1822.57
3768,6,2023-04-23,215.9,2568.9
3769,6,2023-04-24,215.3,2210.9
3770,6,2023-04-25,236.7,2119.44
3771,6,2023-04-26,210.4,2976.59
3772,6,2023-04-27,228.8,2768.89
3773,6,2023-04-28,229.4,2893.22
3774,6,2023-04-29,221.8,2392.16
3775,6,2023-04-30,235.8,2503.15
3776,6,2023-05-01,212.7,2279.34
3777,6,2023-05-02,215.9,2352.03
3778,6,2023-05-03,199.5,2162.95
3779,6,2023-05-04,203.5,2473.66
3780,6,2023-05-05,214.9,2879.99
3781,6,2023-05-06,205.0,2927.37
3782,6,2023-05-07,218.0,2745.09
3783,6,2023-05-08,210.8,2485.94
3784,6,2023-05-09,229.2,3307.81
3785,6,2023-05-10,209.4,2077.22
3786,6,2023-05-11,227.1,2442.32
3787,6,2023-05-12,185.5,1832.65
3788,6,2023-05-13,197.7,2773.59
3789,6,2023-05-14,214.8,1978.63
3790,6,2023-05-15,202.8,2111.88
3791,6,2023-05-16,209.7,2805.92
3792,6,2023-05-17,208.3,2956.57
3793,6,2023-05-18,207.9,2347.49
3794,6,2023-05-19,185.5,2617.71
3795,6,2023-05-20,212.6,2698.8
3796,6,2023-05-21,238.6,3324.06
3797,6,2023-05-22,211.1,3030.01
3798,6,2023-05-23,211.0,2780.92
3799,6,2023-05-24,240.4,2508.84
3800,6,2023-05-25,253.5,2951.22
3801,6,2023-05-26,194.8,2532.3
3802,6,2023-05-27,242.1,3396.23
3803,6,2023-05-28,208.2,2260.29
3804,6,2023-05-29,190.7,2443.09
3805,6,2023-05-30,223.5,3160.91
3806,6,2023-05-31,188.7,2062.26
3807,6,2023-06-01,206.7,3028.78
3808,6,2023-06-02,204.7,3010.08
3809,6,2023-06-03,211.1,2942.81
3810,6,2023-06-04,188.0,1531.24
3811,6,2023-06-05,184.8,2594.01
3812,6,2023-06-06,223.1,2227.56
3813,6,2023-06-07,230.0,2196.64
3814,6,2023-06-08,231.4,1907.24
3815,6,2023-06-09,183.1,2501.23
3816,6,2023-06-10,198.9,2704.91
3817,6,2023-06-11,249.3,3048.78
3818,6,2023-06-12,195.2,2692.13
3819,6,2023-06-13,182.7,1800.15
3820,6,2023-06-14,201.3,2366.44
3821,6,2023-06-15,175.2,1513.33
3822,6,2023-06-16,180.5,2352.31
3823,6,2023-06-17,200.0,2178.37
3824,6,2023-06-18,200.6,1924.78
3825,6,2023-06-19,179.5,1999.55
3826,6,2023-06-20,230.9,2715.81
3827,6,2023-06-21,202.5,2868.68
3828,6,2023-06-22,203.6,2247.42
3829,6,2023-06-23,202.6,2326.55
3830,6,2023-06-24,209.0,2482.86
3831,6,2023-06-25,240.7,2224.99
3832,6,2023-06-26,219.1,2139.38
3833,6,2023-06-27,210.3,1998.03
3834,6,2023-06-28,191.2,1609.62
3835,6,2023-06-29,195.6,2537.24
3836,6,2023-06-30,203.2,2384.27
3837,6,2023-07-01,202.1,2474.14
3838,6,2023-07-02,218.3,2260.85
3839,6,2023-07-03,180.9,1556.99
3840,6,2023-07-04,224.0,2141.47
3841,6,2023-07-05,205.2,2586.65
3842,6,2023-07-06,188.0,1851.19
3843,6,2023-07-07,210.5,2576.15
3844,6,2023-07-08,205.0,3021.35
3845,6,2023-07-09,196.6,2362.46
3846,6,2023-07-10,252.3,3657.63
3847,6,2023-07-11,201.4,1945.56
3848,6,2023-07-12,226.5,2228.12
3849,6,2023-07-13,239.1,2755.38
3850,6,2023-07-14,210.6,1785.13
3851,6,2023-07-15,224.7,2252.5
3852,6,2023-07-16,220.7,2791.81
3853,6,2023-07-17,226.3,3149.45
3854,6,2023-07-18,207.0,2417.05
3855,6,2023-07-19,222.1,2546.93
3856,6,2023-07-20,216.0,2201.74
3857,6,2023-07-21,196.5,2106.92
3858,6,2023-07-22,222.1,3123.21
3859,6,2023-07-23,198.5,1886.58
3860,6,2023-07-24,236.6,2481.98
3861,6,2023-07-25,195.6,2583.16
3862,6,2023-07-26,200.4,1956.59
3863,6,2023-07-27,172.2,2561.87
3864,6,2023-07-28,194.7,2090.95
3865,6,2023-07-29,238.8,2610.22
3866,6,2023-07-30,236.3,2604.21
3867,6,2023-07-31,210.2,2424.36
3868,6,2023-08-01,198.2,1793.4
3869,6,2023-08-02,213.7,2003.42
3870,6,2023-08-03,195.4,1906.69
3871,6,2023-08-04,202.7,2085.92
3872,6,2023-08-05,218.9,2073.29
3873,6,2023-08-06,202.8,2575.78
3874,6,2023-08-07,209.5,2443.5
3875,6,2023-08-08,219.4,1950.66
3876,6,2023-08-09,219.8,2371.65
3877,6,2023-08-10,200.5,1973.83
3878,6,2023-08-11,197.4,2347.8
3879,6,2023-08-12,219.7,1951.8
3880,6,2023-08-13,207.5,3074.48
3881,6,2023-08-14,222.1,2303.33
3882,6,2023-08-15,197.1,1774.09
3883,6,2023-08-16,202.1,2548.72
3884,6,2023-08-17,223.2,2671.15
3885,6,2023-08-18,200.9,2637.43
3886,6,2023-08-19,152.1,1310.17
3887,6,2023-08-20,221.6,1862.55
3888,6,2023-08-21,214.6,1927.71
3889,6,2023-08-22,200.8,2174.1
3890,6,2023-08-23,238.7,2138.16
3891,6,2023-08-24,190.8,2163.11
3892,6,2023-08-25,209.6,2797.38
3893,6,2023-08-26,207.0,3092.72
3894,6,2023-08-27,180.2,2307.81
3895,6,2023-08-28,204.3,2732.61
3896,6,2023-08-29,228.9,1896.08
3897,6,2023-08-30,204.9,2215.68
3898,6,2023-08-31,203.7,2835.82
3899,6,2023-09-01,231.3,2998.33
3900,6,2023-09-02,187.1,2264.85
3901,6,2023-09-03,226.4,2353.15
3902,6,2023-09-04,177.1,1520.88
3903,6,2023-09-05,226.4,2332.1
3904,6,2023-09-06,186.2,2000.28
3905,6,2023-09-07,194.9,2119.33
3906,6,2023-09-08,187.6,2446.49
3907,6,2023-09-09,220.8,1831.2
3908,6,2023-09-10,209.3,2411.07
3909,6,2023-09-11,222.1,1853.42
3910,6,2023-09-12,211.6,2541.82
3911,6,2023-09-13,201.5,2848.61
3912,6,2023-09-14,219.0,1780.89
3913,6,2023-09-15,212.8,2681.34
3914,6,2023-09-16,211.0,2335.94
3915,6,2023-09-17,200.6,2573.54
3916,6,2023-09-18,208.3,2368.76
3917,6,2023-09-19,203.8,1722.41
3918,6,2023-09-20,202.2,2430.63
3919,6,2023-09-21,210.7,2890.07
3920,6,2023-09-22,249.3,3497.25
3921,6,2023-09-23,196.4,2348.84
3922,6,2023-09-24,237.9,2984.64
3923,6,2023-09-25,219.9,1965.01
3924,6,2023-09-26,204.6,2598.8
3925,6,2023-09-27,189.3,1798.76
3926,6,2023-09-28,183.1,2215.19
3927,6,2023-09-29,200.0,2047.78
3928,6,2023-09-30,207.5,2837.31
3929,6,2023-10-01,227.6,2933.03
3930,6,2023-10-02,224.6,2285.7
3931,6,2023-10-03,203.6,2814.88
3932,6,2023-10-04,199.9,2971.74
3933,6,2023-10-05,203.7,1829.09
3934,6,2023-10-06,208.4,2136.85
3935,6,2023-10-07,195.6,2855.84
3936,6,2023-10-08,210.8,2224.89
3937,6,2023-10-09,209.3,2780.88
3938,6,2023-10-10,209.7,2567.94
3939,6,2023-10-11,233.3,2893.39
3940,6,2023-10-12,231.3,2746.56
3941,6,2023-10-13,215.8,2052.1
3942,6,2023-10-14,213.9,1836.28
3943,6,2023-10-15,246.7,3405.18
3944,6,2023-10-16,161.6,1794.49
3945,6,2023-10-17,225.0,1860.19
3946,6,2023-10-18,252.1,3102.76
3947,6,2023-10-19,202.5,2462.4
3948,6,2023-10-20,213.6,2596.43
3949,6,2023-10-21,207.2,1987.27
3950,6,2023-10-22,212.5,1954.4
3951,6,2023-10-23,226.0,2826.25
3952,6,2023-10-24,235.5,2029.16
3953,6,2023-10-25,203.9,2078.46
3954,6,2023-10-26,222.8,2503.83
3955,6,2023-10-27,225.2,3266.53
3956,6,2023-10-28,202.8,2053.23
3957,6,2023-10-29,214.0,3106.65
3958,6,2023-10-30,215.8,2097.33
3959,6,2023-10-31,180.0,2478.9
3960,6,2023-11-01,217.4,1747.66
3961,6,2023-11-02,175.2,1797.51
3962,6,2023-11-03,221.1,2766.36
3963,6,2023-11-04,213.5,2982.83
3964,6,2023-11-05,225.9,2225.99
3965,6,2023-11-06,160.1,1294.12
3966,6,2023-11-07,226.6,2696.03
3967,6,2023-11-08,224.6,2954.73
3968,6,2023-11-09,237.4,2848.24
3969,6,2023-11-10,181.1,1550.18
3970,6,2023-11-11,219.1,2411.91
3971,6,2023-11-12,174.7,2278.37
3972,6,2023-11-13,218.2,2728.32
3973,6,2023-11-14,227.8,2856.83
3974,6,2023-11-15,194.4,2422.99
3975,6,2023-11-16,203.2,2615.91
3976,6,2023-11-17,208.1,2212.44
3977,6,2023-11-18,181.7,1712.69
3978,6,2023-11-19,216.7,2250.12
3979,6,2023-11-20,175.4,2035.95
3980,6,2023-11-21,203.8,1866.61
3981,6,2023-11-22,237.8,2628.15
3982,6,2023-11-23,210.9,2617.27
3983,6,2023-11-24,185.5,2235.2
3984,6,2023-11-25,189.9,2180.88
3985,6,2023-11-26,179.0,1891.42
3986,6,2023-11-27,218.0,1872.1
3987,6,2023-11-28,185.8,2620.53
3988,6,2023-11-29,222.4,2534.36
3989,6,2023-11-30,210.3,2245.11
3990,6,2023-12-01,174.3,2082.31
3991,6,2023-12-02,175.3,2273.73
3992,6,2023-12-03,191.6,2020.62
3993,6,2023-12-04,204.3,2663.83
3994,6,2023-12-05,228.6,2000.7
3995,6,2023-12-06,215.3,2041.82
3996,6,2023-12-07,219.1,1975.78
3997,6,2023-12-08,202.1,1659.07
3998,6,2023-12-09,178.9,1928.33
3999,6,2023-12-10,217.1,2521.75
4000,6,2023-12-11,208.7,2866.0
4001,6,2023-12-12,197.5,2015.24
4002,6,2023-12-13,208.1,2502.82
4003,6,2023-12-14,194.8,1832.86
4004,6,2023-12-15,195.2,2821.46
4005,6,2023-12-16,214.1,2300.92
4006,6,2023-12-17,216.0,2490.94
4007,6,2023-12-18,178.7,2061.33
4008,6,2023-12-19,202.9,1666.26
4009,6,2023-12-20,198.9,2311.27
4010,6,2023-12-21,233.1,2468.97
4011,6,2023-12-22,221.1,2949.81
4012,6,2023-12-23,218.9,2858.33
4013,6,2023-12-24,196.5,2218.5
4014,6,2023-12-25,188.0,1939.14
4015,6,2023-12-26,193.5,1735.31
4016,6,2023-12-27,226.7,2446.69
4017,6,2023-12-28,186.4,1584.15
4018,6,2023-12-29,240.8,2748.86
4019,6,2023-12-30,208.9,2945.97
4020,6,2023-12-31,239.2,2397.34
4021,6,2024-01-01,227.0,3074.66
4022,6,2024-01-02,174.3,1790.08
4023,6,2024-01-03,194.7,1954.48
4024,6,2024-01-04,213.7,1926.42
4025,6,2024-01-05,196.9,2564.08
4026,6,2024-01-06,217.5,3176.17
4027,6,2024-01-07,249.5,2801.29
4028,6,2024-01-08,236.3,2429.9
4029,6,2024-01-09,248.1,3696.89
4030,6,2024-01-10,196.7,2864.56
4031,6,2024-01-11,242.2,3455.7
4032,6,2024-01-12,199.2,2141.33
4033,6,2024-01-13,204.9,2501.52
4034,6,2024-01-14,214.9,2787.06
4035,6,2024-01-15,208.8,2063.35
4036,6,2024-01-16,235.1,3158.2
4037,6,2024-01-17,240.3,2465.34
4038,6,2024-01-18,217.4,2471.12
4039,6,2024-01-19,182.8,1715.82
4040,6,2024-01-20,235.4,3468.18
4041,6,2024-01-21,236.1,2567.95
4042,6,2024-01-22,207.7,2178.35
4043,6,2024-01-23,178.5,2107.49
4044,6,2024-01-24,177.8,2099.03
4045,6,2024-01-25,187.0,2145.72
4046,6,2024-01-26,206.1,1892.31
4047,6,2024-01-27,234.2,2532.79
4048,6,2024-01-28,224.6,3226.3
4049,6,2024-01-29,227.7,2409.53
4050,6,2024-01-30,217.2,3197.07
4051,6,2024-01-31,211.6,1947.4
4052,6,2024-02-01,211.0,2088.36
4053,6,2024-02-02,189.0,2643.61
4054,6,2024-02-03,190.1,1562.98
4055,6,2024-02-04,202.8,1906.14
4056,6,2024-02-05,200.0,1924.24
4057,6,2024-02-06,211.0,1696.34
4058,6,2024-02-07,229.5,2526.2
4059,6,2024-02-08,189.9,2418.44
4060,6,2024-02-09,202.1,2610.07
4061,6,2024-02-10,222.5,1779.86
4062,6,2024-02-11,221.9,3256.96
4063,6,2024-02-12,213.3,1846.01
4064,6,2024-02-13,212.7,2801.68
4065,6,2024-02-14,207.3,2485.78
4066,6,2024-02-15,209.5,3062.64
4067,6,2024-02-16,241.8,2740.88
4068,6,2024-02-17,185.0,2688.73
4069,6,2024-02-18,205.8,2635.73
4070,6,2024-02-19,191.8,2597.73
4071,6,2024-02-20,220.0,3210.26
4072,6,2024-02-21,208.6,1762.53
4073,6,2024-02-22,200.1,2062.19
4074,6,2024-02-23,204.5,2404.53
4075,6,2024-02-24,220.6,2175.79
4076,6,2024-02-25,247.1,3533.1
4077,6,2024-02-26,202.8,2886.55
4078,6,2024-02-27,217.7,2326.41
4079,6,2024-02-28,202.6,1794.28
4080,6,2024-02-29,234.9,3404.52
4081,6,2024-03-01,234.4,2477.39
4082,6,2024-03-02,199.8,1625.03
4083,6,2024-03-03,205.3,2634.03
4084,6,2024-03-04,189.2,1957.13
4085,6,2024-03-05,224.1,2896.77
4086,6,2024-03-06,223.8,2561.54
4087,6,2024-03-07,205.0,2286.08
4088,6,2024-03-08,220.1,2068.29
4089,6,2024-03-09,202.7,2520.18
4090,6,2024-03-10,204.2,1988.85
4091,6,2024-03-11,222.9,2293.86
4092,6,2024-03-12,192.5,1866.8
4093,6,2024-03-13,213.7,1904.01
4094,6,2024-03-14,195.0,2179.67
4095,6,2024-03-15,239.1,2972.79
4096,6,2024-03-16,206.5,2823.26
4097,6,2024-03-17,204.5,2036.64
4098,6,2024-03-18,203.6,1836.51
4099,6,2024-03-19,187.9,2189.48
4100,6,2024-03-20,186.0,2352.13
4101,6,2024-03-21,230.2,2383.23
4102,6,2024-03-22,191.5,1920.98
4103,6,2024-03-23,197.8,1693.17
4104,6,2024-03-24,205.7,2247.05
4105,6,2024-03-25,206.5,1779.57
4106,6,2024-03-26,208.0,2896.28
4107,6,2024-03-27,217.0,2982.07
4108,6,2024-03-28,230.1,2492.07
4109,6,2024-03-29,206.1,2440.25
4110,6,2024-03-30,178.8,2103.84
4111,6,2024-03-31,215.5,3085.02
4112,6,2024-04-01,206.4,2916.68
4113,6,2024-04-02,200.2,2295.53
4114,6,2024-04-03,196.9,2741.94
4115,6,2024-04-04,233.5,2094.93
4116,6,2024-04-05,205.4,2006.09
4117,6,2024-04-06,192.0,2008.72
4118,6,2024-04-07,213.6,2104.46
4119,6,2024-04-08,227.4,2404.9
4120,6,2024-04-09,188.4,2239.22
4121,6,2024-04-10,229.5,3001.67
4122,6,2024-04-11,182.9,1731.95
4123,6,2024-04-12,209.3,2302.41
4124,6,2024-04-13,220.0,2040.45
4125,6,2024-04-14,194.1,2652.3
4126,6,2024-04-15,185.6,2388.54
4127,6,2024-04-16,198.8,2587.62
4128,6,2024-04-17,230.6,2468.99
4129,6,2024-04-18,214.2,3176.52
4130,6,2024-04-19,183.6,1867.7
4131,6,2024-04-20,238.4,2811.15
4132,6,2024-04-21,196.9,2737.29
4133,6,2024-04-22,210.9,2950.92
4134,6,2024-04-23,219.9,1931.92
4135,6,2024-04-24,218.9,2060.21
4136,6,2024-04-25,198.5,1697.08
4137,6,2024-04-26,213.5,1950.92
4138,6,2024-04-27,212.2,2966.32
4139,6,2024-04-28,208.0,2872.32
4140,6,2024-04-29,238.0,2602.52
4141,6,2024-04-30,193.7,2234.46
4142,6,2024-05-01,189.2,2217.2
4143,6,2024-05-02,214.0,2582.6
4144,6,2024-05-03,214.4,2887.41
4145,6,2024-05-04,218.2,2370.92
4146,6,2024-05-05,186.1,2630.05
4147,6,2024-05-06,215.7,2293.02
4148,6,2024-05-07,174.8,2052.84
4149,6,2024-05-08,199.4,2361.89
4150,6,2024-05-09,174.9,2561.51
4151,6,2024-05-10,190.9,1538.07
4152,6,2024-05-11,228.6,1843.9
4153,6,2024-05-12,188.7,1539.49
4154,6,2024-05-13,152.1,1948.76
4155,6,2024-05-14,212.8,2150.78
4156,6,2024-05-15,173.8,1593.33
4157,6,2024-05-16,179.6,2109.17
4158,6,2024-05-17,195.5,1836.17
4159,6,2024-05-18,182.9,2322.3
4160,6,2024-05-19,204.4,2714.41
4161,6,2024-05-20,202.5,1720.47
4162,6,2024-05-21,187.0,2278.45
4163,6,2024-05-22,207.3,2409.33
4164,6,2024-05-23,174.5,2524.73
4165,6,2024-05-24,241.6,2612.4
4166,6,2024-05-25,226.2,3311.78
4167,6,2024-05-26,191.3,2660.73
4168,6,2024-05-27,219.9,2424.72
4169,6,2024-05-28,210.6,1963.25
4170,6,2024-05-29,210.7,2719.78
4171,6,2024-05-30,186.2,1875.87
4172,6,2024-05-31,185.6,2427.32
4173,6,2024-06-01,189.6,1655.48
4174,6,2024-06-02,212.8,2056.61
4175,6,2024-06-03,195.6,1626.1
4176,6,2024-06-04,163.8,2423.04
4177,6,2024-06-05,187.0,1913.45
4178,6,2024-06-06,223.8,2492.96
4179,6,2024-06-07,186.3,1736.63
4180,6,2024-06-08,209.7,2938.89
4181,6,2024-06-09,191.7,2702.77
4182,6,2024-06-10,179.5,2268.92
4183,6,2024-06-11,225.5,1835.28
4184,6,2024-06-12,184.4,2425.12
4185,6,2024-06-13,226.8,3329.95
4186,6,2024-06-14,202.4,2931.3
4187,6,2024-06-15,203.8,2144.55
4188,6,2024-06-16,218.7,2461.05
4189,6,2024-06-17,215.4,2035.36
4190,6,2024-06-18,209.3,3019.46
4191,6,2024-06-19,197.1,1723.27
4192,6,2024-06-20,213.9,1879.59
4193,6,2024-06-21,217.4,2963.45
4194,6,2024-06-22,177.4,2535.24
4195,6,2024-06-23,203.6,1690.69
4196,6,2024-06-24,164.2,1714.23
4197,6,2024-06-25,211.6,2380.5
4198,6,2024-06-26,184.8,2119.02
4199,6,2024-06-27,212.7,2021.17
4200,6,2024-06-28,201.6,2341.99
4201,6,2024-06-29,209.9,3044.43
4202,6,2024-06-30,231.4,2463.17
4203,6,2024-07-01,188.2,2307.34
4204,6,2024-07-02,201.7,2020.77
4205,6,2024-07-03,205.8,2412.74
4206,6,2024-07-04,182.1,1553.73
4207,6,2024-07-05,218.8,2039.87
4208,6,2024-07-06,228.3,2576.49
4209,6,2024-07-07,207.0,2229.31
4210,6,2024-07-08,233.5,2394.63
4211,6,2024-07-09,213.4,2710.14
4212,6,2024-07-10,205.5,1751.6
4213,6,2024-07-11,219.6,1901.97
4214,6,2024-07-12,201.2,3001.68
4215,6,2024-07-13,199.6,2777.52
4216,6,2024-07-14,212.9,2326.54
4217,6,2024-07-15,237.5,3187.27
4218,6,2024-07-16,187.5,1544.12
4219,6,2024-07-17,181.3,1889.86
4220,6,2024-07-18,209.1,2181.95
4221,6,2024-07-19,167.6,1466.91
4222,6,2024-07-20,196.1,1769.03
4223,6,2024-07-21,202.1,2966.99
4224,6,2024-07-22,193.8,1707.17
4225,6,2024-07-23,226.4,3121.71
4226,6,2024-07-24,225.1,1969.52
4227,6,2024-07-25,235.6,2852.61
4228,6,2024-07-26,203.4,2812.31
4229,6,2024-07-27,206.1,2419.33
4230,6,2024-07-28,194.5,2072.42
4231,6,2024-07-29,222.3,3164.29
4232,6,2024-07-30,176.4,2023.44
4233,6,2024-07-31,196.3,1711.15
4234,6,2024-08-01,222.9,1878.88
4235,6,2024-08-02,200.0,2072.32
4236,6,2024-08-03,193.4,2519.26
4237,6,2024-08-04,190.0,2247.96
4238,6,2024-08-05,187.0,1685.43
4239,6,2024-08-06,193.6,2099.33
4240,6,2024-08-07,210.7,2209.95
4241,6,2024-08-08,203.2,1807.3
4242,6,2024-08-09,227.4,2996.07
4243,6,2024-08-10,176.8,1878.68
4244,6,2024-08-11,191.1,2195.21
4245,6,2024-08-12,181.4,1957.73
4246,6,2024-08-13,189.6,1542.03
4247,6,2024-08-14,191.7,1592.7
4248,6,2024-08-15,210.8,2651.26
4249,6,2024-08-16,213.2,2441.67
4250,6,2024-08-17,211.7,1998.32
4251,6,2024-08-18,217.3,2113.4
4252,6,2024-08-19,220.2,3153.89
4253,6,2024-08-20,209.3,3049.37
4254,6,2024-08-21,215.9,2818.43
4255,6,2024-08-22,197.7,1680.92
4256,6,2024-08-23,179.1,1921.47
4257,6,2024-08-24,190.4,1963.85
4258,6,2024-08-25,226.5,2756.02
4259,6,2024-08-26,183.4,2359.47
4260,6,2024-08-27,195.7,1710.4
4261,6,2024-08-28,180.6,1696.36
4262,6,2024-08-29,218.3,3177.1
4263,6,2024-08-30,201.1,1639.3
4264,6,2024-08-31,196.0,2231.61
4265,6,2024-09-01,167.1,1490.99
4266,6,2024-09-02,202.0,2148.26
4267,6,2024-09-03,220.6,2584.01
4268,6,2024-09-04,213.2,2586.12
4269,6,2024-09-05,190.7,1741.94
4270,6,2024-09-06,186.2,1814.66
4271,6,2024-09-07,203.6,2430.29
4272,6,2024-09-08,175.3,2562.47
4273,6,2024-09-09,210.8,2892.02
4274,6,2024-09-10,182.1,2170.37
4275,6,2024-09-11,186.9,1546.46
4276,6,2024-09-12,186.4,1889.74
4277,6,2024-09-13,213.8,2881.29
4278,6,2024-09-14,185.0,2069.3
4279,6,2024-09-15,186.6,1701.52
4280,6,2024-09-16,228.0,2459.02
4281,6,2024-09-17,211.8,1796.63
4282,6,2024-09-18,203.3,2348.76
4283,6,2024-09-19,203.2,1659.54
4284,6,2024-09-20,166.0,1692.17
4285,6,2024-09-21,205.2,2288.43
4286,6,2024-09-22,223.6,2235.79
4287,6,2024-09-23,186.4,2581.54
4288,6,2024-09-24,175.5,2592.08
4289,6,2024-09-25,166.2,2314.4
4290,6,2024-09-26,181.1,1990.03
4291,6,2024-09-27,175.2,2313.84
4292,6,2024-09-28,206.3,2418.88
4293,6,2024-09-29,211.0,2005.9
4294,6,2024-09-30,212.0,2758.02
4295,6,2024-10-01,191.4,1762.58
4296,6,2024-10-02,220.3,1766.63
4297,6,2024-10-03,166.1,1973.64
4298,6,2024-10-04,189.5,1765.24
4299,6,2024-10-05,193.9,1858.74
4300,6,2024-10-06,211.8,2407.52
4301,6,2024-10-07,175.4,1737.21
4302,6,2024-10-08,201.0,1846.56
4303,6,2024-10-09,217.1,2439.69
4304,6,2024-10-10,214.0,2782.15
4305,6,2024-10-11,190.0,2805.66
4306,6,2024-10-12,208.2,2861.61
4307,6,2024-10-13,191.4,1699.38
4308,6,2024-10-14,191.9,1721.26
4309,6,2024-10-15,197.5,2662.14
4310,6,2024-10-16,229.2,3031.09
4311,6,2024-10-17,228.4,1856.76
4312,6,2024-10-18,216.3,2202.78
4313,6,2024-10-19,181.5,2325.93
4314,6,2024-10-20,216.0,2926.63
4315,6,2024-10-21,197.5,1726.98
4316,6,2024-10-22,210.2,2404.78
4317,6,2024-10-23,188.3,1861.5
4318,6,2024-10-24,212.8,2064.02
4319,6,2024-10-25,213.6,1928.78
4320,6,2024-10-26,203.0,3003.74
4321,6,2024-10-27,210.6,2806.26
4322,6,2024-10-28,179.6,2677.02
4323,6,2024-10-29,210.1,2178.72
4324,6,2024-10-30,189.3,1747.49
4325,6,2024-10-31,223.9,2520.19
4326,6,2024-11-01,194.4,2286.2
4327,6,2024-11-02,174.1,1871.57
4328,6,2024-11-03,223.2,2872.86
4329,6,2024-11-04,201.7,2698.76
4330,6,2024-11-05,212.7,1834.53
4331,6,2024-11-06,200.7,1633.61
4332,6,2024-11-07,175.1,1710.9
4333,6,2024-11-08,194.6,1916.76
4334,6,2024-11-09,200.7,2327.2
4335,6,2024-11-10,213.3,2670.26
4336,6,2024-11-11,202.6,2209.16
4337,6,2024-11-12,194.4,2475.44
4338,6,2024-11-13,195.5,2330.66
4339,6,2024-11-14,212.0,2623.81
4340,6,2024-11-15,214.5,3196.5
4341,6,2024-11-16,183.2,2527.12
4342,6,2024-11-17,201.8,1969.86
4343,6,2024-11-18,213.9,2400.58
4344,6,2024-11-19,228.2,2407.72
4345,6,2024-11-20,222.5,2949.85
4346,6,2024-11-21,176.2,2246.56
4347,6,2024-11-22,199.7,2704.16
4348,6,2024-11-23,175.8,1992.08
4349,6,2024-11-24,226.5,2860.28
4350,6,2024-11-25,203.7,2213.06
4351,6,2024-11-26,214.2,2929.01
4352,6,2024-11-27,184.5,2585.03
4353,6,2024-11-28,189.2,2051.92
4354,6,2024-11-29,206.0,2870.77
4355,6,2024-11-30,220.7,2543.94
4356,6,2024-12-01,169.9,2128.04
4357,6,2024-12-02,218.4,2482.57
4358,6,2024-12-03,203.7,1741.59
4359,6,2024-12-04,167.2,1519.4
4360,6,2024-12-05,211.7,2951.86
4361,6,2024-12-06,212.8,2902.85
4362,6,2024-12-07,200.5,2576.87
4363,6,2024-12-08,190.5,2212.7
4364,6,2024-12-09,185.5,1826.35
4365,6,2024-12-10,207.6,1789.69
4366,6,2024-12-11,177.1,1489.24
4367,6,2024-12-12,224.1,2663.09
4368,6,2024-12-13,185.7,2035.1
4369,6,2024-12-14,166.0,2415.25
4370,6,2024-12-15,216.2,1812.92
4371,6,2024-12-16,212.0,2889.59
4372,6,2024-12-17,205.2,1905.5
4373,6,2024-12-18,217.6,1869.25
4374,6,2024-12-19,182.8,2500.75
4375,6,2024-12-20,216.3,1882.48
4376,6,2024-12-21,215.5,2807.22
4377,6,2024-12-22,215.6,1787.54
4378,6,2024-12-23,208.3,1699.79
4379,6,2024-12-24,182.1,2169.13
4380,6,2024-12-25,193.2,2786.67
4381,6,2024-12-26,218.1,1745.1
4382,6,2024-12-27,193.6,1777.46
4383,6,2024-12-28,182.3,2656.59
4384,6,2024-12-29,237.0,2099.21
4385,6,2024-12-30,170.6,2404.25
4386,6,2024-12-31,190.8,2334.88
4387,7,2023-01-01,298.1,3593.26
4388,7,2023-01-02,349.4,4378.49
4389,7,2023-01-03,359.9,3664.04
4390,7,2023-01-04,350.9,4201.39
4391,7,2023-01-05,328.5,4437.83
4392,7,2023-01-06,345.4,4262.12
4393,7,2023-01-07,304.5,2605.62
4394,7,2023-01-08,348.0,4822.84
4395,7,2023-01-09,303.6,4369.85
4396,7,2023-01-10,326.2,3683.42
4397,7,2023-01-11,351.6,4117.72
4398,7,2023-01-12,335.0,3508.92
4399,7,2023-01-13,324.7,3320.94
4400,7,2023-01-14,368.7,4816.27
4401,7,2023-01-15,347.2,5153.48
4402,7,2023-01-16,347.7,4696.09
4403,7,2023-01-17,345.7,2766.33
4404,7,2023-01-18,342.3,3606.54
4405,7,2023-01-19,348.4,3220.05
4406,7,2023-01-20,371.5,3761.85
4407,7,2023-01-21,352.4,4870.43
4408,7,2023-01-22,281.6,4090.32
4409,7,2023-01-23,348.9,3939.66
4410,7,2023-01-24,344.2,3692.81
4411,7,2023-01-25,373.4,3311.73
4412,7,2023-01-26,292.8,3530.1
4413,7,2023-01-27,312.7,4587.26
4414,7,2023-01-28,382.4,4686.74
4415,7,2023-01-29,328.5,4180.49
4416,7,2023-01-30,291.2,2989.06
4417,7,2023-01-31,335.5,4909.5
4418,7,2023-02-01,310.9,3543.1
4419,7,2023-02-02,343.4,3794.32
4420,7,2023-02-03,310.9,3031.76
4421,7,2023-02-04,360.8,3340.53
4422,7,2023-02-05,354.0,5097.88
4423,7,2023-02-06,342.2,3620.14
4424,7,2023-02-07,326.7,2737.2
4425,7,2023-02-08,352.0,4289.3
4426,7,2023-02-09,358.1,4092.25
4427,7,2023-02-10,333.7,3642.78
4428,7,2023-02-11,322.0,3838.29
4429,7,2023-02-12,343.9,4205.59
4430,7,2023-02-13,329.2,4360.23
4431,7,2023-02-14,334.8,2706.79
4432,7,2023-02-15,348.7,2873.3
4433,7,2023-02-16,303.0,3653.39
4434,7,2023-02-17,356.7,3359.03
4435,7,2023-02-18,332.0,4923.01
4436,7,2023-02-19,284.2,3499.53
4437,7,2023-02-20,313.6,4199.17
4438,7,2023-02-21,304.1,4277.74
4439,7,2023-02-22,337.0,2723.17
4440,7,2023-02-23,331.2,3343.92
4441,7,2023-02-24,315.9,2784.8
4442,7,2023-02-25,391.2,4137.27
4443,7,2023-02-26,332.3,4735.37
4444,7,2023-02-27,326.1,4628.05
4445,7,2023-02-28,322.3,3733.6
4446,7,2023-03-01,380.6,3409.59
4447,7,2023-03-02,302.6,4159.93
4448,7,2023-03-03,316.4,4557.35
4449,7,2023-03-04,376.9,3335.41
4450,7,2023-03-05,338.2,4146.43
4451,7,2023-03-06,319.4,3099.52
4452,7,2023-03-07,379.1,5361.4
4453,7,2023-03-08,342.4,4700.51
4454,7,2023-03-09,337.8,5043.78
4455,7,2023-03-10,308.3,3595.89
4456,7,2023-03-11,320.8,3988.23
4457,7,2023-03-12,288.9,4149.49
4458,7,2023-03-13,344.1,2804.05
4459,7,2023-03-14,365.2,4881.78
4460,7,2023-03-15,306.5,3345.0
4461,7,2023-03-16,331.4,2797.97
4462,7,2023-03-17,326.7,2860.3
4463,7,2023-03-18,295.0,3078.62
4464,7,2023-03-19,358.9,4094.14
4465,7,2023-03-20,288.7,2920.81
4466,7,2023-03-21,315.5,3117.65
4467,7,2023-03-22,392.7,4484.91
4468,7,2023-03-23,349.2,3790.6
4469,7,2023-03-24,328.0,3407.0
4470,7,2023-03-25,291.1,3432.56
4471,7,2023-03-26,359.5,4039.35
4472,7,2023-03-27,368.6,4383.37
4473,7,2023-03-28,293.9,3727.04
4474,7,2023-03-29,348.7,4612.41
4475,7,2023-03-30,358.9,2909.56
4476,7,2023-03-31,366.8,5145.54
4477,7,2023-04-01,335.6,2721.13
4478,7,2023-04-02,324.5,4063.74
4479,7,2023-04-03,293.8,2571.8
4480,7,2023-04-04,322.2,3570.51
4481,7,2023-04-05,329.1,4073.17
4482,7,2023-04-06,301.9,4163.48
4483,7,2023-04-07,317.9,3227.05
4484,7,2023-04-08,335.1,3356.07
4485,7,2023-04-09,313.2,4465.91
4486,7,2023-04-10,324.9,4619.53
4487,7,2023-04-11,333.8,3792.0
4488,7,2023-04-12,333.8,3085.31
4489,7,2023-04-13,308.2,3522.95
4490,7,2023-04-14,239.4,2818.05
4491,7,2023-04-15,310.2,3424.19
4492,7,2023-04-16,294.1,2623.08
4493,7,2023-04-17,365.8,5046.51
4494,7,2023-04-18,324.7,3533.02
4495,7,2023-04-19,315.9,4018.73
4496,7,2023-04-20,330.4,3578.77
4497,7,2023-04-21,357.6,4017.41
4498,7,2023-04-22,325.7,2654.05
4499,7,2023-04-23,326.1,3577.4
4500,7,2023-04-24,288.7,4047.71
4501,7,2023-04-25,380.1,4289.98
4502,7,2023-04-26,340.9,3776.39
4503,7,2023-04-27,272.7,3209.48
4504,7,2023-04-28,295.3,2879.99
4505,7,2023-04-29,321.2,2901.7
4506,7,2023-04-30,349.3,3030.38
4507,7,2023-05-01,328.6,3060.23
4508,7,2023-05-02,323.2,2634.55
4509,7,2023-05-03,382.8,3291.88
4510,7,2023-05-04,335.5,3766.0
4511,7,2023-05-05,298.3,3882.48
4512,7,2023-05-06,350.0,4264.49
4513,7,2023-05-07,342.2,3761.4
4514,7,2023-05-08,319.0,4700.38
4515,7,2023-05-09,352.4,4616.22
4516,7,2023-05-10,364.9,4139.95
4517,7,2023-05-11,361.0,4608.23
4518,7,2023-05-12,329.8,4710.49
4519,7,2023-05-13,329.9,3023.67
4520,7,2023-05-14,380.2,4918.29
4521,7,2023-05-15,302.0,2919.91
4522,7,2023-05-16,303.1,4281.3
4523,7,2023-05-17,338.1,3824.57
4524,7,2023-05-18,354.1,4499.16
4525,7,2023-05-19,291.8,3110.14
4526,7,2023-05-20,376.8,4024.34
4527,7,2023-05-21,376.1,4198.29
4528,7,2023-05-22,357.5,5284.14
4529,7,2023-05-23,322.8,3529.41
4530,7,2023-05-24,311.9,2531.77
4531,7,2023-05-25,292.6,3377.43
4532,7,2023-05-26,307.3,3182.21
4533,7,2023-05-27,331.2,2950.03
4534,7,2023-05-28,376.3,4986.1
4535,7,2023-05-29,323.7,4688.42
4536,7,2023-05-30,342.0,4633.78
4537,7,2023-05-31,335.0,3233.02
4538,7,2023-06-01,344.3,4910.85
4539,7,2023-06-02,314.7,3115.01
4540,7,2023-06-03,313.3,3173.45
4541,7,2023-06-04,377.7,5471.12
4542,7,2023-06-05,332.2,2863.36
4543,7,2023-06-06,324.8,4446.55
4544,7,2023-06-07,315.7,3876.99
4545,7,2023-06-08,348.0,3994.7
4546,7,2023-06-09,353.3,2928.31
4547,7,2023-06-10,313.6,3833.75
4548,7,2023-06-11,331.6,4511.02
4549,7,2023-06-12,372.0,4712.99
4550,7,2023-06-13,321.1,4796.89
4551,7,2023-06-14,307.3,4513.62
4552,7,2023-06-15,342.3,4338.49
4553,7,2023-06-16,333.3,4726.53
4554,7,2023-06-17,315.8,3801.93
4555,7,2023-06-18,357.2,4814.48
4556,7,2023-06-19,315.6,3727.22
4557,7,2023-06-20,316.2,4163.8
4558,7,2023-06-21,311.3,4247.35
4559,7,2023-06-22,306.3,2617.11
4560,7,2023-06-23,291.4,3786.13
4561,7,2023-06-24,283.8,4083.44
4562,7,2023-06-25,310.2,2900.7
4563,7,2023-06-26,344.5,3785.81
4564,7,2023-06-27,324.4,3855.26
4565,7,2023-06-28,364.0,3558.45
4566,7,2023-06-29,319.3,3498.53
4567,7,2023-06-30,340.8,3417.97
4568,7,2023-07-01,279.9,3440.65
4569,7,2023-07-02,292.4,2416.46
4570,7,2023-07-03,296.7,2678.83
4571,7,2023-07-04,309.3,3345.78
4572,7,2023-07-05,353.3,4655.55
4573,7,2023-07-06,327.0,4515.37
4574,7,2023-07-07,341.3,5059.53
4575,7,2023-07-08,319.5,2573.91
4576,7,2023-07-09,340.2,3893.35
4577,7,2023-07-10,290.5,2902.78
4578,7,2023-07-11,332.1,4436.07
4579,7,2023-07-12,275.9,3409.46
4580,7,2023-07-13,319.7,4017.82
4581,7,2023-07-14,312.7,4124.75
4582,7,2023-07-15,340.2,4149.06
4583,7,2023-07-16,286.9,3195.03
4584,7,2023-07-17,299.7,3123.55
4585,7,2023-07-18,356.4,3161.47
4586,7,2023-07-19,313.2,4632.86
4587,7,2023-07-20,293.3,2615.39
4588,7,2023-07-21,334.0,4054.94
4589,7,2023-07-22,314.5,3051.16
4590,7,2023-07-23,331.9,4503.83
4591,7,2023-07-24,306.9,3199.01
4592,7,2023-07-25,378.7,3080.61
4593,7,2023-07-26,320.6,3259.49
4594,7,2023-07-27,334.5,4008.38
4595,7,2023-07-28,327.3,4473.34
4596,7,2023-07-29,284.1,3208.67
4597,7,2023-07-30,301.3,3303.03
4598,7,2023-07-31,283.5,3510.9
4599,7,2023-08-01,288.0,3603.81
4600,7,2023-08-02,370.7,3992.08
4601,7,2023-08-03,335.0,2778.42
4602,7,2023-08-04,361.8,3342.07
4603,7,2023-08-05,332.6,4873.71
4604,7,2023-08-06,356.3,3031.34
4605,7,2023-08-07,303.2,3601.62
4606,7,2023-08-08,311.3,3324.79
4607,7,2023-08-09,338.7,3981.62
4608,7,2023-08-10,300.8,2985.14
4609,7,2023-08-11,372.1,3511.22
4610,7,2023-08-12,323.9,3255.06
4611,7,2023-08-13,360.7,5024.03
4612,7,2023-08-14,306.8,3262.77
4613,7,2023-08-15,344.4,5164.64
4614,7,2023-08-16,318.6,4044.05
4615,7,2023-08-17,308.9,3407.13
4616,7,2023-08-18,366.3,3300.39
4617,7,2023-08-19,287.4,2609.09
4618,7,2023-08-20,359.0,3537.91
4619,7,2023-08-21,344.9,5041.3
4620,7,2023-08-22,289.5,2413.64
4621,7,2023-08-23,344.2,3542.03
4622,7,2023-08-24,317.7,3186.19
4623,7,2023-08-25,309.1,3731.15
4624,7,2023-08-26,315.5,2895.19
4625,7,2023-08-27,294.7,2399.97
4626,7,2023-08-28,264.4,2146.33
4627,7,2023-08-29,378.2,5519.61
4628,7,2023-08-30,332.4,3076.32
4629,7,2023-08-31,380.5,5283.26
4630,7,2023-09-01,299.4,3826.15
4631,7,2023-09-02,322.1,4629.23
4632,7,2023-09-03,288.7,2970.28
4633,7,2023-09-04,342.7,4504.13
4634,7,2023-09-05,327.0,4327.8
4635,7,2023-09-06,313.1,2685.54
4636,7,2023-09-07,286.6,3510.07
4637,7,2023-09-08,330.8,2973.45
4638,7,2023-09-09,362.7,2966.68
4639,7,2023-09-10,338.6,4393.58
4640,7,2023-09-11,361.4,3659.45
4641,7,2023-09-12,371.5,4174.34
4642,7,2023-09-13,328.6,4012.21
4643,7,2023-09-14,309.9,2622.33
4644,7,2023-09-15,344.1,4034.06
4645,7,2023-09-16,343.3,4283.12
4646,7,2023-09-17,336.3,2848.28
4647,7,2023-09-18,347.0,3181.6
4648,7,2023-09-19,310.6,4003.69
4649,7,2023-09-20,308.9,3167.73
4650,7,2023-09-21,356.3,4241.18
4651,7,2023-09-22,316.8,4621.45
4652,7,2023-09-23,339.7,4142.32
4653,7,2023-09-24,329.8,4634.22
4654,7,2023-09-25,323.1,3592.72
4655,7,2023-09-26,345.1,2864.96
4656,7,2023-09-27,337.4,4054.4
4657,7,2023-09-28,318.5,3221.68
4658,7,2023-09-29,354.9,4815.4
4659,7,2023-09-30,329.2,4522.29
4660,7,2023-10-01,339.8,4681.18
4661,7,2023-10-02,297.0,3745.41
4662,7,2023-10-03,295.4,3651.53
4663,7,2023-10-04,287.1,3064.8
4664,7,2023-10-05,325.7,3845.21
4665,7,2023-10-06,297.9,3738.03
4666,7,2023-10-07,324.0,2757.44
4667,7,2023-10-08,365.5,2974.87
4668,7,2023-10-09,303.7,3641.68
4669,7,2023-10-10,330.0,3852.11
4670,7,2023-10-11,326.5,3855.1
4671,7,2023-10-12,284.3,2775.3
4672,7,2023-10-13,302.4,3146.07
4673,7,2023-10-14,289.9,2775.89
4674,7,2023-10-15,321.5,3183.34
4675,7,2023-10-16,379.9,5316.0
4676,7,2023-10-17,308.4,3087.08
4677,7,2023-10-18,314.3,4482.71
4678,7,2023-10-19,295.2,2382.14
4679,7,2023-10-20,319.3,2914.44
4680,7,2023-10-21,379.5,3888.71
4681,7,2023-10-22,337.3,3835.94
4682,7,2023-10-23,318.0,3797.15
4683,7,2023-10-24,372.1,4267.89
4684,7,2023-10-25,357.0,2900.34
4685,7,2023-10-26,298.7,3811.54
4686,7,2023-10-27,311.7,2617.48
4687,7,2023-10-28,288.5,4223.89
4688,7,2023-10-29,334.3,3459.11
4689,7,2023-10-30,340.5,3718.71
4690,7,2023-10-31,319.9,4715.91
4691,7,2023-11-01,345.7,3385.75
4692,7,2023-11-02,334.3,4851.76
4693,7,2023-11-03,360.3,3884.16
4694,7,2023-11-04,336.6,3192.95
4695,7,2023-11-05,319.8,2803.89
4696,7,2023-11-06,325.8,3913.13
4697,7,2023-11-07,324.0,3279.98
4698,7,2023-11-08,317.4,4126.82
4699,7,2023-11-09,325.3,3921.08
4700,7,2023-11-10,307.5,3789.16
4701,7,2023-11-11,282.1,3604.51
4702,7,2023-11-12,304.6,4243.33
4703,7,2023-11-13,337.0,4387.93
4704,7,2023-11-14,330.7,4416.0
4705,7,2023-11-15,317.9,3622.85
4706,7,2023-11-16,293.8,2877.18
4707,7,2023-11-17,276.7,3545.64
4708,7,2023-11-18,332.2,3751.73
4709,7,2023-11-19,334.7,3596.77
4710,7,2023-11-20,324.8,3421.73
4711,7,2023-11-21,343.6,3943.71
4712,7,2023-11-22,317.2,3869.68
4713,7,2023-11-23,330.0,3274.11
4714,7,2023-11-24,290.5,3809.53
4715,7,2023-11-25,339.4,4449.7
4716,7,2023-11-26,347.0,4020.58
4717,7,2023-11-27,309.2,3883.43
4718,7,2023-11-28,369.9,3629.76
4719,7,2023-11-29,321.6,3612.1
4720,7,2023-11-30,306.5,3002.43
4721,7,2023-12-01,316.7,3027.6
4722,7,2023-12-02,329.9,4367.76
4723,7,2023-12-03,372.0,4453.49
4724,7,2023-12-04,311.0,4557.06
4725,7,2023-12-05,320.0,3350.05
4726,7,2023-12-06,326.3,2937.02
4727,7,2023-12-07,289.6,4033.5
4728,7,2023-12-08,310.6,3155.6
4729,7,2023-12-09,316.3,4326.87
4730,7,2023-12-10,313.2,4432.21
4731,7,2023-12-11,309.4,2763.44
4732,7,2023-12-12,335.6,2737.1
4733,7,2023-12-13,320.3,4430.05
4734,7,2023-12-14,309.3,3181.11
4735,7,2023-12-15,312.7,3944.63
4736,7,2023-12-16,332.0,3391.67
4737,7,2023-12-17,309.5,4421.49
4738,7,2023-12-18,335.6,3254.78
4739,7,2023-12-19,336.7,4057.48
4740,7,2023-12-20,321.1,3390.92
4741,7,2023-12-21,321.2,2782.94
4742,7,2023-12-22,334.7,5012.73
4743,7,2023-12-23,343.3,3143.77
4744,7,2023-12-24,312.7,4102.69
4745,7,2023-12-25,335.1,3977.97
4746,7,2023-12-26,325.3,2659.72
4747,7,2023-12-27,296.8,4033.1
4748,7,2023-12-28,333.0,4660.49
4749,7,2023-12-29,364.7,3287.67
4750,7,2023-12-30,322.2,3687.63
4751,7,2023-12-31,366.5,3045.98
4752,7,2024-01-01,284.9,3779.28
4753,7,2024-01-02,330.8,2688.74
4754,7,2024-01-03,308.3,4262.13
4755,7,2024-01-04,326.3,3207.63
4756,7,2024-01-05,289.9,3785.38
4757,7,2024-01-06,355.6,3553.66
4758,7,2024-01-07,299.9,3979.43
4759,7,2024-01-08,308.2,2867.28
4760,7,2024-01-09,324.5,4718.67
4761,7,2024-01-10,302.0,3781.19
4762,7,2024-01-11,301.2,2657.52
4763,7,2024-01-12,324.5,4347.88
4764,7,2024-01-13,325.9,2611.85
4765,7,2024-01-14,315.8,4003.17
4766,7,2024-01-15,339.0,4625.39
4767,7,2024-01-16,318.8,3653.01
4768,7,2024-01-17,292.0,2973.52
4769,7,2024-01-18,271.4,2856.77
4770,7,2024-01-19,319.0,4047.21
4771,7,2024-01-20,290.2,4144.19
4772,7,2024-01-21,341.2,4790.52
4773,7,2024-01-22,249.8,2656.94
4774,7,2024-01-23,334.4,4330.78
4775,7,2024-01-24,296.5,3765.67
4776,7,2024-01-25,339.9,3319.72
4777,7,2024-01-26,295.3,3448.67
4778,7,2024-01-27,371.1,5429.97
4779,7,2024-01-28,369.6,3122.13
4780,7,2024-01-29,351.5,3220.78
4781,7,2024-01-30,333.9,4486.47
4782,7,2024-01-31,274.6,2814.42
4783,7,2024-02-01,289.5,2832.44
4784,7,2024-02-02,303.7,4447.12
4785,7,2024-02-03,296.9,3876.16
4786,7,2024-02-04,334.7,4369.31
4787,7,2024-02-05,301.3,3271.43
4788,7,2024-02-06,334.3,2924.24
4789,7,2024-02-07,337.8,3901.45
4790,7,2024-02-08,352.1,3662.54
4791,7,2024-02-09,361.3,3001.07
4792,7,2024-02-10,330.1,3950.46
4793,7,2024-02-11,360.6,2981.4
4794,7,2024-02-12,310.1,3353.12
4795,7,2024-02-13,326.7,3871.65
4796,7,2024-02-14,361.7,3139.48
4797,7,2024-02-15,334.2,4252.63
4798,7,2024-02-16,302.2,4488.86
4799,7,2024-02-17,322.2,4511.11
4800,7,2024-02-18,372.9,3256.01
4801,7,2024-02-19,276.7,2416.7
4802,7,2024-02-20,312.5,4170.33
4803,7,2024-02-21,400.3,4355.2
4804,7,2024-02-22,338.2,3795.78
4805,7,2024-02-23,332.7,3668.48
4806,7,2024-02-24,303.6,4163.92
4807,7,2024-02-25,308.5,3862.58
4808,7,2024-02-26,308.0,4288.48
4809,7,2024-02-27,370.2,5551.24
4810,7,2024-02-28,317.8,4745.74
4811,7,2024-02-29,346.4,3371.84
4812,7,2024-03-01,346.9,4798.68
4813,7,2024-03-02,336.1,2879.98
4814,7,2024-03-03,320.9,3545.98
4815,7,2024-03-04,267.1,2530.75
4816,7,2024-03-05,356.6,4332.74
4817,7,2024-03-06,342.5,3301.73
4818,7,2024-03-07,357.1,4685.1
4819,7,2024-03-08,303.9,3900.69
4820,7,2024-03-09,308.8,4292.01
4821,7,2024-03-10,397.4,4021.69
4822,7,2024-03-11,279.7,3206.22
4823,7,2024-03-12,339.1,3990.63
4824,7,2024-03-13,351.6,4762.44
4825,7,2024-03-14,272.4,2485.21
4826,7,2024-03-15,321.9,4034.25
4827,7,2024-03-16,316.2,4315.07
4828,7,2024-03-17,289.3,2909.24
4829,7,2024-03-18,341.2,4009.16
4830,7,2024-03-19,286.1,2409.26
4831,7,2024-03-20,329.1,3704.72
4832,7,2024-03-21,305.5,4520.34
4833,7,2024-03-22,254.6,2227.38
4834,7,2024-03-23,307.9,4452.65
4835,7,2024-03-24,307.1,3007.06
4836,7,2024-03-25,341.0,2804.71
4837,7,2024-03-26,341.5,3737.89
4838,7,2024-03-27,278.6,4118.58
4839,7,2024-03-28,326.3,4571.11
4840,7,2024-03-29,306.6,3484.98
4841,7,2024-03-30,325.9,4687.22
4842,7,2024-03-31,321.8,4712.11
4843,7,2024-04-01,310.2,4447.94
4844,7,2024-04-02,350.8,5217.14
4845,7,2024-04-03,288.8,3416.31
4846,7,2024-04-04,301.5,2807.17
4847,7,2024-04-05,354.1,4471.65
4848,7,2024-04-06,314.0,3380.25
4849,7,2024-04-07,334.7,4848.16
4850,7,2024-04-08,330.1,3516.33
4851,7,2024-04-09,329.7,2961.63
4852,7,2024-04-10,309.9,3324.08
4853,7,2024-04-11,292.3,4226.01
4854,7,2024-04-12,314.8,2524.13
4855,7,2024-04-13,353.3,3451.58
4856,7,2024-04-14,295.2,3928.9
4857,7,2024-04-15,275.1,2972.05
4858,7,2024-04-16,337.1,4324.7
4859,7,2024-04-17,280.9,3822.45
4860,7,2024-04-18,334.6,2841.5
4861,7,2024-04-19,298.0,3628.07
4862,7,2024-04-20,336.8,4663.98
4863,7,2024-04-21,344.0,3998.83
4864,7,2024-04-22,344.1,4899.04
4865,7,2024-04-23,343.1,4057.76
4866,7,2024-04-24,326.8,3771.69
4867,7,2024-04-25,328.8,2954.12
4868,7,2024-04-26,282.6,3981.21
4869,7,2024-04-27,317.1,4484.06
4870,7,2024-04-28,314.1,3381.76
4871,7,2024-04-29,352.3,4105.83
4872,7,2024-04-30,319.5,2988.66
4873,7,2024-05-01,307.8,3984.62
4874,7,2024-05-02,327.8,2700.75
4875,7,2024-05-03,319.0,2760.92
4876,7,2024-05-04,354.5,4590.32
4877,7,2024-05-05,285.4,2314.51
4878,7,2024-05-06,320.9,3506.2
4879,7,2024-05-07,342.8,4013.42
4880,7,2024-05-08,285.4,2421.14
4881,7,2024-05-09,307.3,4485.01
4882,7,2024-05-10,312.6,3510.16
4883,7,2024-05-11,319.4,4283.02
4884,7,2024-05-12,269.7,2475.91
4885,7,2024-05-13,342.3,4030.69
4886,7,2024-05-14,343.7,4833.32
4887,7,2024-05-15,329.0,3666.72
4888,7,2024-05-16,295.1,3232.59
4889,7,2024-05-17,303.3,2656.18
4890,7,2024-05-18,285.8,2790.01
4891,7,2024-05-19,346.8,2892.5
4892,7,2024-05-20,296.2,3719.28
4893,7,2024-05-21,295.1,3501.67
4894,7,2024-05-22,302.5,3177.08
4895,7,2024-05-23,359.1,2906.02
4896,7,2024-05-24,314.7,3724.56
4897,7,2024-05-25,300.0,2528.62
4898,7,2024-05-26,340.5,3095.65
4899,7,2024-05-27,330.2,3522.35
4900,7,2024-05-28,244.4,2707.84
4901,7,2024-05-29,363.0,3171.7
4902,7,2024-05-30,317.1,4244.12
4903,7,2024-05-31,351.0,4612.16
4904,7,2024-06-01,344.5,3891.06
4905,7,2024-06-02,326.6,4802.38
4906,7,2024-06-03,282.8,3427.92
4907,7,2024-06-04,318.1,4702.61
4908,7,2024-06-05,310.7,3178.19
4909,7,2024-06-06,368.4,3009.55
4910,7,2024-06-07,290.0,4143.08
4911,7,2024-06-08,248.1,3479.85
4912,7,2024-06-09,364.5,5347.81
4913,7,2024-06-10,288.9,3961.03
4914,7,2024-06-11,313.8,3396.72
4915,7,2024-06-12,359.5,2963.86
4916,7,2024-06-13,287.1,4083.11
4917,7,2024-06-14,357.4,5116.83
4918,7,2024-06-15,356.9,4125.53
4919,7,2024-06-16,348.8,4602.99
4920,7,2024-06-17,314.6,4607.15
4921,7,2024-06-18,317.1,3529.37
4922,7,2024-06-19,337.0,3299.4
4923,7,2024-06-20,289.4,3907.66
4924,7,2024-06-21,359.1,3178.08
4925,7,2024-06-22,315.4,2709.64
4926,7,2024-06-23,313.7,3871.01
4927,7,2024-06-24,315.9,2558.89
4928,7,2024-06-25,315.7,4254.11
4929,7,2024-06-26,309.9,4083.71
4930,7,2024-06-27,331.5,3658.33
4931,7,2024-06-28,337.8,3124.68
4932,7,2024-06-29,285.3,3793.47
4933,7,2024-06-30,324.7,4647.97
4934,7,2024-07-01,301.6,2438.25
4935,7,2024-07-02,262.8,3169.46
4936,7,2024-07-03,320.4,3069.27
4937,7,2024-07-04,325.6,3555.34
4938,7,2024-07-05,304.9,3768.28
4939,7,2024-07-06,304.4,3631.76
4940,7,2024-07-07,291.2,3538.29
4941,7,2024-07-08,283.1,2807.67
4942,7,2024-07-09,299.0,2757.39
4943,7,2024-07-10,293.2,3646.24
4944,7,2024-07-11,304.8,3652.22
4945,7,2024-07-12,279.8,2703.99
4946,7,2024-07-13,293.2,3444.2
4947,7,2024-07-14,327.2,4322.07
4948,7,2024-07-15,335.1,4638.35
4949,7,2024-07-16,306.5,3788.24
4950,7,2024-07-17,315.9,2944.55
4951,7,2024-07-18,363.3,4899.34
4952,7,2024-07-19,333.0,3367.34
4953,7,2024-07-20,383.5,5268.06
4954,7,2024-07-21,327.1,4360.39
4955,7,2024-07-22,278.0,2457.54
4956,7,2024-07-23,309.7,4453.68
4957,7,2024-07-24,307.0,2577.88
4958,7,2024-07-25,342.8,2867.98
4959,7,2024-07-26,339.6,3396.89
4960,7,2024-07-27,317.3,3487.53
4961,7,2024-07-28,320.1,4121.69
4962,7,2024-07-29,295.1,2921.38
4963,7,2024-07-30,342.3,2763.31
4964,7,2024-07-31,307.5,3829.79
4965,7,2024-08-01,278.8,3513.33
4966,7,2024-08-02,298.5,4131.85
4967,7,2024-08-03,307.9,3457.31
4968,7,2024-08-04,321.9,3618.39
4969,7,2024-08-05,372.9,3033.4
4970,7,2024-08-06,333.8,3843.33
4971,7,2024-08-07,273.5,3467.91
4972,7,2024-08-08,346.7,3327.17
4973,7,2024-08-09,323.8,3379.19
4974,7,2024-08-10,318.9,3324.45
4975,7,2024-08-11,330.6,4919.8
4976,7,2024-08-12,322.3,3886.46
4977,7,2024-08-13,268.8,3710.06
4978,7,2024-08-14,347.1,3748.73
4979,7,2024-08-15,266.8,2603.15
4980,7,2024-08-16,335.3,4075.53
4981,7,2024-08-17,303.1,3775.84
4982,7,2024-08-18,292.0,4137.3
4983,7,2024-08-19,362.5,4836.87
4984,7,2024-08-20,325.5,4117.1
4985,7,2024-08-21,334.8,3700.48
4986,7,2024-08-22,309.8,2574.41
4987,7,2024-08-23,341.2,2894.36
4988,7,2024-08-24,299.6,2706.14
4989,7,2024-08-25,337.3,4194.47
4990,7,2024-08-26,328.5,3139.25
4991,7,2024-08-27,323.7,2696.91
4992,7,2024-08-28,305.3,3751.58
4993,7,2024-08-29,326.5,3697.35
4994,7,2024-08-30,315.4,3017.6
4995,7,2024-08-31,308.1,3125.86
4996,7,2024-09-01,336.7,4659.93
4997,7,2024-09-02,298.8,3117.93
4998,7,2024-09-03,275.2,2425.44
4999,7,2024-09-04,284.2,2861.56
5000,7,2024-09-05,343.5,5019.71
5001,7,2024-09-06,319.3,4347.65
5002,7,2024-09-07,327.8,4313.18
5003,7,2024-09-08,311.5,2802.57
5004,7,2024-09-09,315.9,4380.78
5005,7,2024-09-10,342.8,3055.98
5006,7,2024-09-11,352.2,4395.51
5007,7,2024-09-12,333.1,2695.68
5008,7,2024-09-13,329.8,4218.21
5009,7,2024-09-14,293.2,3918.14
5010,7,2024-09-15,329.7,2795.36
5011,7,2024-09-16,305.1,3911.55
5012,7,2024-09-17,339.3,4908.49
5013,7,2024-09-18,320.5,3603.05
5014,7,2024-09-19,262.8,2392.32
5015,7,2024-09-20,359.8,5187.57
5016,7,2024-09-21,334.4,4667.01
5017,7,2024-09-22,367.6,5001.12
5018,7,2024-09-23,321.6,3683.56
5019,7,2024-09-24,315.1,4379.49
5020,7,2024-09-25,293.1,3569.41
5021,7,2024-09-26,297.4,4386.51
5022,7,2024-09-27,334.9,3626.97
5023,7,2024-09-28,327.6,4840.66
5024,7,2024-09-29,308.3,3156.66
5025,7,2024-09-30,316.4,2570.05
5026,7,2024-10-01,309.8,2895.94
5027,7,2024-10-02,322.4,3151.71
5028,7,2024-10-03,296.7,2662.48
5029,7,2024-10-04,329.6,2786.77
5030,7,2024-10-05,281.5,3108.11
5031,7,2024-10-06,308.2,2877.07
5032,7,2024-10-07,301.6,4276.45
5033,7,2024-10-08,338.0,3611.06
5034,7,2024-10-09,329.7,3361.23
5035,7,2024-10-10,314.4,4110.68
5036,7,2024-10-11,317.9,3321.34
5037,7,2024-10-12,342.0,3780.01
5038,7,2024-10-13,275.3,4092.52
5039,7,2024-10-14,352.0,3583.88
5040,7,2024-10-15,277.2,4140.41
5041,7,2024-10-16,373.6,3320.47
5042,7,2024-10-17,296.5,3893.54
5043,7,2024-10-18,308.9,4380.65
5044,7,2024-10-19,274.0,4053.36
5045,7,2024-10-20,350.6,2935.97
5046,7,2024-10-21,311.7,4342.34
5047,7,2024-10-22,313.4,4460.23
5048,7,2024-10-23,380.2,5291.37
5049,7,2024-10-24,344.2,2993.69
5050,7,2024-10-25,301.0,4141.4
5051,7,2024-10-26,302.5,3866.57
5052,7,2024-10-27,325.6,3927.92
5053,7,2024-10-28,276.0,2722.57
5054,7,2024-10-29,338.0,4507.75
5055,7,2024-10-30,309.1,3975.75
5056,7,2024-10-31,275.3,2355.99
5057,7,2024-11-01,360.9,4616.28
5058,7,2024-11-02,363.4,3847.9
5059,7,2024-11-03,266.8,3643.54
5060,7,2024-11-04,303.0,2701.06
5061,7,2024-11-05,321.3,4565.84
5062,7,2024-11-06,328.2,3604.97
5063,7,2024-11-07,336.9,2927.98
5064,7,2024-11-08,310.8,2740.91
5065,7,2024-11-09,340.8,4409.28
5066,7,2024-11-10,373.4,4077.93
5067,7,2024-11-11,302.9,4175.38
5068,7,2024-11-12,355.8,3512.5
5069,7,2024-11-13,323.1,3559.39
5070,7,2024-11-14,270.9,3396.52
5071,7,2024-11-15,284.6,3212.75
5072,7,2024-11-16,301.3,3593.71
5073,7,2024-11-17,323.0,3305.98
5074,7,2024-11-18,288.4,3099.79
5075,7,2024-11-19,326.6,4175.18
5076,7,2024-11-20,313.9,3088.28
5077,7,2024-11-21,344.2,3721.23
5078,7,2024-11-22,329.0,4543.33
5079,7,2024-11-23,326.7,3849.46
5080,7,2024-11-24,309.0,2954.03
5081,7,2024-11-25,322.3,4346.65
5082,7,2024-11-26,317.3,3815.7
5083,7,2024-11-27,312.7,3076.91
5084,7,2024-11-28,292.6,2486.54
5085,7,2024-11-29,344.2,4380.93
5086,7,2024-11-30,320.9,3127.6
5087,7,2024-12-01,335.1,4376.99
5088,7,2024-12-02,320.8,4115.0
5089,7,2024-12-03,307.9,4543.89
5090,7,2024-12-04,294.0,3360.18
5091,7,2024-12-05,315.1,4058.44
5092,7,2024-12-06,291.6,4369.71
5093,7,2024-12-07,322.2,4561.64
5094,7,2024-12-08,263.9,2766.96
5095,7,2024-12-09,341.9,4221.78
5096,7,2024-12-10,218.0,1749.08
5097,7,2024-12-11,312.7,3370.28
5098,7,2024-12-12,333.7,3076.27
5099,7,2024-12-13,349.8,4757.76
5100,7,2024-12-14,304.9,4436.19
5101,7,2024-12-15,360.2,4160.32
5102,7,2024-12-16,298.0,4061.38
5103,7,2024-12-17,294.4,3048.52
5104,7,2024-12-18,355.2,3469.22
5105,7,2024-12-19,330.7,3108.29
5106,7,2024-12-20,319.8,2771.34
5107,7,2024-12-21,324.9,3395.2
5108,7,2024-12-22,307.8,2945.8
5109,7,2024-12-23,352.6,4170.73
5110,7,2024-12-24,282.0,3724.24
5111,7,2024-12-25,301.7,2628.68
5112,7,2024-12-26,264.3,2249.78
5113,7,2024-12-27,267.8,3291.09
5114,7,2024-12-28,308.0,2556.78
5115,7,2024-12-29,363.1,5044.85
5116,7,2024-12-30,331.7,3730.56
5117,7,2024-12-31,321.4,3072.35
5118,8,2023-01-01,232.4,3195.35
5119,8,2023-01-02,180.9,2548.28
5120,8,2023-01-03,197.2,2173.99
5121,8,2023-01-04,195.9,1572.35
5122,8,2023-01-05,219.0,2512.04
5123,8,2023-01-06,210.0,2085.85
5124,8,2023-01-07,199.4,2214.82
5125,8,2023-01-08,201.8,2717.98
5126,8,2023-01-09,197.9,1793.47
5127,8,2023-01-10,216.7,2764.52
5128,8,2023-01-11,209.6,2867.09
5129,8,2023-01-12,200.9,2865.44
5130,8,2023-01-13,198.1,2576.85
5131,8,2023-01-14,228.8,2493.53
5132,8,2023-01-15,225.4,1873.09
5133,8,2023-01-16,216.8,2451.46
5134,8,2023-01-17,223.3,3192.54
5135,8,2023-01-18,185.0,2610.18
5136,8,2023-01-19,189.2,2568.83
5137,8,2023-01-20,187.5,1782.41
5138,8,2023-01-21,206.3,2598.49
5139,8,2023-01-22,223.8,3278.46
5140,8,2023-01-23,199.3,2718.87
5141,8,2023-01-24,226.3,2366.76
5142,8,2023-01-25,196.7,1803.94
5143,8,2023-01-26,203.9,2921.31
5144,8,2023-01-27,199.1,1925.66
5145,8,2023-01-28,202.6,2922.99
5146,8,2023-01-29,204.4,1834.56
5147,8,2023-01-30,177.3,1498.9
5148,8,2023-01-31,211.9,1768.88
5149,8,2023-02-01,203.9,2120.71
5150,8,2023-02-02,231.9,2534.31
5151,8,2023-02-03,215.5,2206.45
5152,8,2023-02-04,211.0,2251.23
5153,8,2023-02-05,230.6,2622.77
5154,8,2023-02-06,228.6,2469.77
5155,8,2023-02-07,232.7,2300.55
5156,8,2023-02-08,197.4,1717.57
5157,8,2023-02-09,186.7,1515.6
5158,8,2023-02-10,177.1,2426.97
5159,8,2023-02-11,222.5,1895.42
5160,8,2023-02-12,174.8,1612.42
5161,8,2023-02-13,209.2,3065.42
5162,8,2023-02-14,219.7,3294.04
5163,8,2023-02-15,181.2,2538.11
5164,8,2023-02-16,189.8,2845.88
5165,8,2023-02-17,225.1,3031.97
5166,8,2023-02-18,213.8,2242.43
5167,8,2023-02-19,224.9,2882.55
5168,8,2023-02-20,209.4,1706.5
5169,8,2023-02-21,190.1,1831.25
5170,8,2023-02-22,198.1,2841.11
5171,8,2023-02-23,220.4,2587.38
5172,8,2023-02-24,179.7,1712.25
5173,8,2023-02-25,196.8,2266.68
5174,8,2023-02-26,194.5,1925.67
5175,8,2023-02-27,204.0,1715.88
5176,8,2023-02-28,215.6,2825.53
5177,8,2023-03-01,224.2,2232.56
5178,8,2023-03-02,183.2,2197.17
5179,8,2023-03-03,191.0,2148.32
5180,8,2023-03-04,184.8,2677.44
5181,8,2023-03-05,204.5,1788.78
5182,8,2023-03-06,186.5,1942.96
5183,8,2023-03-07,211.0,3090.69
5184,8,2023-03-08,188.3,2820.9
5185,8,2023-03-09,226.6,3170.66
5186,8,2023-03-10,177.0,1561.77
5187,8,2023-03-11,191.3,1806.72
5188,8,2023-03-12,232.2,2512.67
5189,8,2023-03-13,208.2,2033.85
5190,8,2023-03-14,196.7,2002.63
5191,8,2023-03-15,250.2,2998.46
5192,8,2023-03-16,200.4,2178.76
5193,8,2023-03-17,214.6,1907.4
5194,8,2023-03-18,191.8,1674.29
5195,8,2023-03-19,189.1,1918.69
5196,8,2023-03-20,215.5,2441.32
5197,8,2023-03-21,233.9,2891.62
5198,8,2023-03-22,197.2,2467.72
5199,8,2023-03-23,187.9,1926.99
5200,8,2023-03-24,221.4,2449.86
5201,8,2023-03-25,197.3,1586.47
5202,8,2023-03-26,210.9,1750.14
5203,8,2023-03-27,196.7,2307.65
5204,8,2023-03-28,199.2,2790.27
5205,8,2023-03-29,190.4,2054.98
5206,8,2023-03-30,215.8,2493.73
5207,8,2023-03-31,211.3,3035.67
5208,8,2023-04-01,210.7,2436.19
5209,8,2023-04-02,193.1,2308.89
5210,8,2023-04-03,209.7,2042.71
5211,8,2023-04-04,236.3,2315.74
5212,8,2023-04-05,187.7,1570.37
5213,8,2023-04-06,191.6,2855.97
5214,8,2023-04-07,192.4,1951.12
5215,8,2023-04-08,206.2,2888.01
5216,8,2023-04-09,186.5,2377.48
5217,8,2023-04-10,212.8,2767.59
5218,8,2023-04-11,174.9,2290.05
5219,8,2023-04-12,217.7,3067.01
5220,8,2023-04-13,210.1,2532.3
5221,8,2023-04-14,235.6,3234.74
5222,8,2023-04-15,188.2,1513.16
5223,8,2023-04-16,221.7,2122.53
5224,8,2023-04-17,202.5,2295.39
5225,8,2023-04-18,199.2,1840.29
5226,8,2023-04-19,187.4,1976.26
5227,8,2023-04-20,196.4,1902.1
5228,8,2023-04-21,197.1,2288.18
5229,8,2023-04-22,180.0,2392.78
5230,8,2023-04-23,209.7,2132.24
5231,8,2023-04-24,207.5,2293.27
5232,8,2023-04-25,213.7,2891.49
5233,8,2023-04-26,194.2,2015.74
5234,8,2023-04-27,218.0,3172.93
5235,8,2023-04-28,226.6,3036.7
5236,8,2023-04-29,200.1,2889.4
5237,8,2023-04-30,188.2,2281.36
5238,8,2023-05-01,204.9,2755.37
5239,8,2023-05-02,204.1,2899.56
5240,8,2023-05-03,200.9,2550.28
5241,8,2023-05-04,213.6,3025.42
5242,8,2023-05-05,198.1,2634.79
5243,8,2023-05-06,186.9,2191.2
5244,8,2023-05-07,206.3,2165.15
5245,8,2023-05-08,214.3,3081.02
5246,8,2023-05-09,215.8,1748.47
5247,8,2023-05-10,196.9,1687.31
5248,8,2023-05-11,208.5,1698.37
5249,8,2023-05-12,226.8,3381.92
5250,8,2023-05-13,226.7,2444.81
5251,8,2023-05-14,221.6,3054.14
5252,8,2023-05-15,178.6,2599.76
5253,8,2023-05-16,198.0,2463.69
5254,8,2023-05-17,225.3,3152.73
5255,8,2023-05-18,178.4,1639.55
5256,8,2023-05-19,202.4,1619.56
5257,8,2023-05-20,193.5,1878.26
5258,8,2023-05-21,208.7,2104.32
5259,8,2023-05-22,169.2,2152.06
5260,8,2023-05-23,223.3,1873.33
5261,8,2023-05-24,203.1,2103.9
5262,8,2023-05-25,185.5,1868.4
5263,8,2023-05-26,191.2,1616.51
5264,8,2023-05-27,209.1,3100.04
5265,8,2023-05-28,189.9,2452.61
5266,8,2023-05-29,231.8,3081.92
5267,8,2023-05-30,201.0,2213.37
5268,8,2023-05-31,228.0,1841.24
5269,8,2023-06-01,205.8,1938.89
5270,8,2023-06-02,214.5,3097.16
5271,8,2023-06-03,213.4,2937.14
5272,8,2023-06-04,195.1,1876.1
5273,8,2023-06-05,214.7,1723.7
5274,8,2023-06-06,196.4,1600.09
5275,8,2023-06-07,176.7,2266.9
5276,8,2023-06-08,199.4,2384.89
5277,8,2023-06-09,183.1,2479.89
5278,8,2023-06-10,195.8,2136.34
5279,8,2023-06-11,202.2,1746.21
5280,8,2023-06-12,187.8,1671.97
5281,8,2023-06-13,211.9,3067.36
5282,8,2023-06-14,196.1,2702.34
5283,8,2023-06-15,182.5,2161.81
5284,8,2023-06-16,188.0,2453.53
5285,8,2023-06-17,204.4,2826.44
5286,8,2023-06-18,198.5,2764.3
5287,8,2023-06-19,207.4,2401.48
5288,8,2023-06-20,204.5,2944.02
5289,8,2023-06-21,186.5,2207.14
5290,8,2023-06-22,192.5,2150.07
5291,8,2023-06-23,216.8,1878.19
5292,8,2023-06-24,188.8,1934.74
5293,8,2023-06-25,227.9,2075.66
5294,8,2023-06-26,179.1,2511.47
5295,8,2023-06-27,216.1,2436.39
5296,8,2023-06-28,200.7,1992.26
5297,8,2023-06-29,186.4,2002.31
5298,8,2023-06-30,203.7,2469.98
5299,8,2023-07-01,189.2,2539.54
5300,8,2023-07-02,193.3,2826.8
5301,8,2023-07-03,196.1,2856.48
5302,8,2023-07-04,214.5,2192.07
5303,8,2023-07-05,192.0,1861.57
5304,8,2023-07-06,206.1,2764.57
5305,8,2023-07-07,215.1,2366.78
5306,8,2023-07-08,203.1,2861.46
5307,8,2023-07-09,208.5,3068.92
5308,8,2023-07-10,201.5,2076.56
5309,8,2023-07-11,211.0,1795.58
5310,8,2023-07-12,181.6,2515.97
5311,8,2023-07-13,225.8,3157.21
5312,8,2023-07-14,171.5,2541.17
5313,8,2023-07-15,190.8,2527.11
5314,8,2023-07-16,200.5,2397.54
5315,8,2023-07-17,171.4,1974.38
5316,8,2023-07-18,193.7,2008.54
5317,8,2023-07-19,206.5,2919.45
5318,8,2023-07-20,228.2,2694.05
5319,8,2023-07-21,211.6,2518.17
5320,8,2023-07-22,194.8,1840.33
5321,8,2023-07-23,177.4,2467.09
5322,8,2023-07-24,223.3,2494.56
5323,8,2023-07-25,194.0,2089.65
5324,8,2023-07-26,206.3,3070.46
5325,8,2023-07-27,194.7,1936.46
5326,8,2023-07-28,208.3,2147.38
5327,8,2023-07-29,222.3,2944.76
5328,8,2023-07-30,213.8,2473.29
5329,8,2023-07-31,197.4,1750.09
5330,8,2023-08-01,223.6,2671.76
5331,8,2023-08-02,232.2,3370.07
5332,8,2023-08-03,218.0,2398.17
5333,8,2023-08-04,195.0,2193.59
5334,8,2023-08-05,215.3,2348.45
5335,8,2023-08-06,217.8,2031.08
5336,8,2023-08-07,197.5,2337.74
5337,8,2023-08-08,232.1,1940.6
5338,8,2023-08-09,221.2,2096.56
5339,8,2023-08-10,198.3,2457.01
5340,8,2023-08-11,194.9,2331.54
5341,8,2023-08-12,217.3,2153.29
5342,8,2023-08-13,237.3,2304.66
5343,8,2023-08-14,181.9,1680.9
5344,8,2023-08-15,208.8,2945.87
5345,8,2023-08-16,214.8,2330.12
5346,8,2023-08-17,221.7,2180.64
5347,8,2023-08-18,214.9,2861.34
5348,8,2023-08-19,193.7,1952.33
5349,8,2023-08-20,180.1,1581.06
5350,8,2023-08-21,196.4,2564.72
5351,8,2023-08-22,214.2,3207.11
5352,8,2023-08-23,191.9,1638.51
5353,8,2023-08-24,224.5,3036.03
5354,8,2023-08-25,199.2,2653.44
5355,8,2023-08-26,190.9,2322.48
5356,8,2023-08-27,167.4,2480.44
5357,8,2023-08-28,210.4,2079.71
5358,8,2023-08-29,197.5,2946.9
5359,8,2023-08-30,194.1,2386.05
5360,8,2023-08-31,234.3,2320.98
5361,8,2023-09-01,191.7,1686.39
5362,8,2023-09-02,195.6,2040.69
5363,8,2023-09-03,210.5,1835.28
5364,8,2023-09-04,224.0,3128.28
5365,8,2023-09-05,208.8,2650.02
5366,8,2023-09-06,202.7,1870.56
5367,8,2023-09-07,236.6,1939.26
5368,8,2023-09-08,194.7,1578.13
5369,8,2023-09-09,194.8,2143.95
5370,8,2023-09-10,191.7,2187.85
5371,8,2023-09-11,207.6,2527.29
5372,8,2023-09-12,187.0,1881.31
5373,8,2023-09-13,183.1,1947.43
5374,8,2023-09-14,195.3,2421.17
5375,8,2023-09-15,175.6,1827.46
5376,8,2023-09-16,205.3,2524.56
5377,8,2023-09-17,207.5,2464.27
5378,8,2023-09-18,210.4,2216.52
5379,8,2023-09-19,215.2,1780.94
5380,8,2023-09-20,195.6,2917.87
5381,8,2023-09-21,221.4,1829.91
5382,8,2023-09-22,219.4,2685.77
5383,8,2023-09-23,184.7,1836.61
5384,8,2023-09-24,200.1,2847.31
5385,8,2023-09-25,164.4,1399.23
5386,8,2023-09-26,221.5,2879.87
5387,8,2023-09-27,214.7,2485.01
5388,8,2023-09-28,225.7,2491.22
5389,8,2023-09-29,177.1,2583.22
5390,8,2023-09-30,208.8,2530.8
5391,8,2023-10-01,192.3,2623.1
5392,8,2023-10-02,169.6,1549.12
5393,8,2023-10-03,217.2,2217.61
5394,8,2023-10-04,181.2,2454.38
5395,8,2023-10-05,206.4,1750.24
5396,8,2023-10-06,192.0,1553.22
5397,8,2023-10-07,203.4,2128.36
5398,8,2023-10-08,215.1,2071.0
5399,8,2023-10-09,203.4,3039.46
5400,8,2023-10-10,239.9,3570.88
5401,8,2023-10-11,186.1,2128.78
5402,8,2023-10-12,233.9,2989.15
5403,8,2023-10-13,195.4,1666.04
5404,8,2023-10-14,188.9,1607.99
5405,8,2023-10-15,199.1,2687.03
5406,8,2023-10-16,177.1,2018.18
5407,8,2023-10-17,190.1,2253.66
5408,8,2023-10-18,196.2,1942.49
5409,8,2023-10-19,204.5,1795.69
5410,8,2023-10-20,201.2,1908.45
5411,8,2023-10-21,208.4,2793.27
5412,8,2023-10-22,199.6,2852.45
5413,8,2023-10-23,218.6,2936.64
5414,8,2023-10-24,211.2,2481.09
5415,8,2023-10-25,207.0,2111.63
5416,8,2023-10-26,221.5,2642.55
5417,8,2023-10-27,221.5,3294.52
5418,8,2023-10-28,202.2,2199.69
5419,8,2023-10-29,194.3,2610.9
5420,8,2023-10-30,203.7,2159.22
5421,8,2023-10-31,198.1,2431.19
5422,8,2023-11-01,193.6,1710.54
5423,8,2023-11-02,203.0,2092.35
5424,8,2023-11-03,206.3,2214.48
5425,8,2023-11-04,210.2,2669.47
5426,8,2023-11-05,224.3,2405.5
5427,8,2023-11-06,204.5,1942.22
5428,8,2023-11-07,199.7,2181.54
5429,8,2023-11-08,216.1,2883.96
5430,8,2023-11-09,187.0,1878.59
5431,8,2023-11-10,168.7,2516.92
5432,8,2023-11-11,174.6,1971.12
5433,8,2023-11-12,207.7,2375.43
5434,8,2023-11-13,194.7,2374.29
5435,8,2023-11-14,195.9,2861.38
5436,8,2023-11-15,186.5,2261.67
5437,8,2023-11-16,219.5,3154.2
5438,8,2023-11-17,175.1,1736.2
5439,8,2023-11-18,209.3,1926.56
5440,8,2023-11-19,199.7,2603.2
5441,8,2023-11-20,225.2,2355.41
5442,8,2023-11-21,215.9,2201.35
5443,8,2023-11-22,182.2,1993.34
5444,8,2023-11-23,210.7,1962.7
5445,8,2023-11-24,207.0,1858.91
5446,8,2023-11-25,198.3,2402.32
5447,8,2023-11-26,209.2,2821.57
5448,8,2023-11-27,189.3,1663.57
5449,8,2023-11-28,201.1,2850.65
5450,8,2023-11-29,199.8,2935.59
5451,8,2023-11-30,187.0,1742.26
5452,8,2023-12-01,194.4,2236.08
5453,8,2023-12-02,191.7,2418.61
5454,8,2023-12-03,205.7,2111.2
5455,8,2023-12-04,220.2,2481.24
5456,8,2023-12-05,178.7,2445.65
5457,8,2023-12-06,206.1,1741.62
5458,8,2023-12-07,191.0,1787.59
5459,8,2023-12-08,214.4,2094.34
5460,8,2023-12-09,205.9,2118.29
5461,8,2023-12-10,175.1,2394.68
5462,8,2023-12-11,202.2,2712.84
5463,8,2023-12-12,197.2,2646.58
5464,8,2023-12-13,180.0,1865.17
5465,8,2023-12-14,191.1,2342.72
5466,8,2023-12-15,201.4,1826.44
5467,8,2023-12-16,191.5,1909.2
5468,8,2023-12-17,216.2,3002.89
5469,8,2023-12-18,196.9,2085.1
5470,8,2023-12-19,189.9,1897.56
5471,8,2023-12-20,202.2,1708.13
5472,8,2023-12-21,204.3,2656.22
5473,8,2023-12-22,214.3,2183.61
5474,8,2023-12-23,199.9,2402.95
5475,8,2023-12-24,134.2,1502.28
5476,8,2023-12-25,203.5,1921.08
5477,8,2023-12-26,193.8,2851.33
5478,8,2023-12-27,225.0,2210.38
5479,8,2023-12-28,205.4,2596.77
5480,8,2023-12-29,201.5,2840.84
5481,8,2023-12-30,191.2,2332.78
5482,8,2023-12-31,216.4,1967.7
5483,8,2024-01-01,173.2,2287.25
5484,8,2024-01-02,202.0,2363.15
5485,8,2024-01-03,172.9,2591.46
5486,8,2024-01-04,188.7,1604.64
5487,8,2024-01-05,212.2,2015.21
5488,8,2024-01-06,204.1,3021.94
5489,8,2024-01-07,201.6,2714.26
5490,8,2024-01-08,182.8,1931.62
5491,8,2024-01-09,197.7,1789.73
5492,8,2024-01-10,204.7,2305.35
5493,8,2024-01-11,213.9,2397.99
5494,8,2024-01-12,206.8,2513.38
5495,8,2024-01-13,212.0,3159.42
5496,8,2024-01-14,176.8,1475.32
5497,8,2024-01-15,201.0,1962.83
5498,8,2024-01-16,214.5,3149.66
5499,8,2024-01-17,164.2,1522.5
5500,8,2024-01-18,195.0,1893.51
5501,8,2024-01-19,204.7,2946.02
5502,8,2024-01-20,216.8,2086.33
5503,8,2024-01-21,200.2,2575.32
5504,8,2024-01-22,198.3,2014.58
5505,8,2024-01-23,203.1,1646.92
5506,8,2024-01-24,204.7,2808.73
5507,8,2024-01-25,184.9,1772.42
5508,8,2024-01-26,190.6,2150.34
5509,8,2024-01-27,170.4,1568.26
5510,8,2024-01-28,188.3,2510.56
5511,8,2024-01-29,181.4,1727.12
5512,8,2024-01-30,184.7,1654.28
5513,8,2024-01-31,233.8,3024.87
5514,8,2024-02-01,215.5,2749.59
5515,8,2024-02-02,181.6,2319.13
5516,8,2024-02-03,177.9,1858.32
5517,8,2024-02-04,189.0,1871.99
5518,8,2024-02-05,177.4,1528.67
5519,8,2024-02-06,202.4,1930.58
5520,8,2024-02-07,202.1,1708.4
5521,8,2024-02-08,184.3,1981.88
5522,8,2024-02-09,209.2,1767.69
5523,8,2024-02-10,209.2,2851.8
5524,8,2024-02-11,187.3,1769.94
5525,8,2024-02-12,183.7,1565.19
5526,8,2024-02-13,191.5,2861.99
5527,8,2024-02-14,207.0,2764.92
5528,8,2024-02-15,231.7,3215.45
5529,8,2024-02-16,206.5,2195.45
5530,8,2024-02-17,180.1,2679.03
5531,8,2024-02-18,203.0,1910.63
5532,8,2024-02-19,199.6,2804.48
5533,8,2024-02-20,198.7,2691.91
5534,8,2024-02-21,177.4,1956.96
5535,8,2024-02-22,202.9,2227.42
5536,8,2024-02-23,197.3,2412.63
5537,8,2024-02-24,179.3,1454.99
5538,8,2024-02-25,225.8,2741.9
5539,8,2024-02-26,177.8,1661.38
5540,8,2024-02-27,204.9,2576.67
5541,8,2024-02-28,195.2,1766.04
5542,8,2024-02-29,192.0,2315.64
5543,8,2024-03-01,218.1,2134.78
5544,8,2024-03-02,212.6,1833.39
5545,8,2024-03-03,195.2,2854.17
5546,8,2024-03-04,184.6,1758.28
5547,8,2024-03-05,190.1,2326.78
5548,8,2024-03-06,192.9,2461.82
5549,8,2024-03-07,212.8,2426.79
5550,8,2024-03-08,203.5,1819.14
5551,8,2024-03-09,213.3,2622.27
5552,8,2024-03-10,176.6,2069.04
5553,8,2024-03-11,214.8,3043.54
5554,8,2024-03-12,220.6,2669.52
5555,8,2024-03-13,185.4,2363.72
5556,8,2024-03-14,210.4,3011.32
5557,8,2024-03-15,218.9,2861.9
5558,8,2024-03-16,188.3,1585.04
5559,8,2024-03-17,180.2,2661.95
5560,8,2024-03-18,200.9,2748.28
5561,8,2024-03-19,168.8,1391.74
5562,8,2024-03-20,214.4,2527.79
5563,8,2024-03-21,183.3,2496.02
5564,8,2024-03-22,193.2,2783.35
5565,8,2024-03-23,208.4,1983.04
5566,8,2024-03-24,206.1,2028.73
5567,8,2024-03-25,207.8,3041.91
5568,8,2024-03-26,185.1,2409.55
5569,8,2024-03-27,202.1,2165.47
5570,8,2024-03-28,211.1,2318.0
5571,8,2024-03-29,187.6,2225.83
5572,8,2024-03-30,226.6,2697.47
5573,8,2024-03-31,193.7,2188.13
5574,8,2024-04-01,167.5,1795.55
5575,8,2024-04-02,193.6,2366.81
5576,8,2024-04-03,218.3,3114.48
5577,8,2024-04-04,182.2,2616.76
5578,8,2024-04-05,181.0,2270.17
5579,8,2024-04-06,203.2,2672.16
5580,8,2024-04-07,179.7,2519.08
5581,8,2024-04-08,179.1,1882.53
5582,8,2024-04-09,183.8,2647.13
5583,8,2024-04-10,222.9,2547.81
5584,8,2024-04-11,204.9,1680.91
5585,8,2024-04-12,197.7,2576.39
5586,8,2024-04-13,184.6,1755.39
5587,8,2024-04-14,210.6,2291.48
5588,8,2024-04-15,206.6,2731.61
5589,8,2024-04-16,224.2,2992.24
5590,8,2024-04-17,181.7,2715.42
5591,8,2024-04-18,179.9,1647.32
5592,8,2024-04-19,167.5,1579.43
5593,8,2024-04-20,205.2,2208.06
5594,8,2024-04-21,200.5,1856.41
5595,8,2024-04-22,190.3,1909.96
5596,8,2024-04-23,167.2,1610.71
5597,8,2024-04-24,220.0,2170.45
5598,8,2024-04-25,199.6,2439.17
5599,8,2024-04-26,216.1,2402.8
5600,8,2024-04-27,217.8,2270.82
5601,8,2024-04-28,204.5,2095.98
5602,8,2024-04-29,206.9,1804.75
5603,8,2024-04-30,186.5,1931.39
5604,8,2024-05-01,198.1,2629.26
5605,8,2024-05-02,212.8,2812.23
5606,8,2024-05-03,183.4,1782.39
5607,8,2024-05-04,211.4,2279.5
5608,8,2024-05-05,210.2,1991.51
5609,8,2024-05-06,209.7,2617.03
5610,8,2024-05-07,196.8,1813.03
5611,8,2024-05-08,184.4,2238.26
5612,8,2024-05-09,225.7,2965.27
5613,8,2024-05-10,218.5,2852.92
5614,8,2024-05-11,197.1,2426.0
5615,8,2024-05-12,200.1,2911.81
5616,8,2024-05-13,191.8,1718.6
5617,8,2024-05-14,167.9,2230.36
5618,8,2024-05-15,194.6,2540.19
5619,8,2024-05-16,204.3,2287.84
5620,8,2024-05-17,187.0,1926.11
5621,8,2024-05-18,190.9,2411.99
5622,8,2024-05-19,190.8,2261.12
5623,8,2024-05-20,197.9,2569.83
5624,8,2024-05-21,192.3,1617.12
5625,8,2024-05-22,182.2,2610.38
5626,8,2024-05-23,197.8,2838.69
5627,8,2024-05-24,203.2,2780.49
5628,8,2024-05-25,199.3,2749.68
5629,8,2024-05-26,166.6,1586.6
5630,8,2024-05-27,206.3,2122.45
5631,8,2024-05-28,177.5,1741.74
5632,8,2024-05-29,202.9,2287.59
5633,8,2024-05-30,203.6,2944.19
5634,8,2024-05-31,172.0,2276.11
5635,8,2024-06-01,210.3,2400.19
5636,8,2024-06-02,225.0,2093.86
5637,8,2024-06-03,191.1,1650.65
5638,8,2024-06-04,202.7,2686.44
5639,8,2024-06-05,188.3,1543.8
5640,8,2024-06-06,177.2,1587.27
5641,8,2024-06-07,211.8,2248.09
5642,8,2024-06-08,203.1,2868.01
5643,8,2024-06-09,184.7,1672.26
5644,8,2024-06-10,177.7,2193.63
5645,8,2024-06-11,225.9,3011.98
5646,8,2024-06-12,173.9,2055.37
5647,8,2024-06-13,205.3,2072.11
5648,8,2024-06-14,198.3,2084.9
5649,8,2024-06-15,208.1,1924.6
5650,8,2024-06-16,220.2,2341.19
5651,8,2024-06-17,154.8,1431.85
5652,8,2024-06-18,179.2,2592.58
5653,8,2024-06-19,193.4,2468.21
5654,8,2024-06-20,221.6,3165.14
5655,8,2024-06-21,188.7,2226.05
5656,8,2024-06-22,185.6,2523.27
5657,8,2024-06-23,160.6,1613.57
5658,8,2024-06-24,184.1,1697.49
5659,8,2024-06-25,204.5,2814.67
5660,8,2024-06-26,193.4,2198.33
5661,8,2024-06-27,183.7,2187.61
5662,8,2024-06-28,225.8,1898.5
5663,8,2024-06-29,190.5,2613.11
5664,8,2024-06-30,197.1,2715.17
5665,8,2024-07-01,182.6,2076.56
5666,8,2024-07-02,176.5,2149.6
5667,8,2024-07-03,206.5,2082.89
5668,8,2024-07-04,168.5,1413.5
5669,8,2024-07-05,202.8,1830.61
5670,8,2024-07-06,150.1,1779.7
5671,8,2024-07-07,200.3,2910.71
5672,8,2024-07-08,177.8,1666.35
5673,8,2024-07-09,180.8,1892.51
5674,8,2024-07-10,190.4,1754.22
5675,8,2024-07-11,175.2,1770.18
5676,8,2024-07-12,164.6,2073.73
5677,8,2024-07-13,191.9,1793.34
5678,8,2024-07-14,207.2,2050.33
5679,8,2024-07-15,198.5,2220.33
5680,8,2024-07-16,213.2,1928.77
5681,8,2024-07-17,166.2,2426.71
5682,8,2024-07-18,188.2,2670.84
5683,8,2024-07-19,195.3,1869.73
5684,8,2024-07-20,180.6,1964.06
5685,8,2024-07-21,195.9,2025.82
5686,8,2024-07-22,212.0,2004.86
5687,8,2024-07-23,202.9,2288.02
5688,8,2024-07-24,214.6,2043.27
5689,8,2024-07-25,199.2,2319.35
5690,8,2024-07-26,192.9,2084.03
5691,8,2024-07-27,219.6,2279.39
5692,8,2024-07-28,196.4,1817.28
5693,8,2024-07-29,223.7,2905.23
5694,8,2024-07-30,209.5,2969.1
5695,8,2024-07-31,183.6,2699.95
5696,8,2024-08-01,191.1,2111.1
5697,8,2024-08-02,219.3,2593.2
5698,8,2024-08-03,212.8,2008.44
5699,8,2024-08-04,206.5,2451.59
5700,8,2024-08-05,204.6,2336.05
5701,8,2024-08-06,173.3,2543.19
5702,8,2024-08-07,176.5,2379.75
5703,8,2024-08-08,198.1,1817.34
5704,8,2024-08-09,229.2,3402.91
5705,8,2024-08-10,180.5,2067.68
5706,8,2024-08-11,189.9,2680.43
5707,8,2024-08-12,188.7,1561.13
5708,8,2024-08-13,203.5,2835.98
5709,8,2024-08-14,198.7,2388.23
5710,8,2024-08-15,211.1,2890.92
5711,8,2024-08-16,198.9,2361.36
5712,8,2024-08-17,197.6,2919.97
5713,8,2024-08-18,194.1,2079.28
5714,8,2024-08-19,213.8,2627.93
5715,8,2024-08-20,194.2,2737.84
5716,8,2024-08-21,182.7,1734.5
5717,8,2024-08-22,205.1,2255.56
5718,8,2024-08-23,192.2,2019.25
5719,8,2024-08-24,208.8,2593.55
5720,8,2024-08-25,148.8,2024.37
5721,8,2024-08-26,215.6,2530.65
5722,8,2024-08-27,190.6,1976.89
5723,8,2024-08-28,214.9,2558.75
5724,8,2024-08-29,209.1,1755.83
5725,8,2024-08-30,185.1,1846.79
5726,8,2024-08-31,180.3,2292.81
5727,8,2024-09-01,179.1,2094.52
5728,8,2024-09-02,175.6,1670.27
5729,8,2024-09-03,212.9,2621.26
5730,8,2024-09-04,190.7,1915.96
5731,8,2024-09-05,221.5,3281.34
5732,8,2024-09-06,183.1,2609.11
5733,8,2024-09-07,185.8,1565.55
5734,8,2024-09-08,202.2,1953.05
5735,8,2024-09-09,220.4,2726.28
5736,8,2024-09-10,185.1,1788.43
5737,8,2024-09-11,206.8,2834.05
5738,8,2024-09-12,193.7,1987.82
5739,8,2024-09-13,202.3,1878.43
5740,8,2024-09-14,180.9,2094.85
5741,8,2024-09-15,204.8,2993.61
5742,8,2024-09-16,189.2,1521.7
5743,8,2024-09-17,186.3,2675.71
5744,8,2024-09-18,192.9,2243.65
5745,8,2024-09-19,203.2,2611.21
5746,8,2024-09-20,190.9,2686.07
5747,8,2024-09-21,186.4,2762.34
5748,8,2024-09-22,191.3,1553.76
5749,8,2024-09-23,190.9,1540.98
5750,8,2024-09-24,201.7,2586.45
5751,8,2024-09-25,187.3,2239.78
5752,8,2024-09-26,186.9,2328.81
5753,8,2024-09-27,180.8,2659.61
5754,8,2024-09-28,202.7,2527.77
5755,8,2024-09-29,195.5,2131.19
5756,8,2024-09-30,212.8,3158.68
5757,8,2024-10-01,210.4,3087.14
5758,8,2024-10-02,197.0,2507.88
5759,8,2024-10-03,191.6,1586.78
5760,8,2024-10-04,193.3,1818.29
5761,8,2024-10-05,183.5,1859.4
5762,8,2024-10-06,180.7,1901.48
5763,8,2024-10-07,178.6,1481.78
5764,8,2024-10-08,190.2,2418.99
5765,8,2024-10-09,154.2,1918.89
5766,8,2024-10-10,219.0,3020.68
5767,8,2024-10-11,224.5,3293.88
5768,8,2024-10-12,176.9,2454.81
5769,8,2024-10-13,224.1,2070.46
5770,8,2024-10-14,177.1,2111.12
5771,8,2024-10-15,193.2,2799.88
5772,8,2024-10-16,199.3,2162.5
5773,8,2024-10-17,194.5,1930.15
5774,8,2024-10-18,184.3,1516.06
5775,8,2024-10-19,183.5,2491.42
5776,8,2024-10-20,206.2,2065.65
5777,8,2024-10-21,213.0,2613.12
5778,8,2024-10-22,165.3,1970.92
5779,8,2024-10-23,196.9,2132.02
5780,8,2024-10-24,202.6,2844.29
5781,8,2024-10-25,195.7,2868.4
5782,8,2024-10-26,171.1,2117.37
5783,8,2024-10-27,201.2,2791.86
5784,8,2024-10-28,210.2,3071.88
5785,8,2024-10-29,179.9,2048.59
5786,8,2024-10-30,183.9,2374.23
5787,8,2024-10-31,195.9,2520.42
5788,8,2024-11-01,191.5,2069.93
5789,8,2024-11-02,183.9,1689.68
5790,8,2024-11-03,174.0,1521.33
5791,8,2024-11-04,185.1,1746.3
5792,8,2024-11-05,159.5,1612.86
5793,8,2024-11-06,202.7,2632.36
5794,8,2024-11-07,181.4,2257.24
5795,8,2024-11-08,205.3,3036.21
5796,8,2024-11-09,188.9,1740.71
5797,8,2024-11-10,194.7,1682.36
5798,8,2024-11-11,167.3,1849.17
5799,8,2024-11-12,203.8,2102.71
5800,8,2024-11-13,234.8,2769.48
5801,8,2024-11-14,186.4,1577.75
5802,8,2024-11-15,194.3,2305.4
5803,8,2024-11-16,196.3,2537.41
5804,8,2024-11-17,171.8,1617.93
5805,8,2024-11-18,175.5,2157.9
5806,8,2024-11-19,201.1,2188.82
5807,8,2024-11-20,179.5,1576.72
5808,8,2024-11-21,188.5,2467.12
5809,8,2024-11-22,194.5,2531.19
5810,8,2024-11-23,201.6,2688.65
5811,8,2024-11-24,189.3,2726.83
5812,8,2024-11-25,189.7,1703.89
5813,8,2024-11-26,230.8,2724.62
5814,8,2024-11-27,207.7,1805.92
5815,8,2024-11-28,186.5,2008.94
5816,8,2024-11-29,189.8,1769.06
5817,8,2024-11-30,221.9,2601.44
5818,8,2024-12-01,201.5,2224.97
5819,8,2024-12-02,209.9,2001.87
5820,8,2024-12-03,186.0,2444.46
5821,8,2024-12-04,184.2,1856.84
5822,8,2024-12-05,216.6,2446.42
5823,8,2024-12-06,190.9,2200.43
5824,8,2024-12-07,190.6,2657.51
5825,8,2024-12-08,184.9,1573.38
5826,8,2024-12-09,209.1,2504.93
5827,8,2024-12-10,210.9,3156.9
5828,8,2024-12-11,195.0,2253.54
5829,8,2024-12-12,174.1,1398.93
5830,8,2024-12-13,183.1,2116.92
5831,8,2024-12-14,212.7,2452.98
5832,8,2024-12-15,195.3,2815.34
5833,8,2024-12-16,209.1,1889.94
5834,8,2024-12-17,198.2,2772.73
5835,8,2024-12-18,175.9,1641.14
5836,8,2024-12-19,200.0,2897.01
5837,8,2024-12-20,191.0,1946.68
5838,8,2024-12-21,183.3,2320.1
5839,8,2024-12-22,184.6,2028.63
5840,8,2024-12-23,208.5,3101.06
5841,8,2024-12-24,195.7,2166.4
5842,8,2024-12-25,194.5,1874.47
5843,8,2024-12-26,218.1,1912.22
5844,8,2024-12-27,180.6,1786.87
5845,8,2024-12-28,190.0,2620.86
5846,8,2024-12-29,181.8,1486.03
5847,8,2024-12-30,199.4,1926.3
5848,8,2024-12-31,194.7,2502.33
5849,9,2023-01-01,389.5,4558.99
5850,9,2023-01-02,387.4,3126.13
5851,9,2023-01-03,352.8,3660.18
5852,9,2023-01-04,333.7,3688.83
5853,9,2023-01-05,357.7,3544.01
5854,9,2023-01-06,394.4,4557.17
5855,9,2023-01-07,417.2,5955.77
5856,9,2023-01-08,378.9,5248.09
5857,9,2023-01-09,344.8,3203.17
5858,9,2023-01-10,373.6,3741.48
5859,9,2023-01-11,409.8,3814.45
5860,9,2023-01-12,350.7,4138.96
5861,9,2023-01-13,383.6,4792.65
5862,9,2023-01-14,392.9,5809.48
5863,9,2023-01-15,377.4,5264.66
5864,9,2023-01-16,351.9,5112.12
5865,9,2023-01-17,352.3,5040.97
5866,9,2023-01-18,393.9,3631.87
5867,9,2023-01-19,345.8,3848.99
5868,9,2023-01-20,338.7,4583.09
5869,9,2023-01-21,404.2,3295.87
5870,9,2023-01-22,411.5,4918.84
5871,9,2023-01-23,373.5,5458.22
5872,9,2023-01-24,434.1,5975.66
5873,9,2023-01-25,367.3,4615.76
5874,9,2023-01-26,389.9,5607.66
5875,9,2023-01-27,417.9,4259.08
5876,9,2023-01-28,372.6,4467.17
5877,9,2023-01-29,425.9,6038.7
5878,9,2023-01-30,419.0,4040.27
5879,9,2023-01-31,411.8,3805.59
5880,9,2023-02-01,352.4,3964.66
5881,9,2023-02-02,419.4,3693.96
5882,9,2023-02-03,409.7,3930.47
5883,9,2023-02-04,379.7,3373.09
5884,9,2023-02-05,356.7,3945.09
5885,9,2023-02-06,411.9,4104.34
5886,9,2023-02-07,419.3,5331.68
5887,9,2023-02-08,377.8,3892.99
5888,9,2023-02-09,402.2,4826.78
5889,9,2023-02-10,407.0,5627.21
5890,9,2023-02-11,345.9,3879.21
5891,9,2023-02-12,418.7,3463.09
5892,9,2023-02-13,425.0,3945.52
5893,9,2023-02-14,351.3,3755.21
5894,9,2023-02-15,358.9,3009.95
5895,9,2023-02-16,390.8,3933.71
5896,9,2023-02-17,423.4,3973.13
5897,9,2023-02-18,427.9,4762.15
5898,9,2023-02-19,348.3,5064.04
5899,9,2023-02-20,396.0,3807.23
5900,9,2023-02-21,359.0,4859.72
5901,9,2023-02-22,340.2,3861.96
5902,9,2023-02-23,398.7,4323.19
5903,9,2023-02-24,392.9,5171.48
5904,9,2023-02-25,407.2,3265.35
5905,9,2023-02-26,421.7,4958.87
5906,9,2023-02-27,438.6,5921.68
5907,9,2023-02-28,418.5,4029.58
5908,9,2023-03-01,389.2,5310.02
5909,9,2023-03-02,398.0,5804.6
5910,9,2023-03-03,369.2,3821.21
5911,9,2023-03-04,448.2,3834.72
5912,9,2023-03-05,395.9,4536.43
5913,9,2023-03-06,411.3,5814.77
5914,9,2023-03-07,373.4,4818.48
5915,9,2023-03-08,422.6,4463.62
5916,9,2023-03-09,409.6,4436.69
5917,9,2023-03-10,405.2,5295.75
5918,9,2023-03-11,386.3,4579.96
5919,9,2023-03-12,364.6,4781.22
5920,9,2023-03-13,423.4,4603.88
5921,9,2023-03-14,406.7,5208.76
5922,9,2023-03-15,337.1,3780.82
5923,9,2023-03-16,438.7,5866.6
5924,9,2023-03-17,402.1,5737.71
5925,9,2023-03-18,396.9,4946.26
5926,9,2023-03-19,379.1,5123.44
5927,9,2023-03-20,353.7,3006.53
5928,9,2023-03-21,403.6,5280.62
5929,9,2023-03-22,441.9,5009.93
5930,9,2023-03-23,386.6,3937.53
5931,9,2023-03-24,414.0,4113.71
5932,9,2023-03-25,354.8,4613.43
5933,9,2023-03-26,424.5,3820.27
5934,9,2023-03-27,365.7,3450.0
5935,9,2023-03-28,401.7,3786.71
5936,9,2023-03-29,440.1,6301.55
5937,9,2023-03-30,365.6,3442.34
5938,9,2023-03-31,333.1,3569.54
5939,9,2023-04-01,325.1,4350.63
5940,9,2023-04-02,380.8,4096.56
5941,9,2023-04-03,356.8,3796.16
5942,9,2023-04-04,403.8,3253.08
5943,9,2023-04-05,403.2,5533.35
5944,9,2023-04-06,424.3,4747.43
5945,9,2023-04-07,400.4,3212.98
5946,9,2023-04-08,418.1,4087.78
5947,9,2023-04-09,456.8,3863.96
5948,9,2023-04-10,379.2,4905.48
5949,9,2023-04-11,430.5,4324.11
5950,9,2023-04-12,463.2,5634.29
5951,9,2023-04-13,355.8,3710.14
5952,9,2023-04-14,418.7,3959.93
5953,9,2023-04-15,363.3,3670.69
5954,9,2023-04-16,380.5,4448.27
5955,9,2023-04-17,335.8,3870.52
5956,9,2023-04-18,336.5,3140.73
5957,9,2023-04-19,388.8,3633.55
5958,9,2023-04-20,414.0,5611.75
5959,9,2023-04-21,389.9,3422.8
5960,9,2023-04-22,415.3,3947.75
5961,9,2023-04-23,353.7,4060.9
5962,9,2023-04-24,358.0,5230.36
5963,9,2023-04-25,443.0,5679.79
5964,9,2023-04-26,361.9,5102.57
5965,9,2023-04-27,379.9,5126.41
5966,9,2023-04-28,369.2,5060.18
5967,9,2023-04-29,388.9,3778.21
5968,9,2023-04-30,395.7,4566.58
5969,9,2023-05-01,385.2,4576.19
5970,9,2023-05-02,374.3,4741.69
5971,9,2023-05-03,388.8,3982.19
5972,9,2023-05-04,396.8,3726.37
5973,9,2023-05-05,372.2,3398.74
5974,9,2023-05-06,394.5,3726.21
5975,9,2023-05-07,349.6,5092.41
5976,9,2023-05-08,383.2,5657.98
5977,9,2023-05-09,387.5,5002.6
5978,9,2023-05-10,395.6,3503.51
5979,9,2023-05-11,350.4,5180.09
5980,9,2023-05-12,375.6,5592.79
5981,9,2023-05-13,391.6,4203.55
5982,9,2023-05-14,374.4,3994.39
5983,9,2023-05-15,389.1,5528.03
5984,9,2023-05-16,400.2,5210.41
5985,9,2023-05-17,373.6,3280.83
5986,9,2023-05-18,405.0,5236.33
5987,9,2023-05-19,398.1,3331.41
5988,9,2023-05-20,391.3,3518.89
5989,9,2023-05-21,433.7,3571.74
5990,9,2023-05-22,424.7,4577.24
5991,9,2023-05-23,430.2,4393.46
5992,9,2023-05-24,399.1,4544.99
5993,9,2023-05-25,358.9,5231.59
5994,9,2023-05-26,356.7,3842.03
5995,9,2023-05-27,405.8,4057.99
5996,9,2023-05-28,428.3,5385.36
5997,9,2023-05-29,413.8,3598.77
5998,9,2023-05-30,435.4,6516.38
5999,9,2023-05-31,433.9,6160.97
6000,9,2023-06-01,344.6,3778.12
6001,9,2023-06-02,346.3,4965.36
6002,9,2023-06-03,328.8,2997.95
6003,9,2023-06-04,391.6,4793.87
6004,9,2023-06-05,361.1,3797.01
6005,9,2023-06-06,386.9,4639.75
6006,9,2023-06-07,365.8,3215.7
6007,9,2023-06-08,397.7,4794.98
6008,9,2023-06-09,391.9,3811.98
6009,9,2023-06-10,403.2,4067.29
6010,9,2023-06-11,371.2,4908.54
6011,9,2023-06-12,421.5,6293.88
6012,9,2023-06-13,385.8,4098.4
6013,9,2023-06-14,366.4,3292.92
6014,9,2023-06-15,371.9,5197.15
6015,9,2023-06-16,412.5,5578.98
6016,9,2023-06-17,389.0,4946.19
6017,9,2023-06-18,365.4,5154.87
6018,9,2023-06-19,385.5,4211.99
6019,9,2023-06-20,369.8,5381.82
6020,9,2023-06-21,383.1,5485.01
6021,9,2023-06-22,452.3,5850.15
6022,9,2023-06-23,421.1,4149.25
6023,9,2023-06-24,402.7,3516.25
6024,9,2023-06-25,347.6,3885.63
6025,9,2023-06-26,307.8,2861.47
6026,9,2023-06-27,377.0,3953.3
6027,9,2023-06-28,381.1,4849.22
6028,9,2023-06-29,316.1,4671.29
6029,9,2023-06-30,402.3,4758.13
6030,9,2023-07-01,332.0,3950.37
6031,9,2023-07-02,357.5,3659.01
6032,9,2023-07-03,426.3,5955.34
6033,9,2023-07-04,362.6,2940.65
6034,9,2023-07-05,364.9,3457.44
6035,9,2023-07-06,468.3,4580.73
6036,9,2023-07-07,423.2,3599.29
6037,9,2023-07-08,407.3,6103.95
6038,9,2023-07-09,406.0,5805.49
6039,9,2023-07-10,351.7,4346.02
6040,9,2023-07-11,390.3,3275.65
6041,9,2023-07-12,379.7,4891.17
6042,9,2023-07-13,412.5,3450.72
6043,9,2023-07-14,323.3,3231.06
6044,9,2023-07-15,391.1,4195.22
6045,9,2023-07-16,415.9,4632.51
6046,9,2023-07-17,379.8,4004.67
6047,9,2023-07-18,381.2,4310.65
6048,9,2023-07-19,382.1,4383.17
6049,9,2023-07-20,364.0,3903.59
6050,9,2023-07-21,414.0,5502.09
6051,9,2023-07-22,439.0,5839.28
6052,9,2023-07-23,331.1,3265.78
6053,9,2023-07-24,403.5,3231.42
6054,9,2023-07-25,380.6,5427.28
6055,9,2023-07-26,346.4,3324.37
6056,9,2023-07-27,346.3,3538.96
6057,9,2023-07-28,384.9,5500.95
6058,9,2023-07-29,378.0,3294.26
6059,9,2023-07-30,345.0,3993.61
6060,9,2023-07-31,369.8,4037.53
6061,9,2023-08-01,402.8,5002.82
6062,9,2023-08-02,352.7,3067.27
6063,9,2023-08-03,384.0,3744.48
6064,9,2023-08-04,404.5,3820.23
6065,9,2023-08-05,373.9,3345.79
6066,9,2023-08-06,347.8,3795.0
6067,9,2023-08-07,393.5,5310.96
6068,9,2023-08-08,351.8,4167.8
6069,9,2023-08-09,393.8,4910.0
6070,9,2023-08-10,386.0,4071.93
6071,9,2023-08-11,414.9,3699.07
6072,9,2023-08-12,375.7,3862.51
6073,9,2023-08-13,435.6,5813.3
6074,9,2023-08-14,404.6,4138.5
6075,9,2023-08-15,421.7,5660.2
6076,9,2023-08-16,379.8,5531.46
6077,9,2023-08-17,369.8,3689.09
6078,9,2023-08-18,349.8,4906.79
6079,9,2023-08-19,366.0,4741.45
6080,9,2023-08-20,380.0,4074.2
6081,9,2023-08-21,410.2,4018.52
6082,9,2023-08-22,382.7,3705.23
6083,9,2023-08-23,354.4,3101.58
6084,9,2023-08-24,342.4,4410.23
6085,9,2023-08-25,358.7,3615.73
6086,9,2023-08-26,355.2,4752.37
6087,9,2023-08-27,419.3,5658.38
6088,9,2023-08-28,371.4,5387.09
6089,9,2023-08-29,341.9,3362.99
6090,9,2023-08-30,394.6,5216.7
6091,9,2023-08-31,382.1,5331.97
6092,9,2023-09-01,389.9,3143.84
6093,9,2023-09-02,383.1,4107.57
6094,9,2023-09-03,366.0,5207.41
6095,9,2023-09-04,361.4,4227.0
6096,9,2023-09-05,325.7,3228.06
6097,9,2023-09-06,377.7,4142.66
6098,9,2023-09-07,407.4,5681.87
6099,9,2023-09-08,409.2,3624.0
6100,9,2023-09-09,362.7,3365.45
6101,9,2023-09-10,428.6,6257.83
6102,9,2023-09-11,340.6,3229.56
6103,9,2023-09-12,381.7,3434.98
6104,9,2023-09-13,358.5,3337.72
6105,9,2023-09-14,382.1,4552.74
6106,9,2023-09-15,421.3,5352.08
6107,9,2023-09-16,349.7,3049.14
6108,9,2023-09-17,374.4,4972.78
6109,9,2023-09-18,371.3,4860.19
6110,9,2023-09-19,377.6,5217.17
6111,9,2023-09-20,361.0,3927.55
6112,9,2023-09-21,398.0,4857.94
6113,9,2023-09-22,366.3,3655.25
6114,9,2023-09-23,363.9,4208.95
6115,9,2023-09-24,421.6,5595.1
6116,9,2023-09-25,381.1,5486.39
6117,9,2023-09-26,363.7,3753.37
6118,9,2023-09-27,401.1,4614.28
6119,9,2023-09-28,376.3,4509.29
6120,9,2023-09-29,371.0,4313.19
6121,9,2023-09-30,391.2,3756.63
6122,9,2023-10-01,444.8,4184.76
6123,9,2023-10-02,371.9,3706.97
6124,9,2023-10-03,392.6,4275.63
6125,9,2023-10-04,380.2,4811.39
6126,9,2023-10-05,344.3,4648.14
6127,9,2023-10-06,356.0,3985.04
6128,9,2023-10-07,393.5,3253.94
6129,9,2023-10-08,378.1,3694.47
6130,9,2023-10-09,369.0,4717.67
6131,9,2023-10-10,395.9,5275.26
6132,9,2023-10-11,388.7,3241.03
6133,9,2023-10-12,336.1,3596.82
6134,9,2023-10-13,354.8,3236.25
6135,9,2023-10-14,380.8,4966.28
6136,9,2023-10-15,350.7,4528.28
6137,9,2023-10-16,417.3,4846.18
6138,9,2023-10-17,295.5,3794.57
6139,9,2023-10-18,380.7,4596.59
6140,9,2023-10-19,376.0,3529.82
6141,9,2023-10-20,428.8,4434.99
6142,9,2023-10-21,383.9,4089.85
6143,9,2023-10-22,370.1,4892.79
6144,9,2023-10-23,356.2,4410.46
6145,9,2023-10-24,393.5,5173.14
6146,9,2023-10-25,376.4,3174.52
6147,9,2023-10-26,343.3,4420.2
6148,9,2023-10-27,397.6,4042.67
6149,9,2023-10-28,367.8,4538.02
6150,9,2023-10-29,404.6,4046.29
6151,9,2023-10-30,420.9,5556.21
6152,9,2023-10-31,339.5,2770.16
6153,9,2023-11-01,375.4,3502.13
6154,9,2023-11-02,389.2,5431.47
6155,9,2023-11-03,363.0,3201.34
6156,9,2023-11-04,386.7,5029.04
6157,9,2023-11-05,353.4,3725.34
6158,9,2023-11-06,416.1,4804.42
6159,9,2023-11-07,416.3,6170.87
6160,9,2023-11-08,360.4,4357.69
6161,9,2023-11-09,333.1,4187.94
6162,9,2023-11-10,369.8,4733.66
6163,9,2023-11-11,369.8,4884.44
6164,9,2023-11-12,400.7,5337.42
6165,9,2023-11-13,343.4,4209.42
6166,9,2023-11-14,429.2,3554.43
6167,9,2023-11-15,367.8,3964.1
6168,9,2023-11-16,385.7,3365.33
6169,9,2023-11-17,384.2,4932.23
6170,9,2023-11-18,416.3,5319.5
6171,9,2023-11-19,405.3,3330.18
6172,9,2023-11-20,435.4,4097.26
6173,9,2023-11-21,369.6,3874.36
6174,9,2023-11-22,373.6,3060.27
6175,9,2023-11-23,334.2,3345.46
6176,9,2023-11-24,386.6,5556.93
6177,9,2023-11-25,324.3,3953.14
6178,9,2023-11-26,379.1,3567.79
6179,9,2023-11-27,382.1,4912.68
6180,9,2023-11-28,385.1,3988.59
6181,9,2023-11-29,383.6,4616.18
6182,9,2023-11-30,350.2,5135.64
6183,9,2023-12-01,434.9,5229.55
6184,9,2023-12-02,361.3,3337.18
6185,9,2023-12-03,409.5,4691.28
6186,9,2023-12-04,449.8,5215.05
6187,9,2023-12-05,374.1,4578.51
6188,9,2023-12-06,339.9,3883.73
6189,9,2023-12-07,353.0,3294.96
6190,9,2023-12-08,377.5,3868.21
6191,9,2023-12-09,433.4,6086.11
6192,9,2023-12-10,330.7,3014.33
6193,9,2023-12-11,377.1,4157.44
6194,9,2023-12-12,368.4,4370.16
6195,9,2023-12-13,391.5,3406.37
6196,9,2023-12-14,392.9,5711.6
6197,9,2023-12-15,386.9,4916.01
6198,9,2023-12-16,352.4,4496.7
6199,9,2023-12-17,351.3,4159.94
6200,9,2023-12-18,341.1,3205.22
6201,9,2023-12-19,379.4,4270.9
6202,9,2023-12-20,366.8,4620.85
6203,9,2023-12-21,383.7,3462.29
6204,9,2023-12-22,371.9,5295.85
6205,9,2023-12-23,438.3,6257.83
6206,9,2023-12-24,316.6,3197.25
6207,9,2023-12-25,371.0,3602.53
6208,9,2023-12-26,337.6,3948.75
6209,9,2023-12-27,398.4,4881.44
6210,9,2023-12-28,365.1,2921.03
6211,9,2023-12-29,359.9,3685.39
6212,9,2023-12-30,410.0,4378.98
6213,9,2023-12-31,349.7,4336.15
6214,9,2024-01-01,440.7,3978.83
6215,9,2024-01-02,403.7,4854.03
6216,9,2024-01-03,348.7,3056.26
6217,9,2024-01-04,384.6,3929.35
6218,9,2024-01-05,419.1,3723.69
6219,9,2024-01-06,465.0,6005.13
6220,9,2024-01-07,322.4,4767.67
6221,9,2024-01-08,316.0,3346.62
6222,9,2024-01-09,334.9,4618.34
6223,9,2024-01-10,364.0,4759.35
6224,9,2024-01-11,347.8,2820.38
6225,9,2024-01-12,405.8,3774.31
6226,9,2024-01-13,335.3,3393.29
6227,9,2024-01-14,295.1,2580.12
6228,9,2024-01-15,362.7,5283.54
6229,9,2024-01-16,375.6,3465.78
6230,9,2024-01-17,353.5,3177.09
6231,9,2024-01-18,373.3,4332.98
6232,9,2024-01-19,344.9,3081.01
6233,9,2024-01-20,331.9,3802.23
6234,9,2024-01-21,370.7,4927.45
6235,9,2024-01-22,321.0,3126.36
6236,9,2024-01-23,382.8,5096.02
6237,9,2024-01-24,368.0,3334.51
6238,9,2024-01-25,350.2,3433.88
6239,9,2024-01-26,390.6,3738.6
6240,9,2024-01-27,428.3,4955.58
6241,9,2024-01-28,455.1,3831.93
6242,9,2024-01-29,395.1,5851.46
6243,9,2024-01-30,401.3,3238.3
6244,9,2024-01-31,375.1,3651.18
6245,9,2024-02-01,384.2,3935.04
6246,9,2024-02-02,366.5,5088.72
6247,9,2024-02-03,392.1,4964.33
6248,9,2024-02-04,406.9,5249.18
6249,9,2024-02-05,345.5,4415.08
6250,9,2024-02-06,425.4,6075.79
6251,9,2024-02-07,389.9,3156.45
6252,9,2024-02-08,372.1,3885.65
6253,9,2024-02-09,362.5,4221.85
6254,9,2024-02-10,365.6,5045.78
6255,9,2024-02-11,385.6,4069.77
6256,9,2024-02-12,378.7,4243.91
6257,9,2024-02-13,400.5,3857.47
6258,9,2024-02-14,397.2,5763.31
6259,9,2024-02-15,376.4,4226.26
6260,9,2024-02-16,343.2,4447.45
6261,9,2024-02-17,384.4,4733.8
6262,9,2024-02-18,355.1,3421.34
6263,9,2024-02-19,330.5,2983.86
6264,9,2024-02-20,383.8,4609.64
6265,9,2024-02-21,336.8,3322.12
6266,9,2024-02-22,352.9,3822.01
6267,9,2024-02-23,342.0,4088.79
6268,9,2024-02-24,379.0,4699.24
6269,9,2024-02-25,381.5,4149.28
6270,9,2024-02-26,411.3,5704.38
6271,9,2024-02-27,384.5,4932.61
6272,9,2024-02-28,406.7,5212.22
6273,9,2024-02-29,344.9,4148.88
6274,9,2024-03-01,412.7,5017.9
6275,9,2024-03-02,343.0,4574.77
6276,9,2024-03-03,335.3,4049.88
6277,9,2024-03-04,383.4,5437.39
6278,9,2024-03-05,369.2,4158.1
6279,9,2024-03-06,366.5,3177.2
6280,9,2024-03-07,391.2,4336.21
6281,9,2024-03-08,346.6,4017.79
6282,9,2024-03-09,392.5,4309.04
6283,9,2024-03-10,371.1,4354.98
6284,9,2024-03-11,405.4,5954.69
6285,9,2024-03-12,343.4,4669.34
6286,9,2024-03-13,345.1,3430.78
6287,9,2024-03-14,430.7,4124.98
6288,9,2024-03-15,386.4,3540.76
6289,9,2024-03-16,362.7,4056.64
6290,9,2024-03-17,408.2,3345.65
6291,9,2024-03-18,417.6,5741.27
6292,9,2024-03-19,358.7,4623.61
6293,9,2024-03-20,378.1,4449.29
6294,9,2024-03-21,436.3,5758.3
6295,9,2024-03-22,351.3,5146.69
6296,9,2024-03-23,352.8,2890.44
6297,9,2024-03-24,382.6,5036.73
6298,9,2024-03-25,342.4,4028.97
6299,9,2024-03-26,377.9,4885.42
6300,9,2024-03-27,375.4,5187.88
6301,9,2024-03-28,340.6,2898.54
6302,9,2024-03-29,361.9,3465.6
6303,9,2024-03-30,434.3,5826.88
6304,9,2024-03-31,385.9,3203.38
6305,9,2024-04-01,344.9,3800.05
6306,9,2024-04-02,370.0,4083.46
6307,9,2024-04-03,406.1,5537.36
6308,9,2024-04-04,375.7,4679.89
6309,9,2024-04-05,386.3,5304.06
6310,9,2024-04-06,398.4,4758.98
6311,9,2024-04-07,430.4,3502.37
6312,9,2024-04-08,381.9,4900.62
6313,9,2024-04-09,380.6,3142.62
6314,9,2024-04-10,385.6,4104.37
6315,9,2024-04-11,408.0,5730.6
6316,9,2024-04-12,363.4,3220.58
6317,9,2024-04-13,361.6,4394.12
6318,9,2024-04-14,403.3,4747.82
6319,9,2024-04-15,413.2,4580.42
6320,9,2024-04-16,401.1,5702.23
6321,9,2024-04-17,392.9,4403.25
6322,9,2024-04-18,394.3,3258.25
6323,9,2024-04-19,404.9,3778.56
6324,9,2024-04-20,374.9,5578.26
6325,9,2024-04-21,394.3,5023.64
6326,9,2024-04-22,403.1,4880.99
6327,9,2024-04-23,357.5,4975.84
6328,9,2024-04-24,426.0,5484.63
6329,9,2024-04-25,396.9,3430.71
6330,9,2024-04-26,395.3,3316.26
6331,9,2024-04-27,355.7,4295.0
6332,9,2024-04-28,399.9,4441.24
6333,9,2024-04-29,387.1,4516.02
6334,9,2024-04-30,411.0,6005.3
6335,9,2024-05-01,358.6,4768.7
6336,9,2024-05-02,352.8,4736.46
6337,9,2024-05-03,392.4,5716.98
6338,9,2024-05-04,371.6,3005.02
6339,9,2024-05-05,387.9,4013.7
6340,9,2024-05-06,362.2,3139.26
6341,9,2024-05-07,368.0,4212.15
6342,9,2024-05-08,420.2,3910.14
6343,9,2024-05-09,394.6,3727.64
6344,9,2024-05-10,436.3,4529.33
6345,9,2024-05-11,397.3,5738.76
6346,9,2024-05-12,380.1,3807.21
6347,9,2024-05-13,401.6,5486.36
6348,9,2024-05-14,397.7,4770.8
6349,9,2024-05-15,381.1,3695.63
6350,9,2024-05-16,376.3,4711.63
6351,9,2024-05-17,393.9,4788.01
6352,9,2024-05-18,365.6,3455.78
6353,9,2024-05-19,360.8,3194.68
6354,9,2024-05-20,325.2,2780.61
6355,9,2024-05-21,348.0,4553.73
6356,9,2024-05-22,426.9,3744.1
6357,9,2024-05-23,341.4,2870.22
6358,9,2024-05-24,439.5,5192.42
6359,9,2024-05-25,402.1,3592.13
6360,9,2024-05-26,437.9,4384.6
6361,9,2024-05-27,445.5,4134.95
6362,9,2024-05-28,371.0,2990.72
6363,9,2024-05-29,367.4,3413.83
6364,9,2024-05-30,308.7,3532.58
6365,9,2024-05-31,357.4,3728.77
6366,9,2024-06-01,312.6,3876.26
6367,9,2024-06-02,314.9,3382.1
6368,9,2024-06-03,346.6,4723.52
6369,9,2024-06-04,365.0,5057.16
6370,9,2024-06-05,389.3,4364.83
6371,9,2024-06-06,367.2,4231.25
6372,9,2024-06-07,367.7,4584.96
6373,9,2024-06-08,381.6,4474.17
6374,9,2024-06-09,368.0,4002.79
6375,9,2024-06-10,425.6,3532.46
6376,9,2024-06-11,413.1,6196.73
6377,9,2024-06-12,357.3,4989.46
6378,9,2024-06-13,369.1,5518.24
6379,9,2024-06-14,385.2,4768.81
6380,9,2024-06-15,384.0,5551.92
6381,9,2024-06-16,363.2,4288.97
6382,9,2024-06-17,378.6,4393.32
6383,9,2024-06-18,359.0,4895.02
6384,9,2024-06-19,381.3,3422.19
6385,9,2024-06-20,404.3,4821.12
6386,9,2024-06-21,367.8,3920.23
6387,9,2024-06-22,378.3,5638.23
6388,9,2024-06-23,363.7,5230.73
6389,9,2024-06-24,356.8,3452.32
6390,9,2024-06-25,383.8,3572.06
6391,9,2024-06-26,335.7,3260.03
6392,9,2024-06-27,353.1,4349.46
6393,9,2024-06-28,409.6,5994.64
6394,9,2024-06-29,337.8,4212.0
6395,9,2024-06-30,399.5,4120.59
6396,9,2024-07-01,399.5,3237.56
6397,9,2024-07-02,371.5,4764.54
6398,9,2024-07-03,368.7,5290.18
6399,9,2024-07-04,363.3,3066.77
6400,9,2024-07-05,385.4,4103.99
6401,9,2024-07-06,362.3,3288.92
6402,9,2024-07-07,388.9,5588.27
6403,9,2024-07-08,345.3,3668.47
6404,9,2024-07-09,408.0,4603.48
6405,9,2024-07-10,390.9,4720.7
6406,9,2024-07-11,290.7,3272.53
6407,9,2024-07-12,406.5,4504.91
6408,9,2024-07-13,403.9,3634.19
6409,9,2024-07-14,412.0,5136.76
6410,9,2024-07-15,393.5,4767.56
6411,9,2024-07-16,394.1,4076.48
6412,9,2024-07-17,335.8,4848.42
6413,9,2024-07-18,334.0,3777.27
6414,9,2024-07-19,401.3,5587.87
6415,9,2024-07-20,383.6,4893.22
6416,9,2024-07-21,309.8,4114.96
6417,9,2024-07-22,381.3,5485.83
6418,9,2024-07-23,335.0,4951.46
6419,9,2024-07-24,323.0,3830.58
6420,9,2024-07-25,436.0,3841.14
6421,9,2024-07-26,343.7,4791.65
6422,9,2024-07-27,303.0,4033.65
6423,9,2024-07-28,322.1,2998.7
6424,9,2024-07-29,407.6,4253.41
6425,9,2024-07-30,338.1,3715.29
6426,9,2024-07-31,400.3,4286.1
6427,9,2024-08-01,386.7,4987.16
6428,9,2024-08-02,382.6,3975.88
6429,9,2024-08-03,339.1,3111.97
6430,9,2024-08-04,367.0,3357.67
6431,9,2024-08-05,367.3,3459.94
6432,9,2024-08-06,366.4,3218.1
6433,9,2024-08-07,406.7,3637.44
6434,9,2024-08-08,366.1,5101.64
6435,9,2024-08-09,394.6,5576.48
6436,9,2024-08-10,377.8,4813.4
6437,9,2024-08-11,338.1,2981.29
6438,9,2024-08-12,392.5,4281.77
6439,9,2024-08-13,397.1,3224.42
6440,9,2024-08-14,360.1,3618.23
6441,9,2024-08-15,384.8,3567.38
6442,9,2024-08-16,289.6,4271.42
6443,9,2024-08-17,395.5,3188.29
6444,9,2024-08-18,452.9,5162.78
6445,9,2024-08-19,358.9,3753.25
6446,9,2024-08-20,390.2,3177.56
6447,9,2024-08-21,363.7,4405.14
6448,9,2024-08-22,393.0,5012.35
6449,9,2024-08-23,367.6,3778.5
6450,9,2024-08-24,338.6,2843.16
6451,9,2024-08-25,332.3,3105.75
6452,9,2024-08-26,406.4,5149.15
6453,9,2024-08-27,318.1,3687.24
6454,9,2024-08-28,395.0,3840.94
6455,9,2024-08-29,360.3,3500.38
6456,9,2024-08-30,397.5,5271.97
6457,9,2024-08-31,400.2,5864.01
6458,9,2024-09-01,363.9,4736.34
6459,9,2024-09-02,442.0,4817.39
6460,9,2024-09-03,369.1,3724.9
6461,9,2024-09-04,395.5,5165.91
6462,9,2024-09-05,364.0,2986.07
6463,9,2024-09-06,373.2,4250.44
6464,9,2024-09-07,359.4,3989.63
6465,9,2024-09-08,370.3,4011.92
6466,9,2024-09-09,318.2,2924.45
6467,9,2024-09-10,362.4,5121.08
6468,9,2024-09-11,384.8,3641.56
6469,9,2024-09-12,351.0,4971.62
6470,9,2024-09-13,379.1,3169.44
6471,9,2024-09-14,417.9,3684.72
6472,9,2024-09-15,381.4,4131.52
6473,9,2024-09-16,375.2,3809.07
6474,9,2024-09-17,365.8,4358.62
6475,9,2024-09-18,366.7,3058.31
6476,9,2024-09-19,385.4,4905.58
6477,9,2024-09-20,361.8,5031.89
6478,9,2024-09-21,338.6,4620.91
6479,9,2024-09-22,328.9,3284.9
6480,9,2024-09-23,395.9,3511.12
6481,9,2024-09-24,429.5,4546.8
6482,9,2024-09-25,421.7,4413.98
6483,9,2024-09-26,339.9,3326.68
6484,9,2024-09-27,421.2,4545.92
6485,9,2024-09-28,410.2,4812.01
6486,9,2024-09-29,390.6,4832.61
6487,9,2024-09-30,371.3,3142.25
6488,9,2024-10-01,380.0,5585.69
6489,9,2024-10-02,358.2,5329.57
6490,9,2024-10-03,412.4,4296.58
6491,9,2024-10-04,414.0,4107.01
6492,9,2024-10-05,323.4,4168.45
6493,9,2024-10-06,446.5,3905.03
6494,9,2024-10-07,418.8,6177.35
6495,9,2024-10-08,337.0,3430.99
6496,9,2024-10-09,379.4,5160.75
6497,9,2024-10-10,330.0,2877.2
6498,9,2024-10-11,375.2,4132.49
6499,9,2024-10-12,410.1,5936.5
6500,9,2024-10-13,332.3,3234.45
6501,9,2024-10-14,381.5,4146.24
6502,9,2024-10-15,406.8,4654.13
6503,9,2024-10-16,360.0,3281.41
6504,9,2024-10-17,394.3,3542.63
6505,9,2024-10-18,388.1,4456.61
6506,9,2024-10-19,392.1,3891.51
6507,9,2024-10-20,365.8,4381.73
6508,9,2024-10-21,374.1,4036.52
6509,9,2024-10-22,372.0,4414.19
6510,9,2024-10-23,384.9,4998.13
6511,9,2024-10-24,324.3,3814.44
6512,9,2024-10-25,369.1,5392.18
6513,9,2024-10-26,424.3,6299.11
6514,9,2024-10-27,345.3,4768.91
6515,9,2024-10-28,410.0,5968.14
6516,9,2024-10-29,397.5,5850.56
6517,9,2024-10-30,374.4,4003.17
6518,9,2024-10-31,381.8,3410.49
6519,9,2024-11-01,389.4,5540.26
6520,9,2024-11-02,367.0,4281.13
6521,9,2024-11-03,312.8,3497.78
6522,9,2024-11-04,382.9,4978.36
6523,9,2024-11-05,333.2,3927.06
6524,9,2024-11-06,359.5,3443.21
6525,9,2024-11-07,369.2,5304.69
6526,9,2024-11-08,381.3,3652.21
6527,9,2024-11-09,385.3,5184.66
6528,9,2024-11-10,334.5,4003.47
6529,9,2024-11-11,341.8,3555.26
6530,9,2024-11-12,380.9,4848.75
6531,9,2024-11-13,395.9,3981.15
6532,9,2024-11-14,364.5,4837.82
6533,9,2024-11-15,371.0,5110.09
6534,9,2024-11-16,324.5,4450.72
6535,9,2024-11-17,387.9,3677.76
6536,9,2024-11-18,386.4,4395.51
6537,9,2024-11-19,401.8,4049.4
6538,9,2024-11-20,370.0,5373.1
6539,9,2024-11-21,431.5,4264.46
6540,9,2024-11-22,353.7,3845.42
6541,9,2024-11-23,374.6,5437.85
6542,9,2024-11-24,428.4,5637.41
6543,9,2024-11-25,401.1,5077.42
6544,9,2024-11-26,376.1,4712.91
6545,9,2024-11-27,352.8,4510.09
6546,9,2024-11-28,327.0,4657.35
6547,9,2024-11-29,338.8,4118.74
6548,9,2024-11-30,350.1,2965.79
6549,9,2024-12-01,401.7,4211.93
6550,9,2024-12-02,403.4,5748.28
6551,9,2024-12-03,439.3,4159.25
6552,9,2024-12-04,372.0,4062.35
6553,9,2024-12-05,360.2,3866.56
6554,9,2024-12-06,384.4,3931.23
6555,9,2024-12-07,356.5,3432.75
6556,9,2024-12-08,347.0,5019.09
6557,9,2024-12-09,344.4,4595.69
6558,9,2024-12-10,405.5,3306.5
6559,9,2024-12-11,320.0,2815.72
6560,9,2024-12-12,376.2,5336.63
6561,9,2024-12-13,386.7,4212.67
6562,9,2024-12-14,355.8,2882.24
6563,9,2024-12-15,390.3,4062.26
6564,9,2024-12-16,417.8,4166.26
6565,9,2024-12-17,344.0,4843.92
6566,9,2024-12-18,370.3,3684.89
6567,9,2024-12-19,350.4,4188.22
6568,9,2024-12-20,343.3,2924.04
6569,9,2024-12-21,400.3,3729.57
6570,9,2024-12-22,369.2,3809.64
6571,9,2024-12-23,415.6,5998.78
6572,9,2024-12-24,316.3,3403.97
6573,9,2024-12-25,364.4,3399.74
6574,9,2024-12-26,353.1,4435.25
6575,9,2024-12-27,316.9,3757.04
6576,9,2024-12-28,381.3,3356.91
6577,9,2024-12-29,366.6,5302.03
6578,9,2024-12-30,378.5,3890.89
6579,9,2024-12-31,348.7,4424.83
6580,10,2023-01-01,309.2,4066.55
6581,10,2023-01-02,330.9,4749.06
6582,10,2023-01-03,293.1,4234.94
6583,10,2023-01-04,314.3,3099.41
6584,10,2023-01-05,362.3,5272.14
6585,10,2023-01-06,266.1,2934.35
6586,10,2023-01-07,288.1,2560.79
6587,10,2023-01-08,358.2,3712.99
6588,10,2023-01-09,293.6,2496.26
6589,10,2023-01-10,281.2,3747.64
6590,10,2023-01-11,315.2,3592.6
6591,10,2023-01-12,283.4,2951.93
6592,10,2023-01-13,284.9,2553.55
6593,10,2023-01-14,250.4,2529.97
6594,10,2023-01-15,241.1,2893.53
6595,10,2023-01-16,300.2,3099.7
6596,10,2023-01-17,279.0,3387.24
6597,10,2023-01-18,304.6,4218.69
6598,10,2023-01-19,298.4,3657.34
6599,10,2023-01-20,292.3,3910.72
6600,10,2023-01-21,233.6,3303.96
6601,10,2023-01-22,284.9,3826.81
6602,10,2023-01-23,271.0,2986.44
6603,10,2023-01-24,269.1,3288.68
6604,10,2023-01-25,250.0,3749.71
6605,10,2023-01-26,256.3,2342.74
6606,10,2023-01-27,289.7,2403.14
6607,10,2023-01-28,329.4,3108.03
6608,10,2023-01-29,341.8,4397.65
6609,10,2023-01-30,270.0,2810.85
6610,10,2023-01-31,310.8,4641.11
6611,10,2023-02-01,321.4,3589.52
6612,10,2023-02-02,275.4,3732.8
6613,10,2023-02-03,307.0,4292.48
6614,10,2023-02-04,317.0,4619.93
6615,10,2023-02-05,255.8,2760.23
6616,10,2023-02-06,300.8,4002.95
6617,10,2023-02-07,265.7,2220.59
6618,10,2023-02-08,301.8,3856.7
6619,10,2023-02-09,290.2,3838.12
6620,10,2023-02-10,251.3,3000.37
6621,10,2023-02-11,273.5,3270.97
6622,10,2023-02-12,270.9,3122.58
6623,10,2023-02-13,315.7,4401.89
6624,10,2023-02-14,287.9,3334.39
6625,10,2023-02-15,268.9,3447.35
6626,10,2023-02-16,304.3,3014.82
6627,10,2023-02-17,283.2,4012.71
6628,10,2023-02-18,294.7,2985.27
6629,10,2023-02-19,286.0,3020.85
6630,10,2023-02-20,340.2,4259.13
6631,10,2023-02-21,294.4,4019.42
6632,10,2023-02-22,307.1,3281.74
6633,10,2023-02-23,315.4,3439.36
6634,10,2023-02-24,288.0,3381.58
6635,10,2023-02-25,321.5,3883.2
6636,10,2023-02-26,310.5,2795.65
6637,10,2023-02-27,242.7,2783.54
6638,10,2023-02-28,272.1,3834.06
6639,10,2023-03-01,288.2,4102.17
6640,10,2023-03-02,290.9,3287.33
6641,10,2023-03-03,275.4,3495.83
6642,10,2023-03-04,299.5,2891.67
6643,10,2023-03-05,282.3,2557.62
6644,10,2023-03-06,288.8,2496.25
6645,10,2023-03-07,281.3,3612.44
6646,10,2023-03-08,284.2,2331.32
6647,10,2023-03-09,266.3,3891.84
6648,10,2023-03-10,297.3,4320.33
6649,10,2023-03-11,302.5,2479.57
6650,10,2023-03-12,258.6,3755.85
6651,10,2023-03-13,275.7,2866.55
6652,10,2023-03-14,290.3,2478.21
6653,10,2023-03-15,327.2,3693.42
6654,10,2023-03-16,265.8,2840.54
6655,10,2023-03-17,281.9,2452.47
6656,10,2023-03-18,278.1,3796.39
6657,10,2023-03-19,295.7,3075.22
6658,10,2023-03-20,265.5,2544.04
6659,10,2023-03-21,274.2,2961.62
6660,10,2023-03-22,338.8,4116.08
6661,10,2023-03-23,244.5,2912.29
6662,10,2023-03-24,287.4,3645.64
6663,10,2023-03-25,288.6,2425.12
6664,10,2023-03-26,278.7,2593.28
6665,10,2023-03-27,314.4,4457.74
6666,10,2023-03-28,293.4,2491.05
6667,10,2023-03-29,329.6,2975.9
6668,10,2023-03-30,250.0,3338.84
6669,10,2023-03-31,298.9,2408.67
6670,10,2023-04-01,295.0,2807.83
6671,10,2023-04-02,301.0,4293.12
6672,10,2023-04-03,311.9,2620.19
6673,10,2023-04-04,321.5,2652.24
6674,10,2023-04-05,334.6,3879.06
6675,10,2023-04-06,260.6,2583.04
6676,10,2023-04-07,299.2,3734.8
6677,10,2023-04-08,315.7,3282.31
6678,10,2023-04-09,286.7,2828.57
6679,10,2023-04-10,267.1,3668.15
6680,10,2023-04-11,267.5,3470.15
6681,10,2023-04-12,328.5,4926.8
6682,10,2023-04-13,272.7,3537.26
6683,10,2023-04-14,296.9,4143.77
6684,10,2023-04-15,273.9,4020.4
6685,10,2023-04-16,289.4,3693.47
6686,10,2023-04-17,254.4,2476.05
6687,10,2023-04-18,254.3,2628.24
6688,10,2023-04-19,303.2,3362.16
6689,10,2023-04-20,229.7,2630.86
6690,10,2023-04-21,322.9,3257.79
6691,10,2023-04-22,297.0,4010.6
6692,10,2023-04-23,258.2,2371.39
6693,10,2023-04-24,295.6,2995.91
6694,10,2023-04-25,278.0,4075.59
6695,10,2023-04-26,266.1,2668.22
6696,10,2023-04-27,316.6,3693.74
6697,10,2023-04-28,300.8,3488.43
6698,10,2023-04-29,274.3,2214.78
6699,10,2023-04-30,270.2,3127.37
6700,10,2023-05-01,330.6,3140.07
6701,10,2023-05-02,297.5,2532.59
6702,10,2023-05-03,289.5,2891.55
6703,10,2023-05-04,269.8,2874.07
6704,10,2023-05-05,269.4,3698.12
6705,10,2023-05-06,338.1,3940.24
6706,10,2023-05-07,304.1,3356.3
6707,10,2023-05-08,287.2,3104.44
6708,10,2023-05-09,256.1,3474.76
6709,10,2023-05-10,276.3,2381.54
6710,10,2023-05-11,297.1,4265.98
6711,10,2023-05-12,315.0,2648.1
6712,10,2023-05-13,291.0,3400.52
6713,10,2023-05-14,314.5,2731.3
6714,10,2023-05-15,291.2,2819.58
6715,10,2023-05-16,312.2,4549.5
6716,10,2023-05-17,282.2,4218.23
6717,10,2023-05-18,312.2,4448.76
6718,10,2023-05-19,277.3,2580.71
6719,10,2023-05-20,305.0,3430.46
6720,10,2023-05-21,293.0,2556.55
6721,10,2023-05-22,237.2,2856.54
6722,10,2023-05-23,270.8,2998.35
6723,10,2023-05-24,251.7,3695.29
6724,10,2023-05-25,348.3,3166.56
6725,10,2023-05-26,300.1,2948.46
6726,10,2023-05-27,276.0,3752.12
6727,10,2023-05-28,255.2,3396.02
6728,10,2023-05-29,289.9,3620.15
6729,10,2023-05-30,299.6,3742.74
6730,10,2023-05-31,275.7,3496.32
6731,10,2023-06-01,294.2,3313.77
6732,10,2023-06-02,316.1,3938.08
6733,10,2023-06-03,267.0,3288.35
6734,10,2023-06-04,274.6,2646.19
6735,10,2023-06-05,250.4,3322.14
6736,10,2023-06-06,317.3,3372.02
6737,10,2023-06-07,228.3,2866.49
6738,10,2023-06-08,278.9,2926.21
6739,10,2023-06-09,326.9,4313.43
6740,10,2023-06-10,233.2,3002.37
6741,10,2023-06-11,295.4,4426.06
6742,10,2023-06-12,301.5,3147.03
6743,10,2023-06-13,299.8,3848.75
6744,10,2023-06-14,308.0,3166.11
6745,10,2023-06-15,292.6,2788.18
6746,10,2023-06-16,291.2,3604.07
6747,10,2023-06-17,251.5,2684.22
6748,10,2023-06-18,284.8,3582.17
6749,10,2023-06-19,291.7,4235.03
6750,10,2023-06-20,270.9,3779.96
6751,10,2023-06-21,267.8,2165.43
6752,10,2023-06-22,299.2,2752.49
6753,10,2023-06-23,305.2,3693.99
6754,10,2023-06-24,269.2,3628.4
6755,10,2023-06-25,281.9,3346.9
6756,10,2023-06-26,295.6,3697.59
6757,10,2023-06-27,271.2,3948.82
6758,10,2023-06-28,287.0,3473.87
6759,10,2023-06-29,293.0,4056.0
6760,10,2023-06-30,331.5,2729.08
6761,10,2023-07-01,282.1,2408.09
6762,10,2023-07-02,247.1,3197.65
6763,10,2023-07-03,252.3,2024.58
6764,10,2023-07-04,270.9,3532.76
6765,10,2023-07-05,279.0,3333.4
6766,10,2023-07-06,313.8,3010.68
6767,10,2023-07-07,339.0,4890.19
6768,10,2023-07-08,283.2,3021.23
6769,10,2023-07-09,299.4,4337.69
6770,10,2023-07-10,320.2,3454.53
6771,10,2023-07-11,303.9,2535.94
6772,10,2023-07-12,279.3,2501.48
6773,10,2023-07-13,284.5,3075.73
6774,10,2023-07-14,286.9,2669.97
6775,10,2023-07-15,321.9,3674.1
6776,10,2023-07-16,311.2,2578.18
6777,10,2023-07-17,309.7,4038.85
6778,10,2023-07-18,297.4,4106.49
6779,10,2023-07-19,292.0,2994.92
6780,10,2023-07-20,283.1,2291.67
6781,10,2023-07-21,259.2,2529.95
6782,10,2023-07-22,303.1,3414.49
6783,10,2023-07-23,274.2,3746.11
6784,10,2023-07-24,306.8,4430.22
6785,10,2023-07-25,242.3,3298.93
6786,10,2023-07-26,262.9,3077.76
6787,10,2023-07-27,310.1,2813.03
6788,10,2023-07-28,321.8,4477.35
6789,10,2023-07-29,306.5,3062.25
6790,10,2023-07-30,265.9,2718.31
6791,10,2023-07-31,312.1,3713.62
6792,10,2023-08-01,267.3,3790.93
6793,10,2023-08-02,312.4,4145.6
6794,10,2023-08-03,261.0,2364.64
6795,10,2023-08-04,276.7,2902.19
6796,10,2023-08-05,228.6,2344.6
6797,10,2023-08-06,262.5,3403.1
6798,10,2023-08-07,302.5,4400.13
6799,10,2023-08-08,333.4,2827.92
6800,10,2023-08-09,314.0,4411.55
6801,10,2023-08-10,305.2,4534.06
6802,10,2023-08-11,251.8,3063.43
6803,10,2023-08-12,276.9,2331.98
6804,10,2023-08-13,326.2,4431.44
6805,10,2023-08-14,287.7,3504.1
6806,10,2023-08-15,257.9,2889.03
6807,10,2023-08-16,276.7,2816.57
6808,10,2023-08-17,238.1,2634.49
6809,10,2023-08-18,307.8,2974.79
6810,10,2023-08-19,240.9,3594.24
6811,10,2023-08-20,253.7,2877.24
6812,10,2023-08-21,286.5,4028.93
6813,10,2023-08-22,257.1,3527.49
6814,10,2023-08-23,290.6,3074.87
6815,10,2023-08-24,306.2,3818.21
6816,10,2023-08-25,273.8,3911.65
6817,10,2023-08-26,318.1,4407.03
6818,10,2023-08-27,303.4,2543.47
6819,10,2023-08-28,299.0,2537.09
6820,10,2023-08-29,317.1,3665.86
6821,10,2023-08-30,290.9,3439.52
6822,10,2023-08-31,277.9,4077.98
6823,10,2023-09-01,295.5,2801.85
6824,10,2023-09-02,258.1,3174.09
6825,10,2023-09-03,308.5,4228.01
6826,10,2023-09-04,308.5,4311.31
6827,10,2023-09-05,280.9,3597.69
6828,10,2023-09-06,272.0,3125.27
6829,10,2023-09-07,291.4,3161.84
6830,10,2023-09-08,254.7,2732.69
6831,10,2023-09-09,277.2,2268.85
6832,10,2023-09-10,315.4,2651.63
6833,10,2023-09-11,262.1,3819.04
6834,10,2023-09-12,319.0,4032.27
6835,10,2023-09-13,296.5,3159.08
6836,10,2023-09-14,299.6,3401.08
6837,10,2023-09-15,272.2,3659.74
6838,10,2023-09-16,265.2,3780.76
6839,10,2023-09-17,279.5,2405.07
6840,10,2023-09-18,326.7,2743.57
6841,10,2023-09-19,270.9,3321.83
6842,10,2023-09-20,233.9,1882.19
6843,10,2023-09-21,288.5,2571.61
6844,10,2023-09-22,313.4,4256.96
6845,10,2023-09-23,291.3,3379.6
6846,10,2023-09-24,328.5,2829.07
6847,10,2023-09-25,301.3,2606.68
6848,10,2023-09-26,291.6,2870.19
6849,10,2023-09-27,279.0,3508.91
6850,10,2023-09-28,298.0,3499.46
6851,10,2023-09-29,249.8,2523.0
6852,10,2023-09-30,326.5,2722.79
6853,10,2023-10-01,305.5,3878.74
6854,10,2023-10-02,305.4,3818.71
6855,10,2023-10-03,284.6,2887.81
6856,10,2023-10-04,317.8,2769.02
6857,10,2023-10-05,281.2,3833.95
6858,10,2023-10-06,273.2,3942.28
6859,10,2023-10-07,286.8,2735.03
6860,10,2023-10-08,306.3,4161.07
6861,10,2023-10-09,269.2,2593.03
6862,10,2023-10-10,265.4,3080.49
6863,10,2023-10-11,264.6,2956.24
6864,10,2023-10-12,274.6,3877.17
6865,10,2023-10-13,308.7,2893.01
6866,10,2023-10-14,289.6,2655.72
6867,10,2023-10-15,258.1,3257.71
6868,10,2023-10-16,341.2,4627.3
6869,10,2023-10-17,254.9,3021.94
6870,10,2023-10-18,274.7,2410.43
6871,10,2023-10-19,263.6,2840.46
6872,10,2023-10-20,269.6,2366.3
6873,10,2023-10-21,286.8,3519.57
6874,10,2023-10-22,280.2,3630.4
6875,10,2023-10-23,266.9,2678.73
6876,10,2023-10-24,292.7,2606.63
6877,10,2023-10-25,296.2,2787.59
6878,10,2023-10-26,300.5,3122.32
6879,10,2023-10-27,287.1,3906.36
6880,10,2023-10-28,295.1,2907.54
6881,10,2023-10-29,299.9,3838.58
6882,10,2023-10-30,269.8,3444.0
6883,10,2023-10-31,333.1,4379.9
6884,10,2023-11-01,324.8,3211.98
6885,10,2023-11-02,305.4,3103.27
6886,10,2023-11-03,276.8,3272.54
6887,10,2023-11-04,240.5,3342.53
6888,10,2023-11-05,244.9,3340.39
6889,10,2023-11-06,278.4,2858.94
6890,10,2023-11-07,324.9,3983.25
6891,10,2023-11-08,280.8,3159.59
6892,10,2023-11-09,262.9,3902.07
6893,10,2023-11-10,264.2,2161.66
6894,10,2023-11-11,324.2,3876.29
6895,10,2023-11-12,278.8,3068.12
6896,10,2023-11-13,322.4,4603.78
6897,10,2023-11-14,261.6,3812.14
6898,10,2023-11-15,265.2,3623.52
6899,10,2023-11-16,273.4,2461.4
6900,10,2023-11-17,296.4,2425.26
6901,10,2023-11-18,302.2,2925.3
6902,10,2023-11-19,267.7,3507.47
6903,10,2023-11-20,270.3,4022.61
6904,10,2023-11-21,250.8,2435.95
6905,10,2023-11-22,250.1,2192.38
6906,10,2023-11-23,263.1,3006.76
6907,10,2023-11-24,319.3,4382.29
6908,10,2023-11-25,262.7,3102.79
6909,10,2023-11-26,286.6,2403.7
6910,10,2023-11-27,275.9,3397.91
6911,10,2023-11-28,261.1,3586.06
6912,10,2023-11-29,298.6,4293.49
6913,10,2023-11-30,270.8,3278.02
6914,10,2023-12-01,306.1,4409.37
6915,10,2023-12-02,306.9,2475.57
6916,10,2023-12-03,271.6,2179.85
6917,10,2023-12-04,302.5,4090.74
6918,10,2023-12-05,302.4,4387.38
6919,10,2023-12-06,277.2,3971.23
6920,10,2023-12-07,274.2,2533.75
6921,10,2023-12-08,291.8,2504.67
6922,10,2023-12-09,330.0,3298.77
6923,10,2023-12-10,311.6,4035.73
6924,10,2023-12-11,285.7,3529.38
6925,10,2023-12-12,239.7,2117.72
6926,10,2023-12-13,283.2,3076.61
6927,10,2023-12-14,239.4,1989.38
6928,10,2023-12-15,247.0,2994.36
6929,10,2023-12-16,265.4,3874.73
6930,10,2023-12-17,286.2,2488.69
6931,10,2023-12-18,267.9,3527.14
6932,10,2023-12-19,314.0,3394.99
6933,10,2023-12-20,283.2,3699.48
6934,10,2023-12-21,268.7,2889.73
6935,10,2023-12-22,300.1,4048.35
6936,10,2023-12-23,266.2,3848.96
6937,10,2023-12-24,286.6,3021.65
6938,10,2023-12-25,228.9,2243.42
6939,10,2023-12-26,265.8,2922.82
6940,10,2023-12-27,312.0,3378.05
6941,10,2023-12-28,294.3,3728.13
6942,10,2023-12-29,289.1,3267.38
6943,10,2023-12-30,298.1,2511.39
6944,10,2023-12-31,312.2,2706.55
6945,10,2024-01-01,282.5,3893.36
6946,10,2024-01-02,271.0,2762.18
6947,10,2024-01-03,301.6,4180.36
6948,10,2024-01-04,278.6,3525.15
6949,10,2024-01-05,270.5,2194.34
6950,10,2024-01-06,275.6,2411.3
6951,10,2024-01-07,294.0,2483.52
6952,10,2024-01-08,241.9,2166.05
6953,10,2024-01-09,294.4,3623.96
6954,10,2024-01-10,257.3,3050.73
6955,10,2024-01-11,267.3,2319.06
6956,10,2024-01-12,252.1,2416.05
6957,10,2024-01-13,298.8,3735.28
6958,10,2024-01-14,288.9,2378.24
6959,10,2024-01-15,257.3,2764.36
6960,10,2024-01-16,302.7,3790.32
6961,10,2024-01-17,246.6,2550.28
6962,10,2024-01-18,274.0,2847.08
6963,10,2024-01-19,250.7,3428.87
6964,10,2024-01-20,278.8,2537.28
6965,10,2024-01-21,270.2,3826.59
6966,10,2024-01-22,255.0,2274.85
6967,10,2024-01-23,282.9,2810.25
6968,10,2024-01-24,258.6,3098.27
6969,10,2024-01-25,232.8,2045.06
6970,10,2024-01-26,245.7,2208.41
6971,10,2024-01-27,273.4,2289.78
6972,10,2024-01-28,276.5,3389.06
6973,10,2024-01-29,263.4,3360.81
6974,10,2024-01-30,316.5,4111.39
6975,10,2024-01-31,290.3,3490.02
6976,10,2024-02-01,292.1,2508.08
6977,10,2024-02-02,261.2,3114.62
6978,10,2024-02-03,258.5,2535.12
6979,10,2024-02-04,286.8,2895.14
6980,10,2024-02-05,275.9,3081.42
6981,10,2024-02-06,288.9,3455.46
6982,10,2024-02-07,275.6,3944.34
6983,10,2024-02-08,299.4,4263.96
6984,10,2024-02-09,282.8,3402.98
6985,10,2024-02-10,278.4,2939.99
6986,10,2024-02-11,293.9,2444.47
6987,10,2024-02-12,320.0,4292.11
6988,10,2024-02-13,297.8,2694.26
6989,10,2024-02-14,253.0,3196.91
6990,10,2024-02-15,277.7,2528.18
6991,10,2024-02-16,278.4,2794.9
6992,10,2024-02-17,289.4,4038.4
6993,10,2024-02-18,272.9,3127.53
6994,10,2024-02-19,281.9,2421.67
6995,10,2024-02-20,283.7,2778.73
6996,10,2024-02-21,288.0,3440.57
6997,10,2024-02-22,252.7,2084.02
6998,10,2024-02-23,255.5,3208.63
6999,10,2024-02-24,229.8,3298.81
7000,10,2024-02-25,327.9,3008.78
7001,10,2024-02-26,236.3,2188.72
7002,10,2024-02-27,283.3,3753.47
7003,10,2024-02-28,297.4,3106.7
7004,10,2024-02-29,259.0,3000.52
7005,10,2024-03-01,309.8,3753.64
7006,10,2024-03-02,282.5,2807.52
7007,10,2024-03-03,320.5,4561.92
7008,10,2024-03-04,260.9,2161.98
7009,10,2024-03-05,277.5,2672.43
7010,10,2024-03-06,270.4,2664.81
7011,10,2024-03-07,267.3,2383.08
7012,10,2024-03-08,268.6,3904.38
7013,10,2024-03-09,274.0,2664.74
7014,10,2024-03-10,272.3,3957.27
7015,10,2024-03-11,300.0,2620.17
7016,10,2024-03-12,297.9,4127.45
7017,10,2024-03-13,246.6,2966.18
7018,10,2024-03-14,268.4,3692.21
7019,10,2024-03-15,290.0,4204.2
7020,10,2024-03-16,287.8,2781.77
7021,10,2024-03-17,276.1,3908.1
7022,10,2024-03-18,281.2,2553.9
7023,10,2024-03-19,272.7,2884.72
7024,10,2024-03-20,302.0,2499.07
7025,10,2024-03-21,299.2,2447.26
7026,10,2024-03-22,274.4,2976.21
7027,10,2024-03-23,280.0,2578.19
7028,10,2024-03-24,274.5,2680.54
7029,10,2024-03-25,278.0,2756.86
7030,10,2024-03-26,305.7,3706.78
7031,10,2024-03-27,272.0,3215.93
7032,10,2024-03-28,267.1,2580.89
7033,10,2024-03-29,279.7,3749.12
7034,10,2024-03-30,329.0,4816.01
7035,10,2024-03-31,274.1,2806.16
7036,10,2024-04-01,263.8,2389.67
7037,10,2024-04-02,295.6,3367.21
7038,10,2024-04-03,298.2,3508.72
7039,10,2024-04-04,283.8,3842.85
7040,10,2024-04-05,265.9,3194.9
7041,10,2024-04-06,301.8,3178.61
7042,10,2024-04-07,253.6,2996.61
7043,10,2024-04-08,226.3,2949.64
7044,10,2024-04-09,275.9,3914.54
7045,10,2024-04-10,326.1,4561.47
7046,10,2024-04-11,284.2,3203.14
7047,10,2024-04-12,273.0,2487.72
7048,10,2024-04-13,290.7,3663.36
7049,10,2024-04-14,290.6,2999.33
7050,10,2024-04-15,332.5,4940.47
7051,10,2024-04-16,308.0,3611.44
7052,10,2024-04-17,262.0,3212.27
7053,10,2024-04-18,291.4,3497.52
7054,10,2024-04-19,279.3,4067.24
7055,10,2024-04-20,282.0,3671.17
7056,10,2024-04-21,278.4,3678.96
7057,10,2024-04-22,278.0,2342.82
7058,10,2024-04-23,246.1,2867.88
7059,10,2024-04-24,270.4,2797.47
7060,10,2024-04-25,278.5,2991.03
7061,10,2024-04-26,288.2,3903.11
7062,10,2024-04-27,282.0,4216.68
7063,10,2024-04-28,281.1,3618.73
7064,10,2024-04-29,293.2,2572.37
7065,10,2024-04-30,312.4,3604.67
7066,10,2024-05-01,275.4,3557.22
7067,10,2024-05-02,261.4,3693.79
7068,10,2024-05-03,301.0,3377.08
7069,10,2024-05-04,290.8,3177.38
7070,10,2024-05-05,273.6,3625.38
7071,10,2024-05-06,230.8,3154.35
7072,10,2024-05-07,301.7,3647.46
7073,10,2024-05-08,260.6,3718.48
7074,10,2024-05-09,275.4,2271.3
7075,10,2024-05-10,272.7,3402.26
7076,10,2024-05-11,302.8,4377.35
7077,10,2024-05-12,286.2,3821.21
7078,10,2024-05-13,254.2,3382.25
7079,10,2024-05-14,334.4,4447.85
7080,10,2024-05-15,292.0,4054.5
7081,10,2024-05-16,264.8,3965.34
7082,10,2024-05-17,310.0,3423.38
7083,10,2024-05-18,279.6,2487.27
7084,10,2024-05-19,276.4,2446.41
7085,10,2024-05-20,277.8,3560.79
7086,10,2024-05-21,279.3,2379.44
7087,10,2024-05-22,278.6,3344.25
7088,10,2024-05-23,276.6,4080.77
7089,10,2024-05-24,267.9,2286.63
7090,10,2024-05-25,263.0,3537.49
7091,10,2024-05-26,283.1,2755.73
7092,10,2024-05-27,263.4,2555.86
7093,10,2024-05-28,286.7,4041.3
7094,10,2024-05-29,308.5,3862.01
7095,10,2024-05-30,279.1,3395.6
7096,10,2024-05-31,284.0,3643.87
7097,10,2024-06-01,302.5,4494.35
7098,10,2024-06-02,274.5,3144.66
7099,10,2024-06-03,266.5,3722.82
7100,10,2024-06-04,225.6,2823.94
7101,10,2024-06-05,281.9,2289.05
7102,10,2024-06-06,266.7,3586.88
7103,10,2024-06-07,272.8,3708.12
7104,10,2024-06-08,233.3,1942.27
7105,10,2024-06-09,272.7,2620.91
7106,10,2024-06-10,254.5,2638.19
7107,10,2024-06-11,250.6,2415.77
7108,10,2024-06-12,257.1,3550.27
7109,10,2024-06-13,254.6,2708.97
7110,10,2024-06-14,298.0,3440.46
7111,10,2024-06-15,303.6,3237.13
7112,10,2024-06-16,282.0,4049.97
7113,10,2024-06-17,317.7,4610.35
7114,10,2024-06-18,271.4,3895.84
7115,10,2024-06-19,218.9,2733.71
7116,10,2024-06-20,259.6,3793.17
7117,10,2024-06-21,277.4,2592.9
7118,10,2024-06-22,257.3,3668.45
7119,10,2024-06-23,279.6,2440.77
7120,10,2024-06-24,292.7,3950.82
7121,10,2024-06-25,256.8,3650.18
7122,10,2024-06-26,311.8,4624.56
7123,10,2024-06-27,326.3,3289.67
7124,10,2024-06-28,320.7,3878.06
7125,10,2024-06-29,238.3,2018.12
7126,10,2024-06-30,267.3,2611.37
7127,10,2024-07-01,284.6,3475.09
7128,10,2024-07-02,247.6,3035.87
7129,10,2024-07-03,249.5,3452.88
7130,10,2024-07-04,236.7,2682.25
7131,10,2024-07-05,279.2,3503.53
7132,10,2024-07-06,286.0,2388.92
7133,10,2024-07-07,301.9,4407.3
7134,10,2024-07-08,289.5,4337.28
7135,10,2024-07-09,293.3,3271.75
7136,10,2024-07-10,241.2,2881.07
7137,10,2024-07-11,283.5,4073.06
7138,10,2024-07-12,276.3,3080.51
7139,10,2024-07-13,263.3,3367.19
7140,10,2024-07-14,269.7,2747.33
7141,10,2024-07-15,286.0,3580.34
7142,10,2024-07-16,294.6,3510.33
7143,10,2024-07-17,322.0,2703.02
7144,10,2024-07-18,287.2,3568.14
7145,10,2024-07-19,297.0,3977.38
7146,10,2024-07-20,296.1,2838.21
7147,10,2024-07-21,303.1,3142.53
7148,10,2024-07-22,253.5,3745.69
7149,10,2024-07-23,279.5,3073.42
7150,10,2024-07-24,257.4,2646.86
7151,10,2024-07-25,258.7,3367.84
7152,10,2024-07-26,287.8,4277.65
7153,10,2024-07-27,288.1,3030.52
7154,10,2024-07-28,286.8,2946.61
7155,10,2024-07-29,265.1,3875.74
7156,10,2024-07-30,280.0,2521.99
7157,10,2024-07-31,271.7,2245.78
7158,10,2024-08-01,286.7,3737.17
7159,10,2024-08-02,302.1,3590.98
7160,10,2024-08-03,256.1,2244.18
7161,10,2024-08-04,277.5,3646.27
7162,10,2024-08-05,296.7,3413.77
7163,10,2024-08-06,242.4,2278.93
7164,10,2024-08-07,298.9,3526.19
7165,10,2024-08-08,231.2,2937.55
7166,10,2024-08-09,253.1,3248.04
7167,10,2024-08-10,276.3,3006.41
7168,10,2024-08-11,270.8,2350.12
7169,10,2024-08-12,268.2,3622.48
7170,10,2024-08-13,319.0,4614.23
7171,10,2024-08-14,250.4,3374.14
7172,10,2024-08-15,288.3,4235.26
7173,10,2024-08-16,320.0,3316.41
7174,10,2024-08-17,297.2,3170.82
7175,10,2024-08-18,285.5,3540.89
7176,10,2024-08-19,282.6,3823.06
7177,10,2024-08-20,267.8,3139.43
7178,10,2024-08-21,266.2,2458.34
7179,10,2024-08-22,246.3,3335.41
7180,10,2024-08-23,300.2,4099.55
7181,10,2024-08-24,248.2,3109.41
7182,10,2024-08-25,275.5,4118.12
7183,10,2024-08-26,269.9,2191.69
7184,10,2024-08-27,281.3,2881.36
7185,10,2024-08-28,291.2,4051.7
7186,10,2024-08-29,266.9,2618.61
7187,10,2024-08-30,252.6,3626.5
7188,10,2024-08-31,261.5,3011.61
7189,10,2024-09-01,256.3,3182.09
7190,10,2024-09-02,320.5,3429.28
7191,10,2024-09-03,306.7,3722.63
7192,10,2024-09-04,245.5,2468.1
7193,10,2024-09-05,270.0,2944.22
7194,10,2024-09-06,255.3,3165.65
7195,10,2024-09-07,261.8,3014.64
7196,10,2024-09-08,264.5,2911.77
7197,10,2024-09-09,257.4,3130.84
7198,10,2024-09-10,297.5,4220.76
7199,10,2024-09-11,284.3,2740.93
7200,10,2024-09-12,282.4,2649.86
7201,10,2024-09-13,309.4,4484.01
7202,10,2024-09-14,295.7,3704.24
7203,10,2024-09-15,277.1,2895.74
7204,10,2024-09-16,282.8,3337.65
7205,10,2024-09-17,299.6,3963.29
7206,10,2024-09-18,297.9,3102.71
7207,10,2024-09-19,226.8,1840.19
7208,10,2024-09-20,286.7,3421.86
7209,10,2024-09-21,278.9,4149.91
7210,10,2024-09-22,292.0,2454.26
7211,10,2024-09-23,236.3,3286.25
7212,10,2024-09-24,301.7,3176.07
7213,10,2024-09-25,293.3,3115.82
7214,10,2024-09-26,268.3,2177.89
7215,10,2024-09-27,315.7,3087.65
7216,10,2024-09-28,251.7,2775.05
7217,10,2024-09-29,281.1,3737.55
7218,10,2024-09-30,263.7,2872.8
7219,10,2024-10-01,259.1,2438.61
7220,10,2024-10-02,274.5,2493.08
7221,10,2024-10-03,342.7,5018.12
7222,10,2024-10-04,237.8,2024.04
7223,10,2024-10-05,293.1,3404.35
7224,10,2024-10-06,334.6,4722.33
7225,10,2024-10-07,250.8,2037.26
7226,10,2024-10-08,308.5,3010.4
7227,10,2024-10-09,299.9,2761.34
7228,10,2024-10-10,242.4,2640.38
7229,10,2024-10-11,211.5,3133.18
7230,10,2024-10-12,249.4,2074.48
7231,10,2024-10-13,280.4,3805.52
7232,10,2024-10-14,291.5,3209.88
7233,10,2024-10-15,301.9,4308.65
7234,10,2024-10-16,275.0,2659.51
7235,10,2024-10-17,277.5,3968.57
7236,10,2024-10-18,244.7,2509.66
7237,10,2024-10-19,308.5,4149.11
7238,10,2024-10-20,300.2,3586.54
7239,10,2024-10-21,287.7,3532.63
7240,10,2024-10-22,275.7,3612.16
7241,10,2024-10-23,308.1,3020.7
7242,10,2024-10-24,250.1,2430.01
7243,10,2024-10-25,282.0,3604.43
7244,10,2024-10-26,320.2,3165.43
7245,10,2024-10-27,249.7,3041.08
7246,10,2024-10-28,327.0,3281.58
7247,10,2024-10-29,298.2,2927.71
7248,10,2024-10-30,292.1,2951.21
7249,10,2024-10-31,307.2,3972.23
7250,10,2024-11-01,302.0,3859.31
7251,10,2024-11-02,241.8,2365.9
7252,10,2024-11-03,241.1,2193.53
7253,10,2024-11-04,263.9,3843.48
7254,10,2024-11-05,284.0,3915.18
7255,10,2024-11-06,303.5,2763.46
7256,10,2024-11-07,270.6,2206.09
7257,10,2024-11-08,258.5,3287.1
7258,10,2024-11-09,296.4,2460.58
7259,10,2024-11-10,269.7,3473.88
7260,10,2024-11-11,285.3,2730.85
7261,10,2024-11-12,276.6,2540.73
7262,10,2024-11-13,259.6,3401.91
7263,10,2024-11-14,260.6,3119.37
7264,10,2024-11-15,249.4,2492.24
7265,10,2024-11-16,304.4,2817.39
7266,10,2024-11-17,266.8,2287.83
7267,10,2024-11-18,258.7,3051.97
7268,10,2024-11-19,235.0,2493.16
7269,10,2024-11-20,231.3,2898.46
7270,10,2024-11-21,250.6,3699.39
7271,10,2024-11-22,284.7,2880.35
7272,10,2024-11-23,277.3,2278.49
7273,10,2024-11-24,268.8,2745.93
7274,10,2024-11-25,250.6,2175.32
7275,10,2024-11-26,233.1,2064.81
7276,10,2024-11-27,258.8,2606.58
7277,10,2024-11-28,269.1,3497.49
7278,10,2024-11-29,292.6,3594.49
7279,10,2024-11-30,241.9,2560.22
7280,10,2024-12-01,267.2,3245.14
7281,10,2024-12-02,249.6,2200.26
7282,10,2024-12-03,262.6,3718.35
7283,10,2024-12-04,324.5,3710.33
7284,10,2024-12-05,254.2,3586.71
7285,10,2024-12-06,250.2,3621.1
7286,10,2024-12-07,342.1,4459.72
7287,10,2024-12-08,289.3,3418.51
7288,10,2024-12-09,287.5,3415.58
7289,10,2024-12-10,255.1,3255.84
7290,10,2024-12-11,323.8,2836.25
7291,10,2024-12-12,243.0,2217.68
7292,10,2024-12-13,300.9,3269.31
7293,10,2024-12-14,304.4,3250.62
7294,10,2024-12-15,310.2,3812.73
7295,10,2024-12-16,313.3,3704.53
7296,10,2024-12-17,269.7,3387.32
7297,10,2024-12-18,282.5,2368.11
7298,10,2024-12-19,276.8,3166.29
7299,10,2024-12-20,251.8,3712.34
7300,10,2024-12-21,268.2,3922.48
7301,10,2024-12-22,304.3,3571.39
7302,10,2024-12-23,244.0,3345.66
7303,10,2024-12-24,294.7,3409.49
7304,10,2024-12-25,295.9,4237.64
7305,10,2024-12-26,277.7,3403.7
7306,10,2024-12-27,297.3,4452.18
7307,10,2024-12-28,252.2,2340.44
7308,10,2024-12-29,248.6,3548.26
7309,10,2024-12-30,265.6,3950.13
7310,10,2024-12-31,283.1,3713.44
7311,11,2023-01-01,378.7,3743.61
7312,11,2023-01-02,338.1,4667.8
7313,11,2023-01-03,351.1,3955.14
7314,11,2023-01-04,382.4,4227.07
7315,11,2023-01-05,386.8,4826.16
7316,11,2023-01-06,406.4,5959.19
7317,11,2023-01-07,448.4,4787.45
7318,11,2023-01-08,390.6,5825.32
7319,11,2023-01-09,344.4,2894.64
7320,11,2023-01-10,406.6,3380.44
7321,11,2023-01-11,356.5,3887.94
7322,11,2023-01-12,354.5,3368.91
7323,11,2023-01-13,338.8,3155.75
7324,11,2023-01-14,392.5,4434.81
7325,11,2023-01-15,373.3,4067.63
7326,11,2023-01-16,405.6,4886.06
7327,11,2023-01-17,352.3,3345.43
7328,11,2023-01-18,336.9,4043.42
7329,11,2023-01-19,407.5,3986.89
7330,11,2023-01-20,411.8,5542.18
7331,11,2023-01-21,355.9,3718.87
7332,11,2023-01-22,361.8,4408.78
7333,11,2023-01-23,387.2,5436.5
7334,11,2023-01-24,347.5,3492.68
7335,11,2023-01-25,329.9,3473.83
7336,11,2023-01-26,367.1,2993.63
7337,11,2023-01-27,372.4,5035.31
7338,11,2023-01-28,392.2,3529.25
7339,11,2023-01-29,385.4,5012.91
7340,11,2023-01-30,384.0,5500.18
7341,11,2023-01-31,372.7,4599.44
7342,11,2023-02-01,337.2,4104.98
7343,11,2023-02-02,364.5,3364.61
7344,11,2023-02-03,389.1,3802.62
7345,11,2023-02-04,377.0,4613.42
7346,11,2023-02-05,459.7,5661.41
7347,11,2023-02-06,390.9,4364.8
7348,11,2023-02-07,347.7,4040.4
7349,11,2023-02-08,387.0,5124.26
7350,11,2023-02-09,408.2,4759.7
7351,11,2023-02-10,332.3,4500.5
7352,11,2023-02-11,423.3,4774.26
7353,11,2023-02-12,405.8,5242.01
7354,11,2023-02-13,420.7,5677.76
7355,11,2023-02-14,416.2,4778.47
7356,11,2023-02-15,376.8,5537.16
7357,11,2023-02-16,354.5,4893.93
7358,11,2023-02-17,390.9,4636.63
7359,11,2023-02-18,369.3,4291.11
7360,11,2023-02-19,352.1,4885.25
7361,11,2023-02-20,351.2,4416.0
7362,11,2023-02-21,416.8,5017.14
7363,11,2023-02-22,364.7,3788.51
7364,11,2023-02-23,360.5,3377.09
7365,11,2023-02-24,363.3,3644.7
7366,11,2023-02-25,395.4,3734.42
7367,11,2023-02-26,425.9,4028.3
7368,11,2023-02-27,286.7,3514.91
7369,11,2023-02-28,350.6,4241.83
7370,11,2023-03-01,417.6,4809.53
7371,11,2023-03-02,393.7,5357.71
7372,11,2023-03-03,349.8,4387.33
7373,11,2023-03-04,390.5,4368.27
7374,11,2023-03-05,368.3,3631.49
7375,11,2023-03-06,424.9,5915.0
7376,11,2023-03-07,350.7,3681.32
7377,11,2023-03-08,393.3,5682.9
7378,11,2023-03-09,335.3,3112.22
7379,11,2023-03-10,371.4,5049.4
7380,11,2023-03-11,416.9,4811.0
7381,11,2023-03-12,419.4,5998.58
7382,11,2023-03-13,346.7,3550.57
7383,11,2023-03-14,328.3,3047.95
7384,11,2023-03-15,367.8,4945.57
7385,11,2023-03-16,392.2,4316.09
7386,11,2023-03-17,356.4,5334.35
7387,11,2023-03-18,356.1,3777.89
7388,11,2023-03-19,396.8,5244.1
7389,11,2023-03-20,338.0,3278.48
7390,11,2023-03-21,373.3,5527.86
7391,11,2023-03-22,388.4,4407.34
7392,11,2023-03-23,352.7,4669.83
7393,11,2023-03-24,352.4,3692.44
7394,11,2023-03-25,432.4,5743.1
7395,11,2023-03-26,406.4,5185.47
7396,11,2023-03-27,354.6,4270.36
7397,11,2023-03-28,337.9,4383.79
7398,11,2023-03-29,358.1,3093.65
7399,11,2023-03-30,388.5,4196.41
7400,11,2023-03-31,371.5,3918.49
7401,11,2023-04-01,347.6,3665.08
7402,11,2023-04-02,391.0,3925.53
7403,11,2023-04-03,340.1,4026.62
7404,11,2023-04-04,384.4,5382.78
7405,11,2023-04-05,434.1,3701.32
7406,11,2023-04-06,378.7,4220.21
7407,11,2023-04-07,380.2,3789.46
7408,11,2023-04-08,349.2,3495.7
7409,11,2023-04-09,367.3,4241.06
7410,11,2023-04-10,359.0,4340.97
7411,11,2023-04-11,379.8,4338.16
7412,11,2023-04-12,357.4,4202.17
7413,11,2023-04-13,359.7,3315.94
7414,11,2023-04-14,404.0,4792.47
7415,11,2023-04-15,374.7,5180.19
7416,11,2023-04-16,394.3,5244.48
7417,11,2023-04-17,439.6,4768.52
7418,11,2023-04-18,382.0,4475.22
7419,11,2023-04-19,430.0,4673.57
7420,11,2023-04-20,375.8,3268.63
7421,11,2023-04-21,393.7,5768.47
7422,11,2023-04-22,404.9,4454.37
7423,11,2023-04-23,365.8,5228.68
7424,11,2023-04-24,388.5,5211.93
7425,11,2023-04-25,364.4,4434.28
7426,11,2023-04-26,385.8,3339.51
7427,11,2023-04-27,354.6,4675.58
7428,11,2023-04-28,343.8,2809.64
7429,11,2023-04-29,352.4,4716.31
7430,11,2023-04-30,367.4,3302.3
7431,11,2023-05-01,376.0,5504.34
7432,11,2023-05-02,404.1,4054.12
7433,11,2023-05-03,429.7,5939.73
7434,11,2023-05-04,360.3,3945.54
7435,11,2023-05-05,344.7,3002.45
7436,11,2023-05-06,413.1,4422.56
7437,11,2023-05-07,400.7,4635.23
7438,11,2023-05-08,365.9,4763.77
7439,11,2023-05-09,375.7,3189.8
7440,11,2023-05-10,355.8,3515.32
7441,11,2023-05-11,413.4,4930.89
7442,11,2023-05-12,382.1,5560.7
7443,11,2023-05-13,361.0,3870.88
7444,11,2023-05-14,384.5,4875.22
7445,11,2023-05-15,385.9,5131.53
7446,11,2023-05-16,418.3,4146.63
7447,11,2023-05-17,401.0,5655.93
7448,11,2023-05-18,334.3,4944.27
7449,11,2023-05-19,406.6,5677.01
7450,11,2023-05-20,355.3,4392.9
7451,11,2023-05-21,409.3,4948.89
7452,11,2023-05-22,327.0,4004.11
7453,11,2023-05-23,404.8,3720.36
7454,11,2023-05-24,384.0,4059.43
7455,11,2023-05-25,324.3,4814.53
7456,11,2023-05-26,392.5,3862.88
7457,11,2023-05-27,404.7,3464.47
7458,11,2023-05-28,370.5,5092.65
7459,11,2023-05-29,359.2,5143.51
7460,11,2023-05-30,375.1,3103.91
7461,11,2023-05-31,353.7,3006.2
7462,11,2023-06-01,373.6,5309.44
7463,11,2023-06-02,352.0,4344.48
7464,11,2023-06-03,391.4,5307.79
7465,11,2023-06-04,370.5,5291.66
7466,11,2023-06-05,402.7,4652.64
7467,11,2023-06-06,353.7,3676.87
7468,11,2023-06-07,357.6,3272.48
7469,11,2023-06-08,402.4,4563.84
7470,11,2023-06-09,346.6,3682.7
7471,11,2023-06-10,337.5,3756.95
7472,11,2023-06-11,357.6,4424.48
7473,11,2023-06-12,391.8,3503.86
7474,11,2023-06-13,370.3,4951.46
7475,11,2023-06-14,407.7,4975.3
7476,11,2023-06-15,385.5,5682.8
7477,11,2023-06-16,410.5,5805.16
7478,11,2023-06-17,389.5,5064.43
7479,11,2023-06-18,319.7,4469.87
7480,11,2023-06-19,378.3,4298.65
7481,11,2023-06-20,351.5,4035.88
7482,11,2023-06-21,378.6,4879.43
7483,11,2023-06-22,332.5,3180.46
7484,11,2023-06-23,437.9,4452.76
7485,11,2023-06-24,342.4,4229.71
7486,11,2023-06-25,394.4,4783.2
7487,11,2023-06-26,372.9,4359.59
7488,11,2023-06-27,342.8,2838.0
7489,11,2023-06-28,371.8,3876.6
7490,11,2023-06-29,411.8,4213.26
7491,11,2023-06-30,363.1,3312.36
7492,11,2023-07-01,383.5,3640.14
7493,11,2023-07-02,407.7,4205.83
7494,11,2023-07-03,386.5,3561.64
7495,11,2023-07-04,387.9,3770.93
7496,11,2023-07-05,334.4,4728.29
7497,11,2023-07-06,383.2,3967.61
7498,11,2023-07-07,375.9,3566.49
7499,11,2023-07-08,415.8,5046.37
7500,11,2023-07-09,443.5,4627.43
7501,11,2023-07-10,381.1,5238.9
7502,11,2023-07-11,434.8,4392.88
7503,11,2023-07-12,363.1,3150.2
7504,11,2023-07-13,410.7,6096.77
7505,11,2023-07-14,441.6,5606.92
7506,11,2023-07-15,378.5,3988.31
7507,11,2023-07-16,389.1,4167.27
7508,11,2023-07-17,383.4,4830.85
7509,11,2023-07-18,350.5,3620.0
7510,11,2023-07-19,389.9,3416.1
7511,11,2023-07-20,410.3,5037.34
7512,11,2023-07-21,385.0,3564.55
7513,11,2023-07-22,409.2,4141.04
7514,11,2023-07-23,377.1,5214.75
7515,11,2023-07-24,379.7,4945.44
7516,11,2023-07-25,324.5,4595.71
7517,11,2023-07-26,333.1,3095.01
7518,11,2023-07-27,417.6,5562.64
7519,11,2023-07-28,391.6,3629.32
7520,11,2023-07-29,342.2,2955.78
7521,11,2023-07-30,346.3,4339.9
7522,11,2023-07-31,342.3,3124.12
7523,11,2023-08-01,374.6,4284.16
7524,11,2023-08-02,394.2,4353.61
7525,11,2023-08-03,360.4,5380.51
7526,11,2023-08-04,373.3,4443.07
7527,11,2023-08-05,374.4,4140.16
7528,11,2023-08-06,357.9,2923.09
7529,11,2023-08-07,386.8,3737.93
7530,11,2023-08-08,374.2,3659.2
7531,11,2023-08-09,386.9,4050.93
7532,11,2023-08-10,394.4,5422.0
7533,11,2023-08-11,315.1,3485.07
7534,11,2023-08-12,383.0,3240.49
7535,11,2023-08-13,376.0,4932.33
7536,11,2023-08-14,388.2,4943.56
7537,11,2023-08-15,411.2,3417.45
7538,11,2023-08-16,374.6,5503.91
7539,11,2023-08-17,320.6,3758.85
7540,11,2023-08-18,353.1,4804.96
7541,11,2023-08-19,436.9,5024.38
7542,11,2023-08-20,360.0,4470.56
7543,11,2023-08-21,358.7,3506.08
7544,11,2023-08-22,349.9,4306.36
7545,11,2023-08-23,354.8,2924.86
7546,11,2023-08-24,369.7,3192.19
7547,11,2023-08-25,303.4,3606.42
7548,11,2023-08-26,368.3,4805.14
7549,11,2023-08-27,351.4,3495.61
7550,11,2023-08-28,356.8,2859.17
7551,11,2023-08-29,381.3,3645.49
7552,11,2023-08-30,355.8,5323.05
7553,11,2023-08-31,385.3,4983.38
7554,11,2023-09-01,354.9,3639.76
7555,11,2023-09-02,392.4,5481.17
7556,11,2023-09-03,314.3,3364.01
7557,11,2023-09-04,366.1,3459.91
7558,11,2023-09-05,353.6,5153.48
7559,11,2023-09-06,363.4,3652.94
7560,11,2023-09-07,374.4,3126.44
7561,11,2023-09-08,366.5,5322.6
7562,11,2023-09-09,341.7,3080.87
7563,11,2023-09-10,340.1,2792.55
7564,11,2023-09-11,338.2,2791.09
7565,11,2023-09-12,373.7,3791.48
7566,11,2023-09-13,388.4,4137.06
7567,11,2023-09-14,344.7,3306.88
7568,11,2023-09-15,413.0,3598.8
7569,11,2023-09-16,346.8,2943.86
7570,11,2023-09-17,388.0,4263.79
7571,11,2023-09-18,339.8,3128.51
7572,11,2023-09-19,382.1,4581.47
7573,11,2023-09-20,407.7,4819.04
7574,11,2023-09-21,351.4,3877.47
7575,11,2023-09-22,367.6,3972.04
7576,11,2023-09-23,383.8,4858.67
7577,11,2023-09-24,385.1,4964.02
7578,11,2023-09-25,406.0,4308.02
7579,11,2023-09-26,328.3,4189.07
7580,11,2023-09-27,367.8,3512.09
7581,11,2023-09-28,341.6,3373.61
7582,11,2023-09-29,352.0,3630.34
7583,11,2023-09-30,347.5,2908.04
7584,11,2023-10-01,369.2,3710.36
7585,11,2023-10-02,350.5,3796.84
7586,11,2023-10-03,359.8,3593.66
7587,11,2023-10-04,363.8,3325.26
7588,11,2023-10-05,379.3,4487.69
7589,11,2023-10-06,383.3,4078.95
7590,11,2023-10-07,374.1,4611.65
7591,11,2023-10-08,366.3,3244.06
7592,11,2023-10-09,401.4,4271.77
7593,11,2023-10-10,345.8,2771.36
7594,11,2023-10-11,393.9,5557.41
7595,11,2023-10-12,323.8,3185.58
7596,11,2023-10-13,360.3,3488.83
7597,11,2023-10-14,383.6,3525.84
7598,11,2023-10-15,358.4,4276.42
7599,11,2023-10-16,395.2,4262.33
7600,11,2023-10-17,376.6,5150.13
7601,11,2023-10-18,383.7,3319.45
7602,11,2023-10-19,393.7,3194.28
7603,11,2023-10-20,383.1,4475.14
7604,11,2023-10-21,421.2,4115.25
7605,11,2023-10-22,357.9,3866.14
7606,11,2023-10-23,355.7,4688.89
7607,11,2023-10-24,395.7,4527.42
7608,11,2023-10-25,338.4,4803.97
7609,11,2023-10-26,361.5,3136.91
7610,11,2023-10-27,323.8,3350.0
7611,11,2023-10-28,422.6,3966.47
7612,11,2023-10-29,371.5,3539.47
7613,11,2023-10-30,329.1,3742.88
7614,11,2023-10-31,415.7,5759.09
7615,11,2023-11-01,435.5,5485.86
7616,11,2023-11-02,369.5,5034.62
7617,11,2023-11-03,352.6,3665.34
7618,11,2023-11-04,375.3,5602.11
7619,11,2023-11-05,381.1,5296.84
7620,11,2023-11-06,330.6,4002.06
7621,11,2023-11-07,349.0,3675.53
7622,11,2023-11-08,363.5,3370.81
7623,11,2023-11-09,357.6,3135.81
7624,11,2023-11-10,417.2,4116.63
7625,11,2023-11-11,366.9,4119.06
7626,11,2023-11-12,318.3,3512.44
7627,11,2023-11-13,379.4,3827.86
7628,11,2023-11-14,369.6,4548.37
7629,11,2023-11-15,363.5,3417.04
7630,11,2023-11-16,321.7,3831.05
7631,11,2023-11-17,362.3,3831.57
7632,11,2023-11-18,375.8,4261.53
7633,11,2023-11-19,419.6,5109.2
7634,11,2023-11-20,354.6,3569.76
7635,11,2023-11-21,393.5,4236.63
7636,11,2023-11-22,360.4,4693.84
7637,11,2023-11-23,374.8,4082.83
7638,11,2023-11-24,384.8,4607.04
7639,11,2023-11-25,438.4,3957.56
7640,11,2023-11-26,404.7,5216.8
7641,11,2023-11-27,342.8,4591.34
7642,11,2023-11-28,378.0,5315.88
7643,11,2023-11-29,374.2,4255.8
7644,11,2023-11-30,382.3,4001.49
7645,11,2023-12-01,327.7,3420.98
7646,11,2023-12-02,368.1,4794.44
7647,11,2023-12-03,347.9,4608.63
7648,11,2023-12-04,343.7,3177.52
7649,11,2023-12-05,392.9,5053.21
7650,11,2023-12-06,413.4,3927.55
7651,11,2023-12-07,394.8,4170.0
7652,11,2023-12-08,418.9,4635.16
7653,11,2023-12-09,360.8,4507.6
7654,11,2023-12-10,453.6,4203.68
7655,11,2023-12-11,302.4,3395.61
7656,11,2023-12-12,423.7,4781.63
7657,11,2023-12-13,372.1,4616.07
7658,11,2023-12-14,372.6,4849.81
7659,11,2023-12-15,308.9,2773.1
7660,11,2023-12-16,364.5,3107.48
7661,11,2023-12-17,348.0,4788.57
7662,11,2023-12-18,328.8,2894.49
7663,11,2023-12-19,382.0,3970.64
7664,11,2023-12-20,400.3,3532.62
7665,11,2023-12-21,360.9,3241.86
7666,11,2023-12-22,349.0,3446.16
7667,11,2023-12-23,372.6,3359.97
7668,11,2023-12-24,351.2,4670.21
7669,11,2023-12-25,388.3,3622.46
7670,11,2023-12-26,350.4,4572.84
7671,11,2023-12-27,395.4,3270.47
7672,11,2023-12-28,315.3,3615.42
7673,11,2023-12-29,367.4,3302.49
7674,11,2023-12-30,333.1,3683.58
7675,11,2023-12-31,361.6,4398.53
7676,11,2024-01-01,358.7,5322.48
7677,11,2024-01-02,425.2,5006.9
7678,11,2024-01-03,353.3,4059.13
7679,11,2024-01-04,361.9,4451.68
7680,11,2024-01-05,397.3,4647.39
7681,11,2024-01-06,325.6,3870.41
7682,11,2024-01-07,322.1,2895.2
7683,11,2024-01-08,338.4,5040.43
7684,11,2024-01-09,304.4,3183.72
7685,11,2024-01-10,340.7,2881.9
7686,11,2024-01-11,379.6,5352.48
7687,11,2024-01-12,341.3,3935.89
7688,11,2024-01-13,402.8,3605.36
7689,11,2024-01-14,356.7,4743.58
7690,11,2024-01-15,374.1,4424.68
7691,11,2024-01-16,389.2,5799.32
7692,11,2024-01-17,355.7,3479.13
7693,11,2024-01-18,386.8,5117.42
7694,11,2024-01-19,390.9,5746.59
7695,11,2024-01-20,429.8,5917.57
7696,11,2024-01-21,363.6,4129.01
7697,11,2024-01-22,308.2,4149.68
7698,11,2024-01-23,362.1,4636.16
7699,11,2024-01-24,301.8,2567.61
7700,11,2024-01-25,328.0,2638.64
7701,11,2024-01-26,293.2,3979.66
7702,11,2024-01-27,394.4,4653.81
7703,11,2024-01-28,369.0,3881.18
7704,11,2024-01-29,435.5,3909.12
7705,11,2024-01-30,380.5,4050.25
7706,11,2024-01-31,346.7,5105.99
7707,11,2024-02-01,363.0,3698.23
7708,11,2024-02-02,364.3,5172.61
7709,11,2024-02-03,334.4,3148.76
7710,11,2024-02-04,370.0,3766.58
7711,11,2024-02-05,315.9,4179.58
7712,11,2024-02-06,396.0,4876.22
7713,11,2024-02-07,368.0,3797.56
7714,11,2024-02-08,400.4,5995.29
7715,11,2024-02-09,339.5,4639.36
7716,11,2024-02-10,310.5,2676.69
7717,11,2024-02-11,345.3,3098.85
7718,11,2024-02-12,361.7,2905.07
7719,11,2024-02-13,378.7,4712.48
7720,11,2024-02-14,406.3,4727.76
7721,11,2024-02-15,371.4,5180.41
7722,11,2024-02-16,370.8,5074.51
7723,11,2024-02-17,378.7,4573.18
7724,11,2024-02-18,330.7,3867.43
7725,11,2024-02-19,341.2,2973.26
7726,11,2024-02-20,366.5,5246.22
7727,11,2024-02-21,326.4,3249.21
7728,11,2024-02-22,390.3,4789.24
7729,11,2024-02-23,328.2,2764.61
7730,11,2024-02-24,305.0,2736.24
7731,11,2024-02-25,414.8,3458.16
7732,11,2024-02-26,342.4,3540.57
7733,11,2024-02-27,397.3,3707.35
7734,11,2024-02-28,387.4,5082.84
7735,11,2024-02-29,388.0,3742.75
7736,11,2024-03-01,395.4,4918.06
7737,11,2024-03-02,333.5,3818.91
7738,11,2024-03-03,419.7,5396.75
7739,11,2024-03-04,365.3,3552.34
7740,11,2024-03-05,372.2,4545.0
7741,11,2024-03-06,374.3,3227.47
7742,11,2024-03-07,336.4,3846.14
7743,11,2024-03-08,347.9,3286.81
7744,11,2024-03-09,372.8,3857.61
7745,11,2024-03-10,411.0,4810.48
7746,11,2024-03-11,334.7,3572.6
7747,11,2024-03-12,358.6,4802.52
7748,11,2024-03-13,366.4,3036.18
7749,11,2024-03-14,372.0,4350.42
7750,11,2024-03-15,405.4,5243.19
7751,11,2024-03-16,331.8,4695.59
7752,11,2024-03-17,371.6,3078.35
7753,11,2024-03-18,384.9,5516.56
7754,11,2024-03-19,397.3,5674.75
7755,11,2024-03-20,371.2,3293.99
7756,11,2024-03-21,350.2,2994.29
7757,11,2024-03-22,339.8,4449.84
7758,11,2024-03-23,363.6,5374.27
7759,11,2024-03-24,321.9,4475.05
7760,11,2024-03-25,378.9,5293.65
7761,11,2024-03-26,388.6,5469.18
7762,11,2024-03-27,410.6,3754.36
7763,11,2024-03-28,355.8,4984.35
7764,11,2024-03-29,383.5,4404.25
7765,11,2024-03-30,401.0,3291.3
7766,11,2024-03-31,376.4,3967.56
7767,11,2024-04-01,381.3,5316.04
7768,11,2024-04-02,381.4,3502.88
7769,11,2024-04-03,343.6,4636.46
7770,11,2024-04-04,380.4,3695.77
7771,11,2024-04-05,357.3,5324.74
7772,11,2024-04-06,417.1,5030.27
7773,11,2024-04-07,324.7,4266.94
7774,11,2024-04-08,409.0,4689.42
7775,11,2024-04-09,368.2,5085.63
7776,11,2024-04-10,360.3,3479.24
7777,11,2024-04-11,382.3,5248.0
7778,11,2024-04-12,326.5,3182.82
7779,11,2024-04-13,347.3,4481.03
7780,11,2024-04-14,342.0,5015.09
7781,11,2024-04-15,352.6,3238.33
7782,11,2024-04-16,419.7,4712.48
7783,11,2024-04-17,317.9,3678.25
7784,11,2024-04-18,397.3,3540.5
7785,11,2024-04-19,340.2,2838.76
7786,11,2024-04-20,363.4,5088.25
7787,11,2024-04-21,376.9,3408.69
7788,11,2024-04-22,325.4,3201.03
7789,11,2024-04-23,337.4,2807.77
7790,11,2024-04-24,355.1,5021.44
7791,11,2024-04-25,347.6,4540.04
7792,11,2024-04-26,392.6,3543.01
7793,11,2024-04-27,378.9,5652.88
7794,11,2024-04-28,321.2,2734.62
7795,11,2024-04-29,351.1,3298.52
7796,11,2024-04-30,363.0,5209.73
7797,11,2024-05-01,374.3,4403.64
7798,11,2024-05-02,359.2,5081.06
7799,11,2024-05-03,379.6,4846.08
7800,11,2024-05-04,348.4,4111.39
7801,11,2024-05-05,382.0,5401.78
7802,11,2024-05-06,399.4,4260.13
7803,11,2024-05-07,396.6,3769.05
7804,11,2024-05-08,373.5,4258.23
7805,11,2024-05-09,365.1,3567.4
7806,11,2024-05-10,383.1,4006.3
7807,11,2024-05-11,369.1,4270.0
7808,11,2024-05-12,373.0,3460.99
7809,11,2024-05-13,374.8,5618.07
7810,11,2024-05-14,405.8,5953.12
7811,11,2024-05-15,351.7,3187.92
7812,11,2024-05-16,428.7,4977.3
7813,11,2024-05-17,356.0,5197.49
7814,11,2024-05-18,332.5,3455.6
7815,11,2024-05-19,374.0,4568.83
7816,11,2024-05-20,331.9,3105.52
7817,11,2024-05-21,385.3,4350.4
7818,11,2024-05-22,351.2,3878.46
7819,11,2024-05-23,395.5,5602.22
7820,11,2024-05-24,343.6,3376.91
7821,11,2024-05-25,356.6,3181.97
7822,11,2024-05-26,407.8,4233.94
7823,11,2024-05-27,401.3,5013.41
7824,11,2024-05-28,367.2,3389.87
7825,11,2024-05-29,356.9,3042.77
7826,11,2024-05-30,331.2,4401.76
7827,11,2024-05-31,314.9,3641.69
7828,11,2024-06-01,333.8,4326.89
7829,11,2024-06-02,406.1,5038.48
7830,11,2024-06-03,374.9,5067.2
7831,11,2024-06-04,337.1,2820.63
7832,11,2024-06-05,383.8,5497.94
7833,11,2024-06-06,336.9,3974.45
7834,11,2024-06-07,393.5,5881.06
7835,11,2024-06-08,352.3,3561.1
7836,11,2024-06-09,389.5,4434.67
7837,11,2024-06-10,313.9,3889.04
7838,11,2024-06-11,327.3,2644.57
7839,11,2024-06-12,389.0,5373.37
7840,11,2024-06-13,391.3,5435.17
7841,11,2024-06-14,408.9,4680.58
7842,11,2024-06-15,375.7,5507.92
7843,11,2024-06-16,351.5,3892.32
7844,11,2024-06-17,356.9,4391.58
7845,11,2024-06-18,374.8,5117.64
7846,11,2024-06-19,319.7,3133.1
7847,11,2024-06-20,310.8,3639.39
7848,11,2024-06-21,392.5,4972.04
7849,11,2024-06-22,403.2,5272.2
7850,11,2024-06-23,372.7,5206.22
7851,11,2024-06-24,349.9,3992.53
7852,11,2024-06-25,347.1,4848.28
7853,11,2024-06-26,360.9,3309.64
7854,11,2024-06-27,360.3,4359.79
7855,11,2024-06-28,359.6,4269.39
7856,11,2024-06-29,374.4,3456.25
7857,11,2024-06-30,338.1,3867.35
7858,11,2024-07-01,374.5,4713.03
7859,11,2024-07-02,332.6,3036.46
7860,11,2024-07-03,372.2,4726.23
7861,11,2024-07-04,313.3,2568.28
7862,11,2024-07-05,336.9,3756.07
7863,11,2024-07-06,397.4,3922.92
7864,11,2024-07-07,380.5,4411.89
7865,11,2024-07-08,383.9,3807.4
7866,11,2024-07-09,424.4,5761.25
7867,11,2024-07-10,360.8,3836.26
7868,11,2024-07-11,378.7,4999.55
7869,11,2024-07-12,350.8,5065.79
7870,11,2024-07-13,363.5,4004.28
7871,11,2024-07-14,372.7,3552.61
7872,11,2024-07-15,322.8,3047.48
7873,11,2024-07-16,298.1,3580.89
7874,11,2024-07-17,392.7,5881.83
7875,11,2024-07-18,368.7,4565.95
7876,11,2024-07-19,348.4,4929.45
7877,11,2024-07-20,326.0,3677.08
7878,11,2024-07-21,383.0,5232.84
7879,11,2024-07-22,362.6,4270.7
7880,11,2024-07-23,367.9,3352.13
7881,11,2024-07-24,337.8,4928.97
7882,11,2024-07-25,364.4,4542.55
7883,11,2024-07-26,381.6,5422.57
7884,11,2024-07-27,336.6,4050.25
7885,11,2024-07-28,329.8,4196.49
7886,11,2024-07-29,417.0,4490.61
7887,11,2024-07-30,335.8,2704.42
7888,11,2024-07-31,362.8,3042.2
7889,11,2024-08-01,358.6,2921.8
7890,11,2024-08-02,323.3,2939.36
7891,11,2024-08-03,385.4,5213.76
7892,11,2024-08-04,386.9,5591.38
7893,11,2024-08-05,383.0,5143.08
7894,11,2024-08-06,356.9,3664.6
7895,11,2024-08-07,370.7,3632.42
7896,11,2024-08-08,341.6,4002.32
7897,11,2024-08-09,367.5,5316.89
7898,11,2024-08-10,384.0,4128.33
7899,11,2024-08-11,388.7,4709.47
7900,11,2024-08-12,372.5,4583.37
7901,11,2024-08-13,383.1,3301.02
7902,11,2024-08-14,374.9,3882.83
7903,11,2024-08-15,388.1,5702.7
7904,11,2024-08-16,358.1,3167.0
7905,11,2024-08-17,333.6,2752.12
7906,11,2024-08-18,340.0,3375.63
7907,11,2024-08-19,343.9,3995.7
7908,11,2024-08-20,416.8,6010.8
7909,11,2024-08-21,376.5,3706.99
7910,11,2024-08-22,380.0,3902.09
7911,11,2024-08-23,395.6,3334.56
7912,11,2024-08-24,323.4,3694.88
7913,11,2024-08-25,370.6,3952.39
7914,11,2024-08-26,356.3,4166.55
7915,11,2024-08-27,397.6,5157.36
7916,11,2024-08-28,386.0,5079.69
7917,11,2024-08-29,373.3,3461.5
7918,11,2024-08-30,344.6,2992.96
7919,11,2024-08-31,377.0,4907.76
7920,11,2024-09-01,372.5,5080.93
7921,11,2024-09-02,366.6,5020.24
7922,11,2024-09-03,376.8,4729.39
7923,11,2024-09-04,416.0,4260.34
7924,11,2024-09-05,381.7,5523.16
7925,11,2024-09-06,353.4,2904.23
7926,11,2024-09-07,341.9,3384.23
7927,11,2024-09-08,267.4,2284.99
7928,11,2024-09-09,338.4,3327.63
7929,11,2024-09-10,377.4,3987.72
7930,11,2024-09-11,339.4,3789.63
7931,11,2024-09-12,377.8,5009.62
7932,11,2024-09-13,336.9,3122.07
7933,11,2024-09-14,337.0,3861.24
7934,11,2024-09-15,375.0,3400.51
7935,11,2024-09-16,345.2,3713.37
7936,11,2024-09-17,355.5,4331.46
7937,11,2024-09-18,406.3,5358.72
7938,11,2024-09-19,335.8,4324.14
7939,11,2024-09-20,376.4,4578.44
7940,11,2024-09-21,326.8,3780.94
7941,11,2024-09-22,363.7,5284.96
7942,11,2024-09-23,360.3,3726.73
7943,11,2024-09-24,360.7,3239.06
7944,11,2024-09-25,371.9,4012.37
7945,11,2024-09-26,433.2,4996.22
7946,11,2024-09-27,360.4,4237.15
7947,11,2024-09-28,381.3,3864.05
7948,11,2024-09-29,354.0,3069.79
7949,11,2024-09-30,338.2,5021.57
7950,11,2024-10-01,335.4,4266.37
7951,11,2024-10-02,416.9,5158.42
7952,11,2024-10-03,387.2,4903.9
7953,11,2024-10-04,345.1,4192.03
7954,11,2024-10-05,316.8,2614.29
7955,11,2024-10-06,397.5,4550.49
7956,11,2024-10-07,361.5,4289.15
7957,11,2024-10-08,380.9,4003.65
7958,11,2024-10-09,345.1,5070.96
7959,11,2024-10-10,355.6,5196.86
7960,11,2024-10-11,344.4,4694.86
7961,11,2024-10-12,367.4,4175.12
7962,11,2024-10-13,388.1,3394.4
7963,11,2024-10-14,377.8,3178.05
7964,11,2024-10-15,383.5,3630.0
7965,11,2024-10-16,419.0,3755.43
7966,11,2024-10-17,380.3,3694.21
7967,11,2024-10-18,345.4,4989.67
7968,11,2024-10-19,343.7,4472.18
7969,11,2024-10-20,387.6,4068.7
7970,11,2024-10-21,382.8,5118.46
7971,11,2024-10-22,412.0,5894.26
7972,11,2024-10-23,343.8,3060.63
7973,11,2024-10-24,373.2,5457.92
7974,11,2024-10-25,356.9,4064.52
7975,11,2024-10-26,319.5,3670.91
7976,11,2024-10-27,337.7,4910.91
7977,11,2024-10-28,355.0,5104.78
7978,11,2024-10-29,328.9,3435.42
7979,11,2024-10-30,345.7,4713.32
7980,11,2024-10-31,403.7,6001.09
7981,11,2024-11-01,395.0,5892.86
7982,11,2024-11-02,352.1,5240.91
7983,11,2024-11-03,344.7,3489.5
7984,11,2024-11-04,279.4,2849.2
7985,11,2024-11-05,319.5,4146.12
7986,11,2024-11-06,361.4,4248.16
7987,11,2024-11-07,364.5,4830.67
7988,11,2024-11-08,301.3,2817.79
7989,11,2024-11-09,360.0,4912.97
7990,11,2024-11-10,388.2,4092.47
7991,11,2024-11-11,369.8,3161.66
7992,11,2024-11-12,370.5,4475.53
7993,11,2024-11-13,360.6,4191.14
7994,11,2024-11-14,371.2,3475.56
7995,11,2024-11-15,398.9,4826.75
7996,11,2024-11-16,375.3,5073.31
7997,11,2024-11-17,335.3,3705.07
7998,11,2024-11-18,386.0,3490.01
7999,11,2024-11-19,353.9,3114.99
8000,11,2024-11-20,341.8,4730.62
8001,11,2024-11-21,433.8,5109.41
8002,11,2024-11-22,360.0,4669.77
8003,11,2024-11-23,337.5,2741.36
8004,11,2024-11-24,349.8,3889.94
8005,11,2024-11-25,353.9,3316.45
8006,11,2024-11-26,379.4,5493.98
8007,11,2024-11-27,373.1,4086.79
8008,11,2024-11-28,382.8,5078.58
8009,11,2024-11-29,395.5,5832.9
8010,11,2024-11-30,403.9,5964.72
8011,11,2024-12-01,400.9,3604.08
8012,11,2024-12-02,309.0,2616.09
8013,11,2024-12-03,416.0,4981.73
8014,11,2024-12-04,342.8,3773.37
8015,11,2024-12-05,377.4,4952.36
8016,11,2024-12-06,378.6,3232.83
8017,11,2024-12-07,357.7,5336.18
8018,11,2024-12-08,343.1,4183.8
8019,11,2024-12-09,322.1,3851.63
8020,11,2024-12-10,363.5,4025.07
8021,11,2024-12-11,358.7,3282.52
8022,11,2024-12-12,329.5,4321.92
8023,11,2024-12-13,360.9,4484.5
8024,11,2024-12-14,375.4,4136.17
8025,11,2024-12-15,423.2,4437.35
8026,11,2024-12-16,345.9,3233.29
8027,11,2024-12-17,347.3,3251.24
8028,11,2024-12-18,395.1,4170.09
8029,11,2024-12-19,364.7,4623.62
8030,11,2024-12-20,316.8,4307.16
8031,11,2024-12-21,343.6,2795.59
8032,11,2024-12-22,346.8,3328.29
8033,11,2024-12-23,369.0,3943.61
8034,11,2024-12-24,328.4,2841.99
8035,11,2024-12-25,321.9,4107.22
8036,11,2024-12-26,347.8,3670.01
8037,11,2024-12-27,349.3,3343.45
8038,11,2024-12-28,333.0,4518.68
8039,11,2024-12-29,328.3,2778.82
8040,11,2024-12-30,388.1,3143.93
8041,11,2024-12-31,351.7,5261.77
8042,12,2023-01-01,117.4,956.19
8043,12,2023-01-02,107.5,1356.01
8044,12,2023-01-03,105.1,913.49
8045,12,2023-01-04,101.1,958.1
8046,12,2023-01-05,111.3,1024.91
8047,12,2023-01-06,111.6,1255.19
8048,12,2023-01-07,105.5,1457.75
8049,12,2023-01-08,119.1,1207.41
8050,12,2023-01-09,103.1,1119.94
8051,12,2023-01-10,105.5,1537.61
8052,12,2023-01-11,107.8,1275.77
8053,12,2023-01-12,115.3,1337.2
8054,12,2023-01-13,119.8,1033.2
8055,12,2023-01-14,100.9,1100.3
8056,12,2023-01-15,113.4,1406.16
8057,12,2023-01-16,115.8,1470.12
8058,12,2023-01-17,118.9,1075.32
8059,12,2023-01-18,106.5,1388.27
8060,12,2023-01-19,108.6,1592.57
8061,12,2023-01-20,106.2,1202.7
8062,12,2023-01-21,107.6,1506.36
8063,12,2023-01-22,104.3,1545.5
8064,12,2023-01-23,110.2,1520.37
8065,12,2023-01-24,90.9,1020.18
8066,12,2023-01-25,102.3,1416.47
8067,12,2023-01-26,105.3,1548.15
8068,12,2023-01-27,111.0,1002.85
8069,12,2023-01-28,115.9,1079.74
8070,12,2023-01-29,121.1,1113.83
8071,12,2023-01-30,107.5,1352.02
8072,12,2023-01-31,118.5,1365.63
8073,12,2023-02-01,108.0,1080.89
8074,12,2023-02-02,124.9,1316.68
8075,12,2023-02-03,108.4,1029.62
8076,12,2023-02-04,119.3,1735.57
8077,12,2023-02-05,105.1,1350.27
8078,12,2023-02-06,103.9,1397.71
8079,12,2023-02-07,102.3,1038.19
8080,12,2023-02-08,101.8,1239.97
8081,12,2023-02-09,118.7,1366.05
8082,12,2023-02-10,115.3,1215.92
8083,12,2023-02-11,91.8,1350.79
8084,12,2023-02-12,98.6,1318.34
8085,12,2023-02-13,104.7,1236.47
8086,12,2023-02-14,98.0,1204.06
8087,12,2023-02-15,121.1,1619.95
8088,12,2023-02-16,107.8,1244.12
8089,12,2023-02-17,112.9,1518.2
8090,12,2023-02-18,114.4,1681.49
8091,12,2023-02-19,101.0,1436.51
8092,12,2023-02-20,100.9,1353.17
8093,12,2023-02-21,100.2,1155.1
8094,12,2023-02-22,112.1,1019.15
8095,12,2023-02-23,96.3,841.22
8096,12,2023-02-24,120.6,1237.4
8097,12,2023-02-25,98.8,1371.49
8098,12,2023-02-26,98.0,1227.74
8099,12,2023-02-27,116.8,1708.2
8100,12,2023-02-28,121.1,1144.56
8101,12,2023-03-01,124.2,1557.74
8102,12,2023-03-02,117.2,985.76
8103,12,2023-03-03,88.9,1185.67
8104,12,2023-03-04,114.4,1334.89
8105,12,2023-03-05,102.2,1501.97
8106,12,2023-03-06,113.3,1083.57
8107,12,2023-03-07,99.9,1220.72
8108,12,2023-03-08,107.7,1144.78
8109,12,2023-03-09,117.9,951.28
8110,12,2023-03-10,104.5,1419.43
8111,12,2023-03-11,110.9,1345.08
8112,12,2023-03-12,108.9,913.74
8113,12,2023-03-13,104.7,1290.35
8114,12,2023-03-14,117.2,1339.11
8115,12,2023-03-15,107.9,1490.24
8116,12,2023-03-16,109.5,1419.5
8117,12,2023-03-17,109.2,938.58
8118,12,2023-03-18,112.9,1375.76
8119,12,2023-03-19,99.2,1067.66
8120,12,2023-03-20,114.6,1396.84
8121,12,2023-03-21,95.8,855.61
8122,12,2023-03-22,95.7,1395.67
8123,12,2023-03-23,115.2,929.46
8124,12,2023-03-24,115.9,1227.23
8125,12,2023-03-25,99.7,1341.2
8126,12,2023-03-26,127.7,1402.26
8127,12,2023-03-27,115.4,1038.98
8128,12,2023-03-28,99.8,1028.75
8129,12,2023-03-29,96.4,1075.17
8130,12,2023-03-30,106.0,964.72
8131,12,2023-03-31,125.2,1056.57
8132,12,2023-04-01,114.3,1611.83
8133,12,2023-04-02,103.3,1304.33
8134,12,2023-04-03,102.5,1156.77
8135,12,2023-04-04,98.6,1344.41
8136,12,2023-04-05,108.1,1331.78
8137,12,2023-04-06,105.2,1438.01
8138,12,2023-04-07,99.6,1193.16
8139,12,2023-04-08,105.7,1024.77
8140,12,2023-04-09,100.7,1169.82
8141,12,2023-04-10,106.1,1170.6
8142,12,2023-04-11,118.4,1697.08
8143,12,2023-04-12,122.6,1205.4
8144,12,2023-04-13,124.8,1528.9
8145,12,2023-04-14,91.4,1365.0
8146,12,2023-04-15,120.1,1702.13
8147,12,2023-04-16,110.1,1236.39
8148,12,2023-04-17,122.3,1136.44
8149,12,2023-04-18,116.9,1306.69
8150,12,2023-04-19,101.4,1437.69
8151,12,2023-04-20,108.1,1353.94
8152,12,2023-04-21,97.4,1131.4
8153,12,2023-04-22,111.2,1179.63
8154,12,2023-04-23,100.8,1323.73
8155,12,2023-04-24,122.9,1645.32
8156,12,2023-04-25,96.5,1142.32
8157,12,2023-04-26,100.1,1088.33
8158,12,2023-04-27,108.4,1281.48
8159,12,2023-04-28,115.8,1661.47
8160,12,2023-04-29,106.9,1469.78
8161,12,2023-04-30,120.3,1295.37
8162,12,2023-05-01,100.3,965.88
8163,12,2023-05-02,102.6,1059.26
8164,12,2023-05-03,105.7,1186.98
8165,12,2023-05-04,106.7,1527.71
8166,12,2023-05-05,109.6,1051.99
8167,12,2023-05-06,108.2,1375.56
8168,12,2023-05-07,95.3,792.13
8169,12,2023-05-08,105.4,1087.14
8170,12,2023-05-09,94.3,1224.85
8171,12,2023-05-10,96.5,1376.05
8172,12,2023-05-11,107.8,1083.02
8173,12,2023-05-12,115.1,1696.22
8174,12,2023-05-13,113.7,1306.37
8175,12,2023-05-14,93.6,1193.29
8176,12,2023-05-15,117.0,1314.95
8177,12,2023-05-16,117.2,978.74
8178,12,2023-05-17,105.5,1495.95
8179,12,2023-05-18,107.4,1228.29
8180,12,2023-05-19,117.7,1239.27
8181,12,2023-05-20,122.2,1776.72
8182,12,2023-05-21,114.6,1543.15
8183,12,2023-05-22,99.8,1059.58
8184,12,2023-05-23,109.9,986.26
8185,12,2023-05-24,110.1,1464.34
8186,12,2023-05-25,111.6,1402.42
8187,12,2023-05-26,96.6,995.69
8188,12,2023-05-27,107.3,961.16
8189,12,2023-05-28,100.4,1296.92
8190,12,2023-05-29,111.4,1431.47
8191,12,2023-05-30,97.3,992.75
8192,12,2023-05-31,105.9,1084.64
8193,12,2023-06-01,101.2,1396.32
8194,12,2023-06-02,110.0,1465.72
8195,12,2023-06-03,112.2,1422.05
8196,12,2023-06-04,99.5,1316.52
8197,12,2023-06-05,103.3,997.1
8198,12,2023-06-06,103.6,1093.93
8199,12,2023-06-07,112.7,1631.99
8200,12,2023-06-08,114.1,959.41
8201,12,2023-06-09,98.7,1167.04
8202,12,2023-06-10,96.0,836.47
8203,12,2023-06-11,94.6,1176.02
8204,12,2023-06-12,116.7,1614.69
8205,12,2023-06-13,113.9,1076.5
8206,12,2023-06-14,107.2,1311.72
8207,12,2023-06-15,118.9,1455.94
8208,12,2023-06-16,102.4,1173.57
8209,12,2023-06-17,104.7,999.05
8210,12,2023-06-18,113.1,1386.81
8211,12,2023-06-19,97.8,1115.79
8212,12,2023-06-20,124.5,1832.48
8213,12,2023-06-21,101.9,966.19
8214,12,2023-06-22,109.4,1621.95
8215,12,2023-06-23,110.2,1115.93
8216,12,2023-06-24,108.5,1431.62
8217,12,2023-06-25,97.7,1158.23
8218,12,2023-06-26,115.7,1433.24
8219,12,2023-06-27,117.9,1630.29
8220,12,2023-06-28,105.8,1476.1
8221,12,2023-06-29,105.9,1130.3
8222,12,2023-06-30,118.8,1642.04
8223,12,2023-07-01,91.9,1061.56
8224,12,2023-07-02,105.8,951.46
8225,12,2023-07-03,96.9,951.73
8226,12,2023-07-04,117.4,1724.93
8227,12,2023-07-05,112.3,1388.99
8228,12,2023-07-06,112.1,1555.15
8229,12,2023-07-07,111.1,1635.85
8230,12,2023-07-08,118.9,1110.34
8231,12,2023-07-09,105.0,1228.8
8232,12,2023-07-10,111.5,988.02
8233,12,2023-07-11,126.1,1888.9
8234,12,2023-07-12,113.3,1680.28
8235,12,2023-07-13,105.4,1574.31
8236,12,2023-07-14,108.4,1213.35
8237,12,2023-07-15,102.6,1183.96
8238,12,2023-07-16,110.4,1630.25
8239,12,2023-07-17,107.3,1457.54
8240,12,2023-07-18,109.0,1006.97
8241,12,2023-07-19,112.9,975.43
8242,12,2023-07-20,118.9,1045.3
8243,12,2023-07-21,108.8,978.17
8244,12,2023-07-22,101.1,1139.48
8245,12,2023-07-23,112.3,1454.29
8246,12,2023-07-24,87.8,1123.16
8247,12,2023-07-25,80.1,863.97
8248,12,2023-07-26,117.1,1643.34
8249,12,2023-07-27,95.4,1259.22
8250,12,2023-07-28,98.5,1035.72
8251,12,2023-07-29,101.9,1315.49
8252,12,2023-07-30,113.8,946.06
8253,12,2023-07-31,92.0,1261.28
8254,12,2023-08-01,95.7,1412.93
8255,12,2023-08-02,117.1,1510.59
8256,12,2023-08-03,104.3,1541.42
8257,12,2023-08-04,108.3,879.23
8258,12,2023-08-05,121.6,1186.48
8259,12,2023-08-06,104.5,1204.78
8260,12,2023-08-07,104.0,1449.26
8261,12,2023-08-08,108.4,1572.02
8262,12,2023-08-09,114.4,1315.33
8263,12,2023-08-10,104.6,1039.39
8264,12,2023-08-11,114.2,1646.09
8265,12,2023-08-12,106.2,1094.01
8266,12,2023-08-13,84.0,1061.87
8267,12,2023-08-14,96.1,1278.15
8268,12,2023-08-15,101.6,849.01
8269,12,2023-08-16,89.7,801.37
8270,12,2023-08-17,109.6,1468.34
8271,12,2023-08-18,99.5,987.13
8272,12,2023-08-19,99.3,1202.24
8273,12,2023-08-20,101.8,1050.77
8274,12,2023-08-21,91.9,1304.0
8275,12,2023-08-22,110.2,1141.86
8276,12,2023-08-23,116.3,1501.02
8277,12,2023-08-24,108.0,1457.37
8278,12,2023-08-25,115.1,1524.99
8279,12,2023-08-26,89.6,1184.12
8280,12,2023-08-27,111.2,1050.89
8281,12,2023-08-28,110.9,1525.11
8282,12,2023-08-29,110.4,1248.57
8283,12,2023-08-30,109.7,1377.01
8284,12,2023-08-31,108.0,972.89
8285,12,2023-09-01,122.6,1647.18
8286,12,2023-09-02,92.9,1221.9
8287,12,2023-09-03,120.3,1711.73
8288,12,2023-09-04,111.5,1573.77
8289,12,2023-09-05,105.2,1452.74
8290,12,2023-09-06,108.8,1195.37
8291,12,2023-09-07,91.4,1254.56
8292,12,2023-09-08,100.7,1500.6
8293,12,2023-09-09,108.9,1602.87
8294,12,2023-09-10,115.3,1125.63
8295,12,2023-09-11,104.8,901.26
8296,12,2023-09-12,98.0,963.94
8297,12,2023-09-13,102.1,892.45
8298,12,2023-09-14,101.1,1483.15
8299,12,2023-09-15,101.0,1443.81
8300,12,2023-09-16,89.7,1143.4
8301,12,2023-09-17,118.0,1628.69
8302,12,2023-09-18,112.4,1589.35
8303,12,2023-09-19,111.9,1314.6
8304,12,2023-09-20,107.4,1067.32
8305,12,2023-09-21,105.7,1516.47
8306,12,2023-09-22,113.8,942.26
8307,12,2023-09-23,109.7,1069.25
8308,12,2023-09-24,103.5,1510.68
8309,12,2023-09-25,121.9,1717.13
8310,12,2023-09-26,112.1,1505.73
8311,12,2023-09-27,105.2,1346.0
8312,12,2023-09-28,104.7,1553.2
8313,12,2023-09-29,85.5,1152.23
8314,12,2023-09-30,96.5,880.56
8315,12,2023-10-01,90.0,1085.06
8316,12,2023-10-02,99.9,840.48
8317,12,2023-10-03,108.5,1009.53
8318,12,2023-10-04,98.8,953.25
8319,12,2023-10-05,101.0,1053.47
8320,12,2023-10-06,104.0,1340.73
8321,12,2023-10-07,119.8,1237.25
8322,12,2023-10-08,93.5,1296.22
8323,12,2023-10-09,96.4,1266.23
8324,12,2023-10-10,115.9,1690.93
8325,12,2023-10-11,101.9,1145.71
8326,12,2023-10-12,99.2,1139.44
8327,12,2023-10-13,88.0,1114.87
8328,12,2023-10-14,107.7,1348.33
8329,12,2023-10-15,95.8,1086.69
8330,12,2023-10-16,105.9,1111.66
8331,12,2023-10-17,111.5,1266.7
8332,12,2023-10-18,104.0,842.55
8333,12,2023-10-19,115.5,1554.26
8334,12,2023-10-20,102.0,1182.64
8335,12,2023-10-21,102.1,1220.05
8336,12,2023-10-22,89.7,1345.7
8337,12,2023-10-23,116.1,1328.69
8338,12,2023-10-24,113.0,1184.58
8339,12,2023-10-25,103.9,1554.11
8340,12,2023-10-26,116.1,1300.12
8341,12,2023-10-27,105.8,880.56
8342,12,2023-10-28,99.9,974.36
8343,12,2023-10-29,115.4,1322.39
8344,12,2023-10-30,97.0,795.35
8345,12,2023-10-31,92.2,1332.05
8346,12,2023-11-01,119.5,1373.37
8347,12,2023-11-02,95.5,1272.37
8348,12,2023-11-03,110.1,1437.0
8349,12,2023-11-04,120.6,1045.35
8350,12,2023-11-05,98.9,1075.76
8351,12,2023-11-06,103.0,1534.08
8352,12,2023-11-07,109.6,920.78
8353,12,2023-11-08,109.2,1255.64
8354,12,2023-11-09,118.2,1748.86
8355,12,2023-11-10,94.1,1347.2
8356,12,2023-11-11,111.3,1225.34
8357,12,2023-11-12,100.0,1395.12
8358,12,2023-11-13,114.2,1423.1
8359,12,2023-11-14,107.1,999.83
8360,12,2023-11-15,95.5,1039.34
8361,12,2023-11-16,105.2,1196.73
8362,12,2023-11-17,90.7,1044.33
8363,12,2023-11-18,110.7,1431.43
8364,12,2023-11-19,93.8,985.94
8365,12,2023-11-20,106.4,1381.68
8366,12,2023-11-21,111.0,1103.17
8367,12,2023-11-22,102.3,1086.19
8368,12,2023-11-23,104.5,1319.96
8369,12,2023-11-24,111.5,1001.43
8370,12,2023-11-25,106.8,1176.17
8371,12,2023-11-26,101.4,822.3
8372,12,2023-11-27,96.2,1374.48
8373,12,2023-11-28,113.8,958.32
8374,12,2023-11-29,104.2,999.2
8375,12,2023-11-30,97.4,1326.36
8376,12,2023-12-01,90.7,970.69
8377,12,2023-12-02,104.3,1158.94
8378,12,2023-12-03,101.7,1330.49
8379,12,2023-12-04,96.1,865.34
8380,12,2023-12-05,106.8,1419.04
8381,12,2023-12-06,96.2,821.74
8382,12,2023-12-07,115.9,937.29
8383,12,2023-12-08,99.4,879.41
8384,12,2023-12-09,90.4,789.04
8385,12,2023-12-10,104.8,1524.46
8386,12,2023-12-11,111.0,1156.63
8387,12,2023-12-12,93.9,1157.43
8388,12,2023-12-13,108.6,967.39
8389,12,2023-12-14,109.8,1135.14
8390,12,2023-12-15,103.9,1069.69
8391,12,2023-12-16,117.0,1399.87
8392,12,2023-12-17,96.2,1393.32
8393,12,2023-12-18,94.1,1089.51
8394,12,2023-12-19,98.3,1133.61
8395,12,2023-12-20,100.1,1087.32
8396,12,2023-12-21,99.5,1080.95
8397,12,2023-12-22,95.4,765.77
8398,12,2023-12-23,99.0,1463.84
8399,12,2023-12-24,102.6,1535.99
8400,12,2023-12-25,108.9,1384.89
8401,12,2023-12-26,104.8,1456.46
8402,12,2023-12-27,109.0,1557.65
8403,12,2023-12-28,97.4,907.36
8404,12,2023-12-29,102.1,864.69
8405,12,2023-12-30,99.5,878.64
8406,12,2023-12-31,91.6,839.46
8407,12,2024-01-01,85.3,961.96
8408,12,2024-01-02,96.8,1065.11
8409,12,2024-01-03,107.5,940.8
8410,12,2024-01-04,104.2,906.22
8411,12,2024-01-05,102.8,1374.02
8412,12,2024-01-06,113.0,1074.29
8413,12,2024-01-07,95.5,1362.18
8414,12,2024-01-08,105.0,1422.5
8415,12,2024-01-09,99.1,947.42
8416,12,2024-01-10,105.3,1268.17
8417,12,2024-01-11,110.0,1347.81
8418,12,2024-01-12,91.6,802.18
8419,12,2024-01-13,107.7,983.26
8420,12,2024-01-14,104.4,1271.24
8421,12,2024-01-15,97.8,979.0
8422,12,2024-01-16,84.4,883.97
8423,12,2024-01-17,102.5,1095.29
8424,12,2024-01-18,123.1,1449.51
8425,12,2024-01-19,89.0,1000.87
8426,12,2024-01-20,90.9,902.71
8427,12,2024-01-21,104.3,1449.88
8428,12,2024-01-22,90.9,824.46
8429,12,2024-01-23,108.4,1205.2
8430,12,2024-01-24,103.6,1542.08
8431,12,2024-01-25,93.3,1163.05
8432,12,2024-01-26,95.2,1013.6
8433,12,2024-01-27,89.3,1100.05
8434,12,2024-01-28,110.5,1097.67
8435,12,2024-01-29,110.7,1318.71
8436,12,2024-01-30,112.3,997.03
8437,12,2024-01-31,96.8,1377.77
8438,12,2024-02-01,94.3,868.37
8439,12,2024-02-02,102.4,1332.72
8440,12,2024-02-03,109.2,957.89
8441,12,2024-02-04,94.0,882.32
8442,12,2024-02-05,92.8,826.42
8443,12,2024-02-06,107.9,1206.65
8444,12,2024-02-07,90.9,1080.11
8445,12,2024-02-08,103.9,1402.11
8446,12,2024-02-09,99.4,810.31
8447,12,2024-02-10,96.2,1302.93
8448,12,2024-02-11,100.3,1320.55
8449,12,2024-02-12,99.9,1118.8
8450,12,2024-02-13,104.8,973.37
8451,12,2024-02-14,105.3,881.63
8452,12,2024-02-15,81.7,1062.56
8453,12,2024-02-16,113.0,1118.53
8454,12,2024-02-17,103.2,1478.6
8455,12,2024-02-18,107.3,1289.36
8456,12,2024-02-19,106.7,995.33
8457,12,2024-02-20,112.1,1670.09
8458,12,2024-02-21,110.3,1300.78
8459,12,2024-02-22,109.7,1629.83
8460,12,2024-02-23,91.6,846.6
8461,12,2024-02-24,105.8,972.41
8462,12,2024-02-25,84.3,687.15
8463,12,2024-02-26,109.2,906.57
8464,12,2024-02-27,98.2,1080.16
8465,12,2024-02-28,101.2,1482.54
8466,12,2024-02-29,103.8,855.87
8467,12,2024-03-01,108.1,1053.98
8468,12,2024-03-02,112.9,1304.31
8469,12,2024-03-03,112.9,1029.13
8470,12,2024-03-04,88.5,835.59
8471,12,2024-03-05,101.5,1163.71
8472,12,2024-03-06,90.3,832.81
8473,12,2024-03-07,94.4,877.97
8474,12,2024-03-08,113.2,1168.72
8475,12,2024-03-09,116.1,1319.89
8476,12,2024-03-10,105.5,1231.63
8477,12,2024-03-11,103.1,837.75
8478,12,2024-03-12,105.6,1241.26
8479,12,2024-03-13,112.2,1217.64
8480,12,2024-03-14,105.3,1078.48
8481,12,2024-03-15,91.0,955.21
8482,12,2024-03-16,100.1,1402.21
8483,12,2024-03-17,99.0,1482.2
8484,12,2024-03-18,92.5,852.66
8485,12,2024-03-19,107.8,1442.27
8486,12,2024-03-20,112.0,1283.32
8487,12,2024-03-21,96.3,1073.73
8488,12,2024-03-22,88.8,1282.93
8489,12,2024-03-23,95.9,1041.49
8490,12,2024-03-24,101.7,1110.26
8491,12,2024-03-25,101.8,1267.8
8492,12,2024-03-26,104.8,1361.93
8493,12,2024-03-27,106.6,1029.52
8494,12,2024-03-28,112.1,1583.23
8495,12,2024-03-29,109.0,1631.91
8496,12,2024-03-30,108.6,1479.23
8497,12,2024-03-31,100.8,1216.42
8498,12,2024-04-01,90.3,930.76
8499,12,2024-04-02,105.1,1370.79
8500,12,2024-04-03,106.3,1592.2
8501,12,2024-04-04,108.6,1287.52
8502,12,2024-04-05,92.9,946.62
8503,12,2024-04-06,111.3,1315.52
8504,12,2024-04-07,103.9,990.77
8505,12,2024-04-08,90.8,1345.42
8506,12,2024-04-09,87.1,700.61
8507,12,2024-04-10,100.6,1483.99
8508,12,2024-04-11,102.1,1099.64
8509,12,2024-04-12,93.7,937.47
8510,12,2024-04-13,101.4,873.68
8511,12,2024-04-14,103.0,1474.16
8512,12,2024-04-15,109.9,1409.07
8513,12,2024-04-16,100.7,1255.45
8514,12,2024-04-17,104.9,1261.79
8515,12,2024-04-18,111.2,1391.23
8516,12,2024-04-19,100.0,1361.4
8517,12,2024-04-20,95.2,1194.32
8518,12,2024-04-21,105.4,990.81
8519,12,2024-04-22,115.9,1735.89
8520,12,2024-04-23,107.7,884.45
8521,12,2024-04-24,111.0,1543.14
8522,12,2024-04-25,97.1,1277.36
8523,12,2024-04-26,97.7,841.84
8524,12,2024-04-27,106.4,894.32
8525,12,2024-04-28,104.3,1344.99
8526,12,2024-04-29,106.4,1104.55
8527,12,2024-04-30,104.3,880.69
8528,12,2024-05-01,99.2,1331.42
8529,12,2024-05-02,99.4,1312.31
8530,12,2024-05-03,99.9,1030.59
8531,12,2024-05-04,108.7,1276.46
8532,12,2024-05-05,109.3,1468.72
8533,12,2024-05-06,85.6,1124.81
8534,12,2024-05-07,105.7,1281.43
8535,12,2024-05-08,109.7,1554.92
8536,12,2024-05-09,101.3,1125.92
8537,12,2024-05-10,76.7,855.31
8538,12,2024-05-11,102.2,1458.05
8539,12,2024-05-12,96.7,1186.68
8540,12,2024-05-13,102.6,1536.58
8541,12,2024-05-14,111.9,1497.54
8542,12,2024-05-15,104.0,1086.71
8543,12,2024-05-16,112.4,1292.62
8544,12,2024-05-17,92.9,1113.71
8545,12,2024-05-18,108.3,1072.1
8546,12,2024-05-19,106.3,959.82
8547,12,2024-05-20,100.5,1044.65
8548,12,2024-05-21,83.4,999.29
8549,12,2024-05-22,100.0,1057.47
8550,12,2024-05-23,93.9,1102.98
8551,12,2024-05-24,85.2,1220.7
8552,12,2024-05-25,94.5,878.67
8553,12,2024-05-26,104.3,1228.22
8554,12,2024-05-27,101.7,1437.66
8555,12,2024-05-28,99.6,1115.26
8556,12,2024-05-29,90.3,727.45
8557,12,2024-05-30,81.6,1035.62
8558,12,2024-05-31,91.8,1338.04
8559,12,2024-06-01,97.4,1082.34
8560,12,2024-06-02,94.3,1054.81
8561,12,2024-06-03,96.9,793.8
8562,12,2024-06-04,112.7,1461.84
8563,12,2024-06-05,99.9,1205.63
8564,12,2024-06-06,108.5,992.19
8565,12,2024-06-07,93.3,1028.24
8566,12,2024-06-08,93.0,1348.05
8567,12,2024-06-09,87.3,861.08
8568,12,2024-06-10,100.3,1072.47
8569,12,2024-06-11,90.7,974.77
8570,12,2024-06-12,117.4,1403.82
8571,12,2024-06-13,97.8,798.81
8572,12,2024-06-14,98.4,960.11
8573,12,2024-06-15,97.0,1301.34
8574,12,2024-06-16,93.5,1217.05
8575,12,2024-06-17,108.6,1082.94
8576,12,2024-06-18,102.2,1451.12
8577,12,2024-06-19,85.4,925.82
8578,12,2024-06-20,85.2,739.89
8579,12,2024-06-21,88.0,749.73
8580,12,2024-06-22,89.3,809.55
8581,12,2024-06-23,95.9,850.15
8582,12,2024-06-24,106.8,1337.17
8583,12,2024-06-25,99.6,963.77
8584,12,2024-06-26,87.5,1270.6
8585,12,2024-06-27,91.5,887.59
8586,12,2024-06-28,84.5,1203.41
8587,12,2024-06-29,97.7,1230.75
8588,12,2024-06-30,106.2,972.42
8589,12,2024-07-01,116.5,1246.59
8590,12,2024-07-02,90.4,949.46
8591,12,2024-07-03,102.4,1012.61
8592,12,2024-07-04,114.4,1714.95
8593,12,2024-07-05,114.0,1456.39
8594,12,2024-07-06,106.4,1480.68
8595,12,2024-07-07,105.3,1347.83
8596,12,2024-07-08,101.6,1106.8
8597,12,2024-07-09,110.7,1459.35
8598,12,2024-07-10,92.0,1127.47
8599,12,2024-07-11,102.5,1216.5
8600,12,2024-07-12,97.0,1313.19
8601,12,2024-07-13,93.3,1317.51
8602,12,2024-07-14,88.7,740.53
8603,12,2024-07-15,73.0,967.7
8604,12,2024-07-16,116.1,1158.13
8605,12,2024-07-17,90.6,847.6
8606,12,2024-07-18,100.2,1502.02
8607,12,2024-07-19,102.7,1123.17
8608,12,2024-07-20,87.8,1246.34
8609,12,2024-07-21,103.5,835.97
8610,12,2024-07-22,111.4,1577.83
8611,12,2024-07-23,105.1,1205.7
8612,12,2024-07-24,97.8,1257.22
8613,12,2024-07-25,99.4,1030.37
8614,12,2024-07-26,97.1,1015.83
8615,12,2024-07-27,93.7,1334.12
8616,12,2024-07-28,89.6,947.76
8617,12,2024-07-29,94.9,1151.87
8618,12,2024-07-30,100.4,1142.05
8619,12,2024-07-31,111.7,1044.84
8620,12,2024-08-01,96.3,1149.01
8621,12,2024-08-02,96.5,924.89
8622,12,2024-08-03,93.1,1213.53
8623,12,2024-08-04,113.0,1311.23
8624,12,2024-08-05,97.8,841.47
8625,12,2024-08-06,104.8,1501.57
8626,12,2024-08-07,102.9,1235.2
8627,12,2024-08-08,105.5,958.89
8628,12,2024-08-09,105.5,965.36
8629,12,2024-08-10,96.4,1091.12
8630,12,2024-08-11,93.9,1407.0
8631,12,2024-08-12,112.8,1449.71
8632,12,2024-08-13,93.8,884.26
8633,12,2024-08-14,98.8,1274.85
8634,12,2024-08-15,92.1,1380.68
8635,12,2024-08-16,105.0,1120.96
8636,12,2024-08-17,95.7,1226.99
8637,12,2024-08-18,93.0,794.93
8638,12,2024-08-19,99.2,808.05
8639,12,2024-08-20,110.0,1013.1
8640,12,2024-08-21,91.8,1123.25
8641,12,2024-08-22,106.1,1441.59
8642,12,2024-08-23,92.3,1238.91
8643,12,2024-08-24,82.0,1120.62
8644,12,2024-08-25,99.8,928.43
8645,12,2024-08-26,90.2,1147.91
8646,12,2024-08-27,92.8,1188.22
8647,12,2024-08-28,89.2,775.73
8648,12,2024-08-29,113.7,1634.63
8649,12,2024-08-30,75.1,910.8
8650,12,2024-08-31,99.7,932.41
8651,12,2024-09-01,95.5,916.07
8652,12,2024-09-02,88.8,862.69
8653,12,2024-09-03,98.5,1120.81
8654,12,2024-09-04,106.3,1363.92
8655,12,2024-09-05,100.4,905.65
8656,12,2024-09-06,108.2,1090.24
8657,12,2024-09-07,114.8,1113.81
8658,12,2024-09-08,96.1,1128.59
8659,12,2024-09-09,93.1,1306.54
8660,12,2024-09-10,114.2,1609.31
8661,12,2024-09-11,101.7,867.35
8662,12,2024-09-12,97.3,781.07
8663,12,2024-09-13,109.8,1362.56
8664,12,2024-09-14,83.1,941.76
8665,12,2024-09-15,97.1,1356.01
8666,12,2024-09-16,97.0,1365.58
8667,12,2024-09-17,107.9,1314.34
8668,12,2024-09-18,108.5,1021.82
8669,12,2024-09-19,112.9,1327.92
8670,12,2024-09-20,91.8,746.18
8671,12,2024-09-21,103.5,1497.32
8672,12,2024-09-22,84.8,735.71
8673,12,2024-09-23,70.0,760.89
8674,12,2024-09-24,99.3,1374.61
8675,12,2024-09-25,92.0,778.13
8676,12,2024-09-26,95.9,795.49
8677,12,2024-09-27,111.4,1049.67
8678,12,2024-09-28,91.4,1145.21
8679,12,2024-09-29,87.5,1068.21
8680,12,2024-09-30,104.7,1339.24
8681,12,2024-10-01,79.1,976.2
8682,12,2024-10-02,93.5,1388.07
8683,12,2024-10-03,80.3,903.22
8684,12,2024-10-04,85.7,731.7
8685,12,2024-10-05,80.1,709.06
8686,12,2024-10-06,102.4,1153.44
8687,12,2024-10-07,98.8,982.67
8688,12,2024-10-08,84.4,966.89
8689,12,2024-10-09,82.5,1064.45
8690,12,2024-10-10,93.0,826.74
8691,12,2024-10-11,96.9,1092.0
8692,12,2024-10-12,115.5,1325.97
8693,12,2024-10-13,79.1,909.22
8694,12,2024-10-14,86.4,1011.24
8695,12,2024-10-15,106.7,1135.6
8696,12,2024-10-16,105.8,1152.49
8697,12,2024-10-17,102.6,1145.87
8698,12,2024-10-18,77.3,1100.33
8699,12,2024-10-19,102.3,1325.97
8700,12,2024-10-20,99.5,1472.45
8701,12,2024-10-21,100.0,910.36
8702,12,2024-10-22,97.7,817.65
8703,12,2024-10-23,99.3,1084.22
8704,12,2024-10-24,97.2,921.55
8705,12,2024-10-25,115.8,1182.23
8706,12,2024-10-26,99.5,1293.63
8707,12,2024-10-27,87.9,931.76
8708,12,2024-10-28,86.1,926.49
8709,12,2024-10-29,98.7,1042.14
8710,12,2024-10-30,93.5,1323.97
8711,12,2024-10-31,75.5,877.71
8712,12,2024-11-01,100.5,1032.41
8713,12,2024-11-02,89.8,1108.74
8714,12,2024-11-03,98.6,978.9
8715,12,2024-11-04,96.9,1167.21
8716,12,2024-11-05,93.5,1027.09
8717,12,2024-11-06,88.5,1024.76
8718,12,2024-11-07,98.8,1134.23
8719,12,2024-11-08,97.8,1335.44
8720,12,2024-11-09,91.0,1205.53
8721,12,2024-11-10,99.9,1038.66
8722,12,2024-11-11,93.6,1368.27
8723,12,2024-11-12,96.2,1171.18
8724,12,2024-11-13,89.4,870.65
8725,12,2024-11-14,101.7,826.29
8726,12,2024-11-15,107.7,1320.62
8727,12,2024-11-16,83.9,1255.91
8728,12,2024-11-17,95.9,1369.92
8729,12,2024-11-18,99.4,1015.73
8730,12,2024-11-19,80.2,1077.32
8731,12,2024-11-20,94.5,1288.82
8732,12,2024-11-21,101.5,1165.66
8733,12,2024-11-22,101.7,1177.11
8734,12,2024-11-23,94.9,1069.19
8735,12,2024-11-24,85.8,881.06
8736,12,2024-11-25,103.6,1504.96
8737,12,2024-11-26,104.5,1034.21
8738,12,2024-11-27,100.7,1188.51
8739,12,2024-11-28,96.4,1033.02
8740,12,2024-11-29,85.1,775.89
8741,12,2024-11-30,108.9,1526.02
8742,12,2024-12-01,99.2,1280.56
8743,12,2024-12-02,88.3,855.21
8744,12,2024-12-03,82.1,693.82
8745,12,2024-12-04,80.5,1092.63
8746,12,2024-12-05,98.0,789.15
8747,12,2024-12-06,104.6,1520.11
8748,12,2024-12-07,103.9,983.37
8749,12,2024-12-08,88.5,1046.66
8750,12,2024-12-09,107.8,1355.45
8751,12,2024-12-10,108.9,934.07
8752,12,2024-12-11,103.5,1085.5
8753,12,2024-12-12,81.6,751.27
8754,12,2024-12-13,91.8,824.09
8755,12,2024-12-14,94.7,799.76
8756,12,2024-12-15,75.5,1104.72
8757,12,2024-12-16,102.6,944.54
8758,12,2024-12-17,103.6,1266.15
8759,12,2024-12-18,98.9,1308.67
8760,12,2024-12-19,95.8,1152.97
8761,12,2024-12-20,94.0,762.41
8762,12,2024-12-21,97.2,1247.2
8763,12,2024-12-22,88.0,1090.91
8764,12,2024-12-23,103.7,1495.12
8765,12,2024-12-24,86.3,754.53
8766,12,2024-12-25,89.5,797.8
8767,12,2024-12-26,79.4,1027.71
8768,12,2024-12-27,89.4,1259.28
8769,12,2024-12-28,96.9,844.38
8770,12,2024-12-29,108.5,1407.09
8771,12,2024-12-30,89.3,1240.48
8772,12,2024-12-31,93.4,967.92
8773,13,2023-01-01,284.5,3047.46
8774,13,2023-01-02,250.4,2101.37
8775,13,2023-01-03,271.2,3291.81
8776,13,2023-01-04,291.5,4138.72
8777,13,2023-01-05,301.5,4342.98
8778,13,2023-01-06,266.8,2459.32
8779,13,2023-01-07,293.4,4196.52
8780,13,2023-01-08,261.4,3342.7
8781,13,2023-01-09,276.1,3315.23
8782,13,2023-01-10,253.6,2529.06
8783,13,2023-01-11,268.8,2862.52
8784,13,2023-01-12,270.3,3473.11
8785,13,2023-01-13,291.0,2604.24
8786,13,2023-01-14,258.5,2865.14
8787,13,2023-01-15,258.3,3147.81
8788,13,2023-01-16,283.8,3857.48
8789,13,2023-01-17,281.4,3902.6
8790,13,2023-01-18,330.7,4927.34
8791,13,2023-01-19,287.0,2457.8
8792,13,2023-01-20,254.1,2108.84
8793,13,2023-01-21,237.6,2121.03
8794,13,2023-01-22,282.9,4085.75
8795,13,2023-01-23,243.6,3412.03
8796,13,2023-01-24,252.5,3088.38
8797,13,2023-01-25,268.2,3888.76
8798,13,2023-01-26,248.0,3547.99
8799,13,2023-01-27,271.3,2463.51
8800,13,2023-01-28,268.5,3150.99
8801,13,2023-01-29,256.0,3406.63
8802,13,2023-01-30,296.9,3765.48
8803,13,2023-01-31,233.7,2988.17
8804,13,2023-02-01,254.9,3479.92
8805,13,2023-02-02,283.3,2381.3
8806,13,2023-02-03,266.4,2142.86
8807,13,2023-02-04,260.7,3904.99
8808,13,2023-02-05,275.0,3634.07
8809,13,2023-02-06,264.4,2310.48
8810,13,2023-02-07,285.9,3317.79
8811,13,2023-02-08,288.2,3578.81
8812,13,2023-02-09,301.8,4014.03
8813,13,2023-02-10,289.3,3108.63
8814,13,2023-02-11,248.6,2110.47
8815,13,2023-02-12,287.2,4098.73
8816,13,2023-02-13,260.9,2604.04
8817,13,2023-02-14,277.1,4073.69
8818,13,2023-02-15,281.4,3953.44
8819,13,2023-02-16,257.0,2953.38
8820,13,2023-02-17,267.0,2186.19
8821,13,2023-02-18,264.5,3348.59
8822,13,2023-02-19,261.5,3025.4
8823,13,2023-02-20,286.8,2546.1
8824,13,2023-02-21,234.8,3120.69
8825,13,2023-02-22,253.3,3101.06
8826,13,2023-02-23,289.4,3335.08
8827,13,2023-02-24,271.4,4070.11
8828,13,2023-02-25,268.9,2338.76
8829,13,2023-02-26,300.2,3033.56
8830,13,2023-02-27,274.3,2695.41
8831,13,2023-02-28,266.6,3348.8
8832,13,2023-03-01,288.3,3800.27
8833,13,2023-03-02,286.3,4084.95
8834,13,2023-03-03,297.9,4272.11
8835,13,2023-03-04,287.4,2450.56
8836,13,2023-03-05,253.9,2596.0
8837,13,2023-03-06,301.5,3617.65
8838,13,2023-03-07,252.7,2211.77
8839,13,2023-03-08,316.1,4479.59
8840,13,2023-03-09,289.8,2460.81
8841,13,2023-03-10,296.6,2443.72
8842,13,2023-03-11,249.3,2349.34
8843,13,2023-03-12,288.3,2883.63
8844,13,2023-03-13,249.1,3038.73
8845,13,2023-03-14,266.1,2502.59
8846,13,2023-03-15,228.4,1852.1
8847,13,2023-03-16,254.1,3036.12
8848,13,2023-03-17,242.2,3537.57
8849,13,2023-03-18,263.2,3299.55
8850,13,2023-03-19,276.0,2435.73
8851,13,2023-03-20,271.7,3320.12
8852,13,2023-03-21,323.6,4125.17
8853,13,2023-03-22,279.8,3365.71
8854,13,2023-03-23,282.6,3892.44
8855,13,2023-03-24,281.1,4173.68
8856,13,2023-03-25,260.7,2298.2
8857,13,2023-03-26,258.2,3469.09
8858,13,2023-03-27,270.9,3966.84
8859,13,2023-03-28,215.8,3096.96
8860,13,2023-03-29,272.6,2435.51
8861,13,2023-03-30,267.9,3192.4
8862,13,2023-03-31,292.6,3422.36
8863,13,2023-04-01,285.9,4191.42
8864,13,2023-04-02,276.5,3821.03
8865,13,2023-04-03,260.7,2975.89
8866,13,2023-04-04,250.1,3585.46
8867,13,2023-04-05,282.5,4205.07
8868,13,2023-04-06,273.5,3334.09
8869,13,2023-04-07,282.4,3929.38
8870,13,2023-04-08,293.8,2520.01
8871,13,2023-04-09,245.9,2167.24
8872,13,2023-04-10,285.9,4074.3
8873,13,2023-04-11,244.7,2619.7
8874,13,2023-04-12,288.4,4272.22
8875,13,2023-04-13,272.1,3501.81
8876,13,2023-04-14,276.0,3584.27
8877,13,2023-04-15,292.4,3145.02
8878,13,2023-04-16,243.3,2841.21
8879,13,2023-04-17,226.0,2541.93
8880,13,2023-04-18,297.6,2814.69
8881,13,2023-04-19,303.7,3343.58
8882,13,2023-04-20,285.7,4240.31
8883,13,2023-04-21,275.6,3330.32
8884,13,2023-04-22,259.0,2138.02
8885,13,2023-04-23,277.9,3282.12
8886,13,2023-04-24,269.3,2976.67
8887,13,2023-04-25,293.3,3100.38
8888,13,2023-04-26,268.2,3758.75
8889,13,2023-04-27,279.7,2518.88
8890,13,2023-04-28,230.3,3173.11
8891,13,2023-04-29,277.4,2269.8
8892,13,2023-04-30,310.2,3527.03
8893,13,2023-05-01,262.8,3677.59
8894,13,2023-05-02,241.4,3232.01
8895,13,2023-05-03,274.0,3208.82
8896,13,2023-05-04,292.8,4189.32
8897,13,2023-05-05,285.4,3779.86
8898,13,2023-05-06,320.3,3089.5
8899,13,2023-05-07,274.4,3354.28
8900,13,2023-05-08,295.5,2549.76
8901,13,2023-05-09,257.5,2805.95
8902,13,2023-05-10,233.5,3140.73
8903,13,2023-05-11,253.9,3066.27
8904,13,2023-05-12,259.7,3195.49
8905,13,2023-05-13,267.6,3363.6
8906,13,2023-05-14,291.3,2708.8
8907,13,2023-05-15,262.8,2813.93
8908,13,2023-05-16,281.9,2724.84
8909,13,2023-05-17,276.3,2929.75
8910,13,2023-05-18,276.0,2802.15
8911,13,2023-05-19,281.6,3482.31
8912,13,2023-05-20,279.0,4042.53
8913,13,2023-05-21,249.0,2305.39
8914,13,2023-05-22,264.4,3354.87
8915,13,2023-05-23,247.4,2485.15
8916,13,2023-05-24,265.5,3109.83
8917,13,2023-05-25,266.8,2547.93
8918,13,2023-05-26,283.5,3654.24
8919,13,2023-05-27,280.3,2741.36
8920,13,2023-05-28,293.9,4124.14
8921,13,2023-05-29,219.6,2685.96
8922,13,2023-05-30,276.6,3569.65
8923,13,2023-05-31,288.6,3577.53
8924,13,2023-06-01,275.7,3900.98
8925,13,2023-06-02,233.5,2738.53
8926,13,2023-06-03,291.6,2508.64
8927,13,2023-06-04,288.2,3639.84
8928,13,2023-06-05,255.4,2341.07
8929,13,2023-06-06,247.4,3461.06
8930,13,2023-06-07,267.6,2345.46
8931,13,2023-06-08,296.7,3355.11
8932,13,2023-06-09,307.6,3059.92
8933,13,2023-06-10,299.7,3995.81
8934,13,2023-06-11,263.0,3464.43
8935,13,2023-06-12,258.3,2245.74
8936,13,2023-06-13,281.2,3944.95
8937,13,2023-06-14,282.5,3458.03
8938,13,2023-06-15,291.7,3082.97
8939,13,2023-06-16,286.8,4127.28
8940,13,2023-06-17,246.8,2729.26
8941,13,2023-06-18,247.9,2024.69
8942,13,2023-06-19,251.3,2925.45
8943,13,2023-06-20,277.1,3150.88
8944,13,2023-06-21,289.7,4325.92
8945,13,2023-06-22,289.8,3863.42
8946,13,2023-06-23,269.2,2777.63
8947,13,2023-06-24,218.3,1954.65
8948,13,2023-06-25,272.9,2864.82
8949,13,2023-06-26,278.0,2764.66
8950,13,2023-06-27,281.6,2977.75
8951,13,2023-06-28,242.7,2796.32
8952,13,2023-06-29,311.3,4011.92
8953,13,2023-06-30,241.2,2808.83
8954,13,2023-07-01,268.2,2813.99
8955,13,2023-07-02,249.5,2762.61
8956,13,2023-07-03,244.7,3476.5
8957,13,2023-07-04,290.4,3280.78
8958,13,2023-07-05,297.9,2386.63
8959,13,2023-07-06,294.6,3156.88
8960,13,2023-07-07,259.4,3099.07
8961,13,2023-07-08,263.4,3211.22
8962,13,2023-07-09,275.3,2547.05
8963,13,2023-07-10,275.0,2648.22
8964,13,2023-07-11,255.1,2511.98
8965,13,2023-07-12,236.7,2209.7
8966,13,2023-07-13,306.6,3422.28
8967,13,2023-07-14,268.4,2773.93
8968,13,2023-07-15,276.4,2455.38
8969,13,2023-07-16,299.8,2969.22
8970,13,2023-07-17,245.4,1974.67
8971,13,2023-07-18,258.2,3089.76
8972,13,2023-07-19,226.9,2901.33
8973,13,2023-07-20,269.9,2662.53
8974,13,2023-07-21,255.2,3734.8
8975,13,2023-07-22,254.1,2106.3
8976,13,2023-07-23,265.0,2612.53
8977,13,2023-07-24,281.8,3925.62
8978,13,2023-07-25,247.5,2521.52
8979,13,2023-07-26,306.3,3304.59
8980,13,2023-07-27,282.8,2393.85
8981,13,2023-07-28,279.9,3854.75
8982,13,2023-07-29,264.4,2275.42
8983,13,2023-07-30,286.5,3266.02
8984,13,2023-07-31,254.7,3392.8
8985,13,2023-08-01,256.9,3059.17
8986,13,2023-08-02,283.8,2494.69
8987,13,2023-08-03,301.6,3109.26
8988,13,2023-08-04,243.9,3072.94
8989,13,2023-08-05,288.7,3036.61
8990,13,2023-08-06,249.8,3381.1
8991,13,2023-08-07,262.8,2955.81
8992,13,2023-08-08,250.0,2741.45
8993,13,2023-08-09,233.5,3484.8
8994,13,2023-08-10,225.7,2110.38
8995,13,2023-08-11,277.0,3018.32
8996,13,2023-08-12,304.1,3781.23
8997,13,2023-08-13,268.1,3767.8
8998,13,2023-08-14,296.1,2563.44
8999,13,2023-08-15,241.6,2587.08
9000,13,2023-08-16,296.9,3562.42
9001,13,2023-08-17,218.6,2220.66
9002,13,2023-08-18,261.6,3225.24
9003,13,2023-08-19,225.6,2128.07
9004,13,2023-08-20,271.8,3647.85
9005,13,2023-08-21,257.2,2528.61
9006,13,2023-08-22,284.1,2748.65
9007,13,2023-08-23,276.4,2355.66
9008,13,2023-08-24,278.9,3856.23
9009,13,2023-08-25,265.4,2719.85
9010,13,2023-08-26,302.9,4292.61
9011,13,2023-08-27,241.8,2718.9
9012,13,2023-08-28,292.0,4138.23
9013,13,2023-08-29,276.3,3627.12
9014,13,2023-08-30,285.6,2363.43
9015,13,2023-08-31,305.4,2486.99
9016,13,2023-09-01,289.7,4028.3
9017,13,2023-09-02,279.9,3377.08
9018,13,2023-09-03,290.6,4039.25
9019,13,2023-09-04,290.3,2961.19
9020,13,2023-09-05,255.2,3448.06
9021,13,2023-09-06,247.9,2644.79
9022,13,2023-09-07,267.2,2574.19
9023,13,2023-09-08,278.3,4032.92
9024,13,2023-09-09,276.1,3859.14
9025,13,2023-09-10,284.0,2533.28
9026,13,2023-09-11,284.4,3592.5
9027,13,2023-09-12,290.2,3734.66
9028,13,2023-09-13,267.5,3920.55
9029,13,2023-09-14,304.5,4312.14
9030,13,2023-09-15,243.6,2382.64
9031,13,2023-09-16,270.3,3054.04
9032,13,2023-09-17,259.2,2629.99
9033,13,2023-09-18,277.8,3890.72
9034,13,2023-09-19,281.7,2573.01
9035,13,2023-09-20,244.6,3661.83
9036,13,2023-09-21,278.3,3255.71
9037,13,2023-09-22,264.9,3354.24
9038,13,2023-09-23,274.4,3947.9
9039,13,2023-09-24,229.6,2041.38
9040,13,2023-09-25,275.7,2777.1
9041,13,2023-09-26,299.3,2768.83
9042,13,2023-09-27,249.1,2177.86
9043,13,2023-09-28,251.6,3119.1
9044,13,2023-09-29,220.3,2853.09
9045,13,2023-09-30,262.3,3068.4
9046,13,2023-10-01,283.0,2989.35
9047,13,2023-10-02,250.7,3166.2
9048,13,2023-10-03,306.3,4494.89
9049,13,2023-10-04,251.4,2339.16
9050,13,2023-10-05,251.5,3287.13
9051,13,2023-10-06,250.3,2263.91
9052,13,2023-10-07,300.4,3647.82
9053,13,2023-10-08,281.5,3122.21
9054,13,2023-10-09,263.2,2645.19
9055,13,2023-10-10,246.3,2938.46
9056,13,2023-10-11,275.0,2307.74
9057,13,2023-10-12,284.0,3307.02
9058,13,2023-10-13,321.2,4108.4
9059,13,2023-10-14,268.1,2978.38
9060,13,2023-10-15,256.2,2873.81
9061,13,2023-10-16,250.7,2903.63
9062,13,2023-10-17,305.2,4070.96
9063,13,2023-10-18,279.4,2373.05
9064,13,2023-10-19,255.9,2912.68
9065,13,2023-10-20,252.0,3376.49
9066,13,2023-10-21,282.6,2590.93
9067,13,2023-10-22,265.9,3401.28
9068,13,2023-10-23,300.3,4330.78
9069,13,2023-10-24,237.6,3343.25
9070,13,2023-10-25,258.3,2358.33
9071,13,2023-10-26,283.6,3608.01
9072,13,2023-10-27,273.6,2563.12
9073,13,2023-10-28,258.9,2780.03
9074,13,2023-10-29,254.7,2321.68
9075,13,2023-10-30,256.7,3735.67
9076,13,2023-10-31,294.5,4092.47
9077,13,2023-11-01,263.0,3160.66
9078,13,2023-11-02,280.6,2876.27
9079,13,2023-11-03,283.0,3884.32
9080,13,2023-11-04,236.8,2049.84
9081,13,2023-11-05,249.7,3392.49
9082,13,2023-11-06,254.2,3694.94
9083,13,2023-11-07,264.3,3806.92
9084,13,2023-11-08,253.3,2637.19
9085,13,2023-11-09,256.5,2849.68
9086,13,2023-11-10,275.3,3172.07
9087,13,2023-11-11,250.9,2471.67
9088,13,2023-11-12,290.4,2938.92
9089,13,2023-11-13,291.5,4027.12
9090,13,2023-11-14,272.0,2286.63
9091,13,2023-11-15,300.7,2577.17
9092,13,2023-11-16,258.4,2140.23
9093,13,2023-11-17,295.0,3437.97
9094,13,2023-11-18,249.0,2719.11
9095,13,2023-11-19,281.2,3796.46
9096,13,2023-11-20,283.3,3178.57
9097,13,2023-11-21,287.6,4257.66
9098,13,2023-11-22,286.6,2674.8
9099,13,2023-11-23,271.2,4020.29
9100,13,2023-11-24,238.8,2896.01
9101,13,2023-11-25,313.2,2667.36
9102,13,2023-11-26,274.3,3759.59
9103,13,2023-11-27,245.4,3046.47
9104,13,2023-11-28,278.7,3392.26
9105,13,2023-11-29,266.0,2856.02
9106,13,2023-11-30,263.9,2564.06
9107,13,2023-12-01,277.8,3138.51
9108,13,2023-12-02,234.8,2974.85
9109,13,2023-12-03,270.9,3271.37
9110,13,2023-12-04,275.8,3842.52
9111,13,2023-12-05,244.7,2497.16
9112,13,2023-12-06,277.5,3644.55
9113,13,2023-12-07,285.8,2395.6
9114,13,2023-12-08,273.8,3275.3
9115,13,2023-12-09,263.3,2391.59
9116,13,2023-12-10,277.8,2903.88
9117,13,2023-12-11,245.7,2714.42
9118,13,2023-12-12,274.3,4048.88
9119,13,2023-12-13,308.0,3105.58
9120,13,2023-12-14,230.6,2719.85
9121,13,2023-12-15,265.8,2701.68
9122,13,2023-12-16,273.5,3112.5
9123,13,2023-12-17,265.9,3273.62
9124,13,2023-12-18,268.0,4015.71
9125,13,2023-12-19,287.7,2310.94
9126,13,2023-12-20,236.5,2893.02
9127,13,2023-12-21,299.6,3537.73
9128,13,2023-12-22,212.5,1963.29
9129,13,2023-12-23,274.7,2717.3
9130,13,2023-12-24,301.1,4384.85
9131,13,2023-12-25,277.6,2787.44
9132,13,2023-12-26,216.3,2216.93
9133,13,2023-12-27,288.7,4084.45
9134,13,2023-12-28,296.4,4240.87
9135,13,2023-12-29,308.8,2494.09
9136,13,2023-12-30,280.3,3902.59
9137,13,2023-12-31,287.3,2663.6
9138,13,2024-01-01,269.8,2824.06
9139,13,2024-01-02,242.0,2006.6
9140,13,2024-01-03,237.5,2363.8
9141,13,2024-01-04,283.7,2969.12
9142,13,2024-01-05,258.6,2878.37
9143,13,2024-01-06,247.5,3695.95
9144,13,2024-01-07,261.3,3600.42
9145,13,2024-01-08,233.8,2932.46
9146,13,2024-01-09,326.1,3353.53
9147,13,2024-01-10,264.9,3943.32
9148,13,2024-01-11,255.0,2365.84
9149,13,2024-01-12,262.0,2319.74
9150,13,2024-01-13,267.8,3242.78
9151,13,2024-01-14,279.7,3033.33
9152,13,2024-01-15,261.3,2470.68
9153,13,2024-01-16,298.6,2429.66
9154,13,2024-01-17,272.2,3140.9
9155,13,2024-01-18,260.3,3727.96
9156,13,2024-01-19,272.2,2681.44
9157,13,2024-01-20,274.4,2531.69
9158,13,2024-01-21,241.1,3075.35
9159,13,2024-01-22,245.4,3530.3
9160,13,2024-01-23,266.7,3390.46
9161,13,2024-01-24,219.8,1965.9
9162,13,2024-01-25,284.6,3686.1
9163,13,2024-01-26,262.0,3003.05
9164,13,2024-01-27,271.5,3093.89
9165,13,2024-01-28,292.7,2545.6
9166,13,2024-01-29,253.9,2395.46
9167,13,2024-01-30,282.8,3739.37
9168,13,2024-01-31,258.2,2217.88
9169,13,2024-02-01,285.7,2849.08
9170,13,2024-02-02,292.6,2372.86
9171,13,2024-02-03,260.0,3566.56
9172,13,2024-02-04,256.2,2884.32
9173,13,2024-02-05,284.1,2505.13
9174,13,2024-02-06,256.4,2116.23
9175,13,2024-02-07,231.5,2385.33
9176,13,2024-02-08,291.3,3731.6
9177,13,2024-02-09,257.1,2641.99
9178,13,2024-02-10,286.2,3358.92
9179,13,2024-02-11,242.1,3482.99
9180,13,2024-02-12,279.7,3518.32
9181,13,2024-02-13,284.0,4075.82
9182,13,2024-02-14,272.1,2435.32
9183,13,2024-02-15,276.0,4057.4
9184,13,2024-02-16,254.2,3220.22
9185,13,2024-02-17,304.3,2921.71
9186,13,2024-02-18,248.6,3725.45
9187,13,2024-02-19,282.6,3113.5
9188,13,2024-02-20,264.2,3829.49
9189,13,2024-02-21,292.6,4288.39
9190,13,2024-02-22,250.3,3134.52
9191,13,2024-02-23,251.7,2848.57
9192,13,2024-02-24,273.3,3883.17
9193,13,2024-02-25,283.1,3603.99
9194,13,2024-02-26,251.7,2406.91
9195,13,2024-02-27,254.3,2256.77
9196,13,2024-02-28,229.7,3305.52
9197,13,2024-02-29,249.8,2522.34
9198,13,2024-03-01,296.1,3798.69
9199,13,2024-03-02,234.3,2580.14
9200,13,2024-03-03,257.5,3629.9
9201,13,2024-03-04,262.3,3865.6
9202,13,2024-03-05,252.9,2049.53
9203,13,2024-03-06,260.4,2428.9
9204,13,2024-03-07,285.0,2310.07
9205,13,2024-03-08,268.2,3683.51
9206,13,2024-03-09,261.9,3722.17
9207,13,2024-03-10,280.6,2256.17
9208,13,2024-03-11,267.9,2394.3
9209,13,2024-03-12,287.2,4077.37
9210,13,2024-03-13,251.3,3097.76
9211,13,2024-03-14,300.4,2783.73
9212,13,2024-03-15,242.2,2713.43
9213,13,2024-03-16,244.9,2016.97
9214,13,2024-03-17,266.6,3532.48
9215,13,2024-03-18,221.6,2450.66
9216,13,2024-03-19,275.4,4048.95
9217,13,2024-03-20,247.6,2784.67
9218,13,2024-03-21,260.7,3268.65
9219,13,2024-03-22,248.7,2515.28
9220,13,2024-03-23,215.2,2726.16
9221,13,2024-03-24,268.0,3692.96
9222,13,2024-03-25,312.4,4326.77
9223,13,2024-03-26,258.8,2116.74
9224,13,2024-03-27,272.9,4061.15
9225,13,2024-03-28,267.6,4001.38
9226,13,2024-03-29,277.8,3721.17
9227,13,2024-03-30,212.8,2585.0
9228,13,2024-03-31,274.2,3184.2
9229,13,2024-04-01,265.8,3681.52
9230,13,2024-04-02,270.7,3707.83
9231,13,2024-04-03,238.7,3008.27
9232,13,2024-04-04,283.8,2557.94
9233,13,2024-04-05,246.9,2462.74
9234,13,2024-04-06,260.9,2248.34
9235,13,2024-04-07,263.9,3776.44
9236,13,2024-04-08,273.9,4053.68
9237,13,2024-04-09,263.6,3546.08
9238,13,2024-04-10,284.9,2586.08
9239,13,2024-04-11,247.4,2223.72
9240,13,2024-04-12,304.9,3982.5
9241,13,2024-04-13,303.8,3319.15
9242,13,2024-04-14,277.0,2344.71
9243,13,2024-04-15,240.6,1939.13
9244,13,2024-04-16,240.5,1940.44
9245,13,2024-04-17,292.1,3613.34
9246,13,2024-04-18,245.8,2377.4
9247,13,2024-04-19,302.0,3521.11
9248,13,2024-04-20,291.0,3389.54
9249,13,2024-04-21,245.7,2628.29
9250,13,2024-04-22,258.6,2694.02
9251,13,2024-04-23,289.0,3071.74
9252,13,2024-04-24,271.5,3520.99
9253,13,2024-04-25,253.3,3625.53
9254,13,2024-04-26,278.4,2364.81
9255,13,2024-04-27,288.6,4138.55
9256,13,2024-04-28,229.4,2245.52
9257,13,2024-04-29,282.5,2576.24
9258,13,2024-04-30,286.9,3257.83
9259,13,2024-05-01,222.9,3000.38
9260,13,2024-05-02,261.3,3783.31
9261,13,2024-05-03,258.9,3584.99
9262,13,2024-05-04,247.7,2204.55
9263,13,2024-05-05,284.8,4236.63
9264,13,2024-05-06,239.9,3258.28
9265,13,2024-05-07,250.6,3164.88
9266,13,2024-05-08,290.8,2556.69
9267,13,2024-05-09,264.9,3303.85
9268,13,2024-05-10,270.5,3822.33
9269,13,2024-05-11,234.6,2114.81
9270,13,2024-05-12,238.3,3337.62
9271,13,2024-05-13,271.5,3349.97
9272,13,2024-05-14,244.8,3448.66
9273,13,2024-05-15,227.3,3368.04
9274,13,2024-05-16,306.5,2943.31
9275,13,2024-05-17,256.9,3809.15
9276,13,2024-05-18,260.3,3369.92
9277,13,2024-05-19,274.2,2726.18
9278,13,2024-05-20,263.0,3411.56
9279,13,2024-05-21,290.1,3602.22
9280,13,2024-05-22,279.8,2428.97
9281,13,2024-05-23,291.5,4248.63
9282,13,2024-05-24,276.3,3378.55
9283,13,2024-05-25,280.3,2563.08
9284,13,2024-05-26,253.7,2068.79
9285,13,2024-05-27,268.2,2276.42
9286,13,2024-05-28,283.4,3417.4
9287,13,2024-05-29,270.9,3599.93
9288,13,2024-05-30,256.1,3132.28
9289,13,2024-05-31,279.6,3035.18
9290,13,2024-06-01,246.5,2853.76
9291,13,2024-06-02,262.4,3250.3
9292,13,2024-06-03,285.3,4203.18
9293,13,2024-06-04,311.5,3765.78
9294,13,2024-06-05,227.1,2199.21
9295,13,2024-06-06,284.3,2699.57
9296,13,2024-06-07,285.2,2308.18
9297,13,2024-06-08,251.9,3104.79
9298,13,2024-06-09,245.9,2204.34
9299,13,2024-06-10,242.8,2042.23
9300,13,2024-06-11,289.0,3295.52
9301,13,2024-06-12,249.0,2470.0
9302,13,2024-06-13,230.7,2128.81
9303,13,2024-06-14,273.4,2696.49
9304,13,2024-06-15,262.2,2714.21
9305,13,2024-06-16,259.1,3603.31
9306,13,2024-06-17,219.2,2370.34
9307,13,2024-06-18,259.9,3707.48
9308,13,2024-06-19,267.8,2489.82
9309,13,2024-06-20,265.1,2955.95
9310,13,2024-06-21,233.8,3041.8
9311,13,2024-06-22,264.2,2728.12
9312,13,2024-06-23,249.8,3101.21
9313,13,2024-06-24,292.9,3718.52
9314,13,2024-06-25,257.5,2089.99
9315,13,2024-06-26,252.4,2766.91
9316,13,2024-06-27,250.3,3030.74
9317,13,2024-06-28,252.4,3050.35
9318,13,2024-06-29,235.7,2518.26
9319,13,2024-06-30,263.5,2705.43
9320,13,2024-07-01,238.5,3351.06
9321,13,2024-07-02,249.8,2265.44
9322,13,2024-07-03,276.7,2886.79
9323,13,2024-07-04,279.3,2824.09
9324,13,2024-07-05,260.9,3671.25
9325,13,2024-07-06,286.4,3698.2
9326,13,2024-07-07,264.2,3424.33
9327,13,2024-07-08,291.1,2847.41
9328,13,2024-07-09,265.4,3808.91
9329,13,2024-07-10,244.1,3631.52
9330,13,2024-07-11,307.9,4321.56
9331,13,2024-07-12,247.3,3663.95
9332,13,2024-07-13,283.7,3745.46
9333,13,2024-07-14,279.8,2555.76
9334,13,2024-07-15,267.8,2402.67
9335,13,2024-07-16,249.3,3153.18
9336,13,2024-07-17,265.8,2574.49
9337,13,2024-07-18,258.7,2913.3
9338,13,2024-07-19,242.5,2229.72
9339,13,2024-07-20,261.5,3482.89
9340,13,2024-07-21,252.3,3561.8
9341,13,2024-07-22,264.9,2607.52
9342,13,2024-07-23,243.2,2583.9
9343,13,2024-07-24,259.4,2738.49
9344,13,2024-07-25,275.9,2611.76
9345,13,2024-07-26,262.4,3146.85
9346,13,2024-07-27,275.8,3081.77
9347,13,2024-07-28,280.1,2296.44
9348,13,2024-07-29,250.3,3212.04
9349,13,2024-07-30,239.9,2198.1
9350,13,2024-07-31,269.7,3402.16
9351,13,2024-08-01,238.9,2010.37
9352,13,2024-08-02,243.8,3258.0
9353,13,2024-08-03,264.8,2982.46
9354,13,2024-08-04,265.1,3111.41
9355,13,2024-08-05,248.6,3420.75
9356,13,2024-08-06,251.7,3420.18
9357,13,2024-08-07,258.9,3638.35
9358,13,2024-08-08,296.5,4294.96
9359,13,2024-08-09,238.7,2685.62
9360,13,2024-08-10,247.9,2294.84
9361,13,2024-08-11,255.9,3079.81
9362,13,2024-08-12,280.5,3411.94
9363,13,2024-08-13,236.3,3529.58
9364,13,2024-08-14,264.4,2434.23
9365,13,2024-08-15,280.2,2526.29
9366,13,2024-08-16,277.8,4037.7
9367,13,2024-08-17,314.0,3923.99
9368,13,2024-08-18,258.3,2978.99
9369,13,2024-08-19,272.3,3287.56
9370,13,2024-08-20,249.9,2207.02
9371,13,2024-08-21,286.5,3392.05
9372,13,2024-08-22,286.2,2471.03
9373,13,2024-08-23,253.1,2870.75
9374,13,2024-08-24,259.7,3725.79
9375,13,2024-08-25,277.3,3731.83
9376,13,2024-08-26,278.0,2926.03
9377,13,2024-08-27,238.8,2187.4
9378,13,2024-08-28,235.1,2434.18
9379,13,2024-08-29,276.2,2827.15
9380,13,2024-08-30,319.3,4228.65
9381,13,2024-08-31,240.9,2472.09
9382,13,2024-09-01,284.3,2846.84
9383,13,2024-09-02,270.9,2255.12
9384,13,2024-09-03,250.9,2271.29
9385,13,2024-09-04,265.4,2205.7
9386,13,2024-09-05,255.5,3450.13
9387,13,2024-09-06,262.1,3572.98
9388,13,2024-09-07,281.9,3649.64
9389,13,2024-09-08,276.7,2611.79
9390,13,2024-09-09,278.2,3198.96
9391,13,2024-09-10,260.3,3850.4
9392,13,2024-09-11,269.6,3256.99
9393,13,2024-09-12,307.9,4222.15
9394,13,2024-09-13,251.5,2706.51
9395,13,2024-09-14,265.3,2472.31
9396,13,2024-09-15,272.5,2653.93
9397,13,2024-09-16,236.0,2354.77
9398,13,2024-09-17,266.3,2702.57
9399,13,2024-09-18,277.0,2860.39
9400,13,2024-09-19,248.5,2588.93
9401,13,2024-09-20,282.5,3620.84
9402,13,2024-09-21,260.1,2193.03
9403,13,2024-09-22,264.1,3752.4
9404,13,2024-09-23,250.7,2573.23
9405,13,2024-09-24,280.5,3426.27
9406,13,2024-09-25,243.9,2915.87
9407,13,2024-09-26,255.9,2552.07
9408,13,2024-09-27,255.4,2412.64
9409,13,2024-09-28,269.4,2764.75
9410,13,2024-09-29,313.2,4452.02
9411,13,2024-09-30,252.9,2760.99
9412,13,2024-10-01,247.6,3476.08
9413,13,2024-10-02,272.2,3059.56
9414,13,2024-10-03,257.0,3219.72
9415,13,2024-10-04,246.7,3474.87
9416,13,2024-10-05,251.5,2205.16
9417,13,2024-10-06,271.4,3807.87
9418,13,2024-10-07,293.7,3824.88
9419,13,2024-10-08,274.6,2221.66
9420,13,2024-10-09,225.4,2553.34
9421,13,2024-10-10,258.9,2270.14
9422,13,2024-10-11,243.9,3582.74
9423,13,2024-10-12,281.1,2292.83
9424,13,2024-10-13,263.0,3278.5
9425,13,2024-10-14,248.1,3501.31
9426,13,2024-10-15,222.7,3309.88
9427,13,2024-10-16,267.9,3197.77
9428,13,2024-10-17,264.4,3893.35
9429,13,2024-10-18,238.1,2858.75
9430,13,2024-10-19,244.4,3328.28
9431,13,2024-10-20,279.5,2970.32
9432,13,2024-10-21,282.0,2531.97
9433,13,2024-10-22,276.8,2500.1
9434,13,2024-10-23,243.8,2331.25
9435,13,2024-10-24,245.5,2329.71
9436,13,2024-10-25,258.9,2342.41
9437,13,2024-10-26,267.6,3732.83
9438,13,2024-10-27,283.7,3991.48
9439,13,2024-10-28,278.5,3369.34
9440,13,2024-10-29,265.5,3448.83
9441,13,2024-10-30,279.3,3846.26
9442,13,2024-10-31,258.0,2365.39
9443,13,2024-11-01,281.5,3815.23
9444,13,2024-11-02,265.4,3911.69
9445,13,2024-11-03,247.6,2860.22
9446,13,2024-11-04,233.3,2246.38
9447,13,2024-11-05,279.5,2610.09
9448,13,2024-11-06,210.8,2065.49
9449,13,2024-11-07,269.8,2841.48
9450,13,2024-11-08,246.8,2354.84
9451,13,2024-11-09,244.6,3537.78
9452,13,2024-11-10,261.7,2633.09
9453,13,2024-11-11,261.3,3644.89
9454,13,2024-11-12,283.7,2760.34
9455,13,2024-11-13,268.4,2546.79
9456,13,2024-11-14,254.8,3369.86
9457,13,2024-11-15,288.6,4142.38
9458,13,2024-11-16,244.2,3631.91
9459,13,2024-11-17,231.8,3446.59
9460,13,2024-11-18,230.0,3227.73
9461,13,2024-11-19,263.2,2439.93
9462,13,2024-11-20,248.8,3721.7
9463,13,2024-11-21,265.2,3356.31
9464,13,2024-11-22,236.9,3449.44
9465,13,2024-11-23,251.1,3015.24
9466,13,2024-11-24,274.9,4033.97
9467,13,2024-11-25,280.6,3728.11
9468,13,2024-11-26,285.5,2928.85
9469,13,2024-11-27,241.3,2653.51
9470,13,2024-11-28,278.0,3956.28
9471,13,2024-11-29,259.9,2564.32
9472,13,2024-11-30,254.4,2389.24
9473,13,2024-12-01,271.9,2389.8
9474,13,2024-12-02,279.8,3206.92
9475,13,2024-12-03,235.7,3205.71
9476,13,2024-12-04,258.6,2732.61
9477,13,2024-12-05,245.5,2505.14
9478,13,2024-12-06,274.0,2374.9
9479,13,2024-12-07,264.7,2304.3
9480,13,2024-12-08,272.3,4030.45
9481,13,2024-12-09,270.1,2226.99
9482,13,2024-12-10,248.5,3074.42
9483,13,2024-12-11,229.3,2866.86
9484,13,2024-12-12,265.8,3274.69
9485,13,2024-12-13,267.7,3097.98
9486,13,2024-12-14,266.3,3044.16
9487,13,2024-12-15,292.2,3066.13
9488,13,2024-12-16,277.4,3199.13
9489,13,2024-12-17,264.7,3206.46
9490,13,2024-12-18,261.4,2501.02
9491,13,2024-12-19,287.8,4030.36
9492,13,2024-12-20,268.1,3646.8
9493,13,2024-12-21,253.5,2928.67
9494,13,2024-12-22,277.3,3731.17
9495,13,2024-12-23,243.9,3370.81
9496,13,2024-12-24,230.1,3080.62
9497,13,2024-12-25,268.5,2325.87
9498,13,2024-12-26,255.3,3311.1
9499,13,2024-12-27,244.8,3580.64
9500,13,2024-12-28,238.5,2347.74
9501,13,2024-12-29,238.8,2066.08
9502,13,2024-12-30,272.1,2822.99
9503,13,2024-12-31,230.4,2327.7
9504,14,2023-01-01,376.2,4726.13
9505,14,2023-01-02,338.8,3730.7
9506,14,2023-01-03,424.1,5094.08
9507,14,2023-01-04,324.0,3867.78
9508,14,2023-01-05,370.0,3305.32
9509,14,2023-01-06,357.2,4479.14
9510,14,2023-01-07,355.7,4299.55
9511,14,2023-01-08,368.2,3091.02
9512,14,2023-01-09,322.2,3951.96
9513,14,2023-01-10,413.7,5903.08
9514,14,2023-01-11,376.6,5254.47
9515,14,2023-01-12,368.3,3140.54
9516,14,2023-01-13,375.3,3131.37
9517,14,2023-01-14,355.6,4873.13
9518,14,2023-01-15,392.5,3999.53
9519,14,2023-01-16,402.2,5794.14
9520,14,2023-01-17,333.4,2872.31
9521,14,2023-01-18,366.3,3739.51
9522,14,2023-01-19,368.5,3864.67
9523,14,2023-01-20,330.5,3092.44
9524,14,2023-01-21,355.1,4945.79
9525,14,2023-01-22,411.7,3834.07
9526,14,2023-01-23,385.9,5325.22
9527,14,2023-01-24,358.5,5158.56
9528,14,2023-01-25,388.0,5398.28
9529,14,2023-01-26,382.8,3344.6
9530,14,2023-01-27,382.4,3784.64
9531,14,2023-01-28,315.7,3624.14
9532,14,2023-01-29,371.5,3542.09
9533,14,2023-01-30,344.4,4372.19
9534,14,2023-01-31,362.8,4544.75
9535,14,2023-02-01,376.4,3240.94
9536,14,2023-02-02,334.5,3822.41
9537,14,2023-02-03,337.7,3508.82
9538,14,2023-02-04,370.1,3376.75
9539,14,2023-02-05,325.7,3427.06
9540,14,2023-02-06,375.1,4253.67
9541,14,2023-02-07,402.9,4786.45
9542,14,2023-02-08,385.2,4028.7
9543,14,2023-02-09,399.7,3367.98
9544,14,2023-02-10,350.9,4539.39
9545,14,2023-02-11,371.0,3001.79
9546,14,2023-02-12,385.7,3571.65
9547,14,2023-02-13,322.1,4747.62
9548,14,2023-02-14,336.0,4219.95
9549,14,2023-02-15,367.7,4848.3
9550,14,2023-02-16,350.6,3503.1
9551,14,2023-02-17,321.2,4752.51
9552,14,2023-02-18,342.0,3974.18
9553,14,2023-02-19,347.7,4876.58
9554,14,2023-02-20,377.5,3162.46
9555,14,2023-02-21,391.7,5196.25
9556,14,2023-02-22,338.2,4838.83
9557,14,2023-02-23,346.2,4865.85
9558,14,2023-02-24,301.5,4054.9
9559,14,2023-02-25,387.0,3222.81
9560,14,2023-02-26,346.3,4666.31
9561,14,2023-02-27,336.8,3857.3
9562,14,2023-02-28,329.7,3675.77
9563,14,2023-03-01,434.8,4487.76
9564,14,2023-03-02,392.1,3617.73
9565,14,2023-03-03,340.9,3934.28
9566,14,2023-03-04,395.7,4951.37
9567,14,2023-03-05,363.3,3021.76
9568,14,2023-03-06,370.6,5139.95
9569,14,2023-03-07,355.2,5253.09
9570,14,2023-03-08,363.7,4303.44
9571,14,2023-03-09,298.5,3761.84
9572,14,2023-03-10,341.9,3285.67
9573,14,2023-03-11,333.2,3953.06
9574,14,2023-03-12,310.9,3124.38
9575,14,2023-03-13,329.1,3232.76
9576,14,2023-03-14,351.6,2931.87
9577,14,2023-03-15,400.7,3754.99
9578,14,2023-03-16,366.2,3873.08
9579,14,2023-03-17,367.9,3953.03
9580,14,2023-03-18,351.8,4110.16
9581,14,2023-03-19,387.9,5759.87
9582,14,2023-03-20,306.5,4592.47
9583,14,2023-03-21,341.6,3915.0
9584,14,2023-03-22,395.1,4147.39
9585,14,2023-03-23,347.5,4046.46
9586,14,2023-03-24,354.5,5278.19
9587,14,2023-03-25,317.1,2585.59
9588,14,2023-03-26,358.1,3753.93
9589,14,2023-03-27,414.9,4884.32
9590,14,2023-03-28,393.5,5095.27
9591,14,2023-03-29,406.2,3595.83
9592,14,2023-03-30,330.8,3261.57
9593,14,2023-03-31,341.1,4941.51
9594,14,2023-04-01,356.4,4602.45
9595,14,2023-04-02,405.0,4458.49
9596,14,2023-04-03,311.6,3507.98
9597,14,2023-04-04,331.1,3158.6
9598,14,2023-04-05,342.4,2766.42
9599,14,2023-04-06,335.2,2755.28
9600,14,2023-04-07,322.6,3952.98
9601,14,2023-04-08,329.8,4011.94
9602,14,2023-04-09,359.4,5386.93
9603,14,2023-04-10,338.6,2860.08
9604,14,2023-04-11,388.0,3908.2
9605,14,2023-04-12,362.4,4576.86
9606,14,2023-04-13,297.7,3942.21
9607,14,2023-04-14,332.3,3375.62
9608,14,2023-04-15,322.6,3400.23
9609,14,2023-04-16,306.4,3499.58
9610,14,2023-04-17,313.7,3424.84
9611,14,2023-04-18,351.0,3533.92
9612,14,2023-04-19,391.4,5254.53
9613,14,2023-04-20,347.7,4407.57
9614,14,2023-04-21,386.3,3249.45
9615,14,2023-04-22,337.5,2768.75
9616,14,2023-04-23,355.9,4373.94
9617,14,2023-04-24,385.2,5497.55
9618,14,2023-04-25,330.0,2962.31
9619,14,2023-04-26,358.0,3144.92
9620,14,2023-04-27,405.6,5095.01
9621,14,2023-04-28,364.6,5281.12
9622,14,2023-04-29,424.1,4939.71
9623,14,2023-04-30,354.8,3125.85
9624,14,2023-05-01,362.5,4093.45
9625,14,2023-05-02,365.3,4694.3
9626,14,2023-05-03,319.6,3605.13
9627,14,2023-05-04,352.5,3020.86
9628,14,2023-05-05,328.2,4192.11
9629,14,2023-05-06,357.6,4281.48
9630,14,2023-05-07,320.9,4639.04
9631,14,2023-05-08,325.8,3602.05
9632,14,2023-05-09,364.7,4589.32
9633,14,2023-05-10,376.1,3483.63
9634,14,2023-05-11,366.3,5370.78
9635,14,2023-05-12,365.9,4809.72
9636,14,2023-05-13,380.1,3233.97
9637,14,2023-05-14,357.1,3395.79
9638,14,2023-05-15,329.9,4625.4
9639,14,2023-05-16,406.6,5110.64
9640,14,2023-05-17,339.8,3478.95
9641,14,2023-05-18,333.0,4521.07
9642,14,2023-05-19,319.6,3868.28
9643,14,2023-05-20,375.3,3146.08
9644,14,2023-05-21,337.9,4356.6
9645,14,2023-05-22,401.6,5820.28
9646,14,2023-05-23,341.7,4527.22
9647,14,2023-05-24,321.0,4379.93
9648,14,2023-05-25,348.6,3913.13
9649,14,2023-05-26,359.7,3612.18
9650,14,2023-05-27,343.3,2863.68
9651,14,2023-05-28,352.9,3517.74
9652,14,2023-05-29,380.5,4952.45
9653,14,2023-05-30,384.5,3641.22
9654,14,2023-05-31,375.5,4290.5
9655,14,2023-06-01,360.1,5016.33
9656,14,2023-06-02,343.9,3011.21
9657,14,2023-06-03,369.8,3856.29
9658,14,2023-06-04,372.4,4778.48
9659,14,2023-06-05,415.0,5250.48
9660,14,2023-06-06,379.4,4526.67
9661,14,2023-06-07,362.9,5209.72
9662,14,2023-06-08,383.4,4629.59
9663,14,2023-06-09,387.0,5765.6
9664,14,2023-06-10,384.0,3274.49
9665,14,2023-06-11,310.6,3855.44
9666,14,2023-06-12,341.9,4666.71
9667,14,2023-06-13,352.3,4757.68
9668,14,2023-06-14,368.2,5309.48
9669,14,2023-06-15,322.2,3948.29
9670,14,2023-06-16,376.1,5563.01
9671,14,2023-06-17,348.6,3388.8
9672,14,2023-06-18,360.2,5284.78
9673,14,2023-06-19,345.8,3784.24
9674,14,2023-06-20,344.3,4175.96
9675,14,2023-06-21,308.9,4461.21
9676,14,2023-06-22,375.9,5414.82
9677,14,2023-06-23,318.7,4116.86
9678,14,2023-06-24,296.3,3745.51
9679,14,2023-06-25,316.1,3299.35
9680,14,2023-06-26,302.2,2915.59
9681,14,2023-06-27,408.1,5384.66
9682,14,2023-06-28,341.2,4589.41
9683,14,2023-06-29,391.2,3147.35
9684,14,2023-06-30,335.5,3804.6
9685,14,2023-07-01,368.7,4173.62
9686,14,2023-07-02,388.1,4855.92
9687,14,2023-07-03,357.4,4859.8
9688,14,2023-07-04,378.1,5620.14
9689,14,2023-07-05,370.8,3063.47
9690,14,2023-07-06,402.3,4272.57
9691,14,2023-07-07,392.6,4344.43
9692,14,2023-07-08,361.9,5327.24
9693,14,2023-07-09,379.7,4151.32
9694,14,2023-07-10,328.5,3745.46
9695,14,2023-07-11,335.3,2909.25
9696,14,2023-07-12,379.8,4421.15
9697,14,2023-07-13,394.0,5822.11
9698,14,2023-07-14,357.1,2994.83
9699,14,2023-07-15,401.5,5982.2
9700,14,2023-07-16,377.5,5511.48
9701,14,2023-07-17,358.4,3272.75
9702,14,2023-07-18,405.4,4333.93
9703,14,2023-07-19,398.7,4962.91
9704,14,2023-07-20,370.3,4813.03
9705,14,2023-07-21,399.9,3601.73
9706,14,2023-07-22,338.4,3091.89
9707,14,2023-07-23,347.6,5010.04
9708,14,2023-07-24,308.2,3729.28
9709,14,2023-07-25,333.5,4816.27
9710,14,2023-07-26,326.8,3591.38
9711,14,2023-07-27,322.1,3430.47
9712,14,2023-07-28,419.5,4012.0
9713,14,2023-07-29,385.2,3822.89
9714,14,2023-07-30,380.4,5144.62
9715,14,2023-07-31,338.6,4748.35
9716,14,2023-08-01,328.3,3082.67
9717,14,2023-08-02,328.1,3650.36
9718,14,2023-08-03,302.8,4220.29
9719,14,2023-08-04,374.1,4607.95
9720,14,2023-08-05,343.9,4019.96
9721,14,2023-08-06,320.0,3957.99
9722,14,2023-08-07,330.4,3677.03
9723,14,2023-08-08,352.1,4078.26
9724,14,2023-08-09,377.9,4126.06
9725,14,2023-08-10,342.3,3383.53
9726,14,2023-08-11,392.2,5504.48
9727,14,2023-08-12,397.7,4881.57
9728,14,2023-08-13,400.3,5216.16
9729,14,2023-08-14,344.6,4497.72
9730,14,2023-08-15,359.1,3079.79
9731,14,2023-08-16,335.5,3910.16
9732,14,2023-08-17,347.6,4369.93
9733,14,2023-08-18,340.1,4936.04
9734,14,2023-08-19,321.0,3561.79
9735,14,2023-08-20,356.3,4876.38
9736,14,2023-08-21,350.8,4862.43
9737,14,2023-08-22,372.5,3192.43
9738,14,2023-08-23,373.2,3593.39
9739,14,2023-08-24,352.3,3799.81
9740,14,2023-08-25,368.3,5111.59
9741,14,2023-08-26,347.6,3694.78
9742,14,2023-08-27,329.0,3437.79
9743,14,2023-08-28,323.6,2980.05
9744,14,2023-08-29,333.2,4159.1
9745,14,2023-08-30,352.7,3557.12
9746,14,2023-08-31,376.1,3427.72
9747,14,2023-09-01,314.4,3839.44
9748,14,2023-09-02,324.9,4362.75
9749,14,2023-09-03,413.5,5381.94
9750,14,2023-09-04,331.0,4874.15
9751,14,2023-09-05,395.1,4744.41
9752,14,2023-09-06,331.2,3778.18
9753,14,2023-09-07,328.2,2915.07
9754,14,2023-09-08,397.3,4538.24
9755,14,2023-09-09,311.1,4526.58
9756,14,2023-09-10,355.0,3404.93
9757,14,2023-09-11,319.9,3758.45
9758,14,2023-09-12,343.5,3487.5
9759,14,2023-09-13,307.8,2578.66
9760,14,2023-09-14,350.2,4711.31
9761,14,2023-09-15,312.3,2602.55
9762,14,2023-09-16,386.9,5438.75
9763,14,2023-09-17,291.6,3846.37
9764,14,2023-09-18,343.7,4859.46
9765,14,2023-09-19,316.2,3488.03
9766,14,2023-09-20,302.1,4366.84
9767,14,2023-09-21,321.1,2984.92
9768,14,2023-09-22,375.1,3605.45
9769,14,2023-09-23,326.9,4122.66
9770,14,2023-09-24,330.0,2907.72
9771,14,2023-09-25,395.9,3973.72
9772,14,2023-09-26,311.7,2636.44
9773,14,2023-09-27,364.9,3083.91
9774,14,2023-09-28,379.8,4078.38
9775,14,2023-09-29,368.1,4291.79
9776,14,2023-09-30,304.7,3464.0
9777,14,2023-10-01,328.5,4334.66
9778,14,2023-10-02,339.7,4809.87
9779,14,2023-10-03,376.8,5512.24
9780,14,2023-10-04,378.3,3695.74
9781,14,2023-10-05,310.3,4152.06
9782,14,2023-10-06,387.7,5444.39
9783,14,2023-10-07,363.5,3206.62
9784,14,2023-10-08,287.6,3140.62
9785,14,2023-10-09,319.7,4558.8
9786,14,2023-10-10,337.4,3049.19
9787,14,2023-10-11,374.9,5392.69
9788,14,2023-10-12,359.5,4872.49
9789,14,2023-10-13,363.8,3614.64
9790,14,2023-10-14,338.5,4894.1
9791,14,2023-10-15,378.4,3252.15
9792,14,2023-10-16,371.1,4482.75
9793,14,2023-10-17,359.0,2944.09
9794,14,2023-10-18,358.1,5219.35
9795,14,2023-10-19,354.6,4557.77
9796,14,2023-10-20,337.6,2954.21
9797,14,2023-10-21,326.6,4357.0
9798,14,2023-10-22,343.9,4795.8
9799,14,2023-10-23,318.0,2578.28
9800,14,2023-10-24,359.6,4640.94
9801,14,2023-10-25,409.1,5601.39
9802,14,2023-10-26,370.3,4088.35
9803,14,2023-10-27,413.8,6014.54
9804,14,2023-10-28,375.7,5454.95
9805,14,2023-10-29,301.5,4516.81
9806,14,2023-10-30,368.6,4705.14
9807,14,2023-10-31,389.5,4249.35
9808,14,2023-11-01,292.0,4151.32
9809,14,2023-11-02,388.5,5392.43
9810,14,2023-11-03,348.8,4803.75
9811,14,2023-11-04,371.3,3976.37
9812,14,2023-11-05,363.6,3200.72
9813,14,2023-11-06,350.6,3117.69
9814,14,2023-11-07,385.9,3399.04
9815,14,2023-11-08,364.6,4731.21
9816,14,2023-11-09,332.0,3129.48
9817,14,2023-11-10,337.2,4569.08
9818,14,2023-11-11,372.2,4251.49
9819,14,2023-11-12,329.7,3438.25
9820,14,2023-11-13,391.8,5441.51
9821,14,2023-11-14,325.6,4035.95
9822,14,2023-11-15,405.7,3594.13
9823,14,2023-11-16,360.5,3477.54
9824,14,2023-11-17,350.9,4581.15
9825,14,2023-11-18,405.8,3828.29
9826,14,2023-11-19,327.0,3693.03
9827,14,2023-11-20,380.4,4548.02
9828,14,2023-11-21,404.4,4977.04
9829,14,2023-11-22,339.9,4860.8
9830,14,2023-11-23,350.5,4833.39
9831,14,2023-11-24,341.2,4570.49
9832,14,2023-11-25,315.8,4692.81
9833,14,2023-11-26,342.0,3680.28
9834,14,2023-11-27,376.4,4222.45
9835,14,2023-11-28,314.6,2567.29
9836,14,2023-11-29,373.7,3359.3
9837,14,2023-11-30,301.3,4022.42
9838,14,2023-12-01,336.8,2946.28
9839,14,2023-12-02,357.0,3123.4
9840,14,2023-12-03,361.7,4003.03
9841,14,2023-12-04,376.0,5059.42
9842,14,2023-12-05,299.9,4331.39
9843,14,2023-12-06,372.5,4195.42
9844,14,2023-12-07,382.9,4685.55
9845,14,2023-12-08,334.2,4825.34
9846,14,2023-12-09,351.7,4018.02
9847,14,2023-12-10,365.1,5217.8
9848,14,2023-12-11,340.1,3810.99
9849,14,2023-12-12,313.9,4639.64
9850,14,2023-12-13,343.4,3259.6
9851,14,2023-12-14,365.9,3549.23
9852,14,2023-12-15,319.6,4656.67
9853,14,2023-12-16,248.9,2275.74
9854,14,2023-12-17,391.3,4485.1
9855,14,2023-12-18,376.3,3034.51
9856,14,2023-12-19,344.0,5103.02
9857,14,2023-12-20,320.4,2667.95
9858,14,2023-12-21,360.5,4241.67
9859,14,2023-12-22,327.9,3186.04
9860,14,2023-12-23,320.6,4023.58
9861,14,2023-12-24,327.1,3822.19
9862,14,2023-12-25,352.7,4775.36
9863,14,2023-12-26,366.6,3313.12
9864,14,2023-12-27,352.7,5274.9
9865,14,2023-12-28,375.7,4360.36
9866,14,2023-12-29,405.1,3307.85
9867,14,2023-12-30,354.7,3065.06
9868,14,2023-12-31,364.9,2972.32
9869,14,2024-01-01,353.5,4347.16
9870,14,2024-01-02,334.2,3841.96
9871,14,2024-01-03,358.6,4165.11
9872,14,2024-01-04,295.1,2400.65
9873,14,2024-01-05,345.6,4942.53
9874,14,2024-01-06,347.6,4546.01
9875,14,2024-01-07,357.0,3988.05
9876,14,2024-01-08,376.7,3600.6
9877,14,2024-01-09,361.9,3491.72
9878,14,2024-01-10,356.8,3292.79
9879,14,2024-01-11,325.5,3560.44
9880,14,2024-01-12,377.4,4034.21
9881,14,2024-01-13,361.4,4381.39
9882,14,2024-01-14,365.0,3622.05
9883,14,2024-01-15,354.6,5245.35
9884,14,2024-01-16,364.1,4391.67
9885,14,2024-01-17,362.5,3756.16
9886,14,2024-01-18,362.8,5351.18
9887,14,2024-01-19,347.1,4351.08
9888,14,2024-01-20,355.9,4247.79
9889,14,2024-01-21,364.4,4453.36
9890,14,2024-01-22,360.1,4936.89
9891,14,2024-01-23,319.0,3513.43
9892,14,2024-01-24,328.3,4183.86
9893,14,2024-01-25,365.5,3932.33
9894,14,2024-01-26,321.0,4355.15
9895,14,2024-01-27,351.5,4411.44
9896,14,2024-01-28,342.6,4997.96
9897,14,2024-01-29,375.1,5376.39
9898,14,2024-01-30,367.8,4680.83
9899,14,2024-01-31,369.1,4884.35
9900,14,2024-02-01,337.7,3705.24
9901,14,2024-02-02,369.2,5475.54
9902,14,2024-02-03,360.6,5288.57
9903,14,2024-02-04,326.1,2859.05
9904,14,2024-02-05,297.9,2899.67
9905,14,2024-02-06,340.1,4198.36
9906,14,2024-02-07,373.3,4726.86
9907,14,2024-02-08,331.6,3360.74
9908,14,2024-02-09,364.3,4057.59
9909,14,2024-02-10,346.7,4907.73
9910,14,2024-02-11,384.9,4015.74
9911,14,2024-02-12,329.9,4422.06
9912,14,2024-02-13,368.5,4125.46
9913,14,2024-02-14,339.9,3676.02
9914,14,2024-02-15,333.3,4414.7
9915,14,2024-02-16,354.9,4617.45
9916,14,2024-02-17,332.5,4181.89
9917,14,2024-02-18,329.5,3989.86
9918,14,2024-02-19,364.3,5314.76
9919,14,2024-02-20,392.3,5160.35
9920,14,2024-02-21,392.0,4050.67
9921,14,2024-02-22,363.1,2932.73
9922,14,2024-02-23,355.6,5010.81
9923,14,2024-02-24,342.0,4776.36
9924,14,2024-02-25,306.3,4216.48
9925,14,2024-02-26,405.5,4352.91
9926,14,2024-02-27,329.3,3442.91
9927,14,2024-02-28,394.0,4534.8
9928,14,2024-02-29,335.7,4598.99
9929,14,2024-03-01,320.7,3590.27
9930,14,2024-03-02,405.6,5568.84
9931,14,2024-03-03,376.9,4896.17
9932,14,2024-03-04,352.0,4177.66
9933,14,2024-03-05,305.0,4541.68
9934,14,2024-03-06,338.2,3988.91
9935,14,2024-03-07,312.7,3206.16
9936,14,2024-03-08,374.5,3875.91
9937,14,2024-03-09,341.2,3965.78
9938,14,2024-03-10,402.5,4887.43
9939,14,2024-03-11,341.5,4589.08
9940,14,2024-03-12,352.7,4212.7
9941,14,2024-03-13,313.5,3406.07
9942,14,2024-03-14,382.4,3677.54
9943,14,2024-03-15,348.1,5212.64
9944,14,2024-03-16,359.9,4113.6
9945,14,2024-03-17,349.3,2891.5
9946,14,2024-03-18,304.7,4367.78
9947,14,2024-03-19,364.6,4472.78
9948,14,2024-03-20,371.3,4477.34
9949,14,2024-03-21,359.8,5336.75
9950,14,2024-03-22,388.4,5357.73
9951,14,2024-03-23,348.6,4523.75
9952,14,2024-03-24,306.6,4114.95
9953,14,2024-03-25,348.0,3357.4
9954,14,2024-03-26,346.2,4890.16
9955,14,2024-03-27,360.6,3556.5
9956,14,2024-03-28,321.6,3375.68
9957,14,2024-03-29,412.0,4240.23
9958,14,2024-03-30,350.0,4491.23
9959,14,2024-03-31,342.7,3699.54
9960,14,2024-04-01,363.6,4807.84
9961,14,2024-04-02,336.4,2970.02
9962,14,2024-04-03,325.2,3637.35
9963,14,2024-04-04,306.8,2511.48
9964,14,2024-04-05,355.2,4630.05
9965,14,2024-04-06,366.9,4052.13
9966,14,2024-04-07,315.2,2653.51
9967,14,2024-04-08,396.5,5543.96
9968,14,2024-04-09,266.8,3502.42
9969,14,2024-04-10,327.4,3665.89
9970,14,2024-04-11,337.7,5028.5
9971,14,2024-04-12,396.2,5063.47
9972,14,2024-04-13,350.6,4890.26
9973,14,2024-04-14,367.4,5206.49
9974,14,2024-04-15,325.4,2993.84
9975,14,2024-04-16,353.3,4757.72
9976,14,2024-04-17,345.7,3449.32
9977,14,2024-04-18,290.0,3314.4
9978,14,2024-04-19,386.0,4047.54
9979,14,2024-04-20,374.4,5035.33
9980,14,2024-04-21,313.5,4426.46
9981,14,2024-04-22,356.8,3490.68
9982,14,2024-04-23,337.5,3709.37
9983,14,2024-04-24,344.5,3230.75
9984,14,2024-04-25,373.6,3406.93
9985,14,2024-04-26,392.8,5884.03
9986,14,2024-04-27,342.7,4630.39
9987,14,2024-04-28,357.4,5099.37
9988,14,2024-04-29,362.6,3094.62
9989,14,2024-04-30,342.6,4951.19
9990,14,2024-05-01,366.7,3128.31
9991,14,2024-05-02,375.5,5624.64
9992,14,2024-05-03,373.0,4992.1
9993,14,2024-05-04,376.2,3975.08
9994,14,2024-05-05,287.7,2696.53
9995,14,2024-05-06,324.4,3842.01
9996,14,2024-05-07,326.6,4684.38
9997,14,2024-05-08,343.2,3358.66
9998,14,2024-05-09,340.7,2951.71
9999,14,2024-05-10,386.7,4658.98
10000,14,2024-05-11,296.7,3502.18
10001,14,2024-05-12,383.2,5283.13
10002,14,2024-05-13,318.8,3322.81
10003,14,2024-05-14,339.9,3046.21
10004,14,2024-05-15,332.5,3748.32
10005,14,2024-05-16,343.3,3277.11
10006,14,2024-05-17,312.5,4116.11
10007,14,2024-05-18,348.4,3200.65
10008,14,2024-05-19,334.2,2676.13
10009,14,2024-05-20,357.8,3110.31
10010,14,2024-05-21,370.4,4684.58
10011,14,2024-05-22,330.8,3616.97
10012,14,2024-05-23,414.2,5886.12
10013,14,2024-05-24,330.4,3404.6
10014,14,2024-05-25,305.7,4095.94
10015,14,2024-05-26,376.9,5607.75
10016,14,2024-05-27,370.4,2981.26
10017,14,2024-05-28,385.4,5558.97
10018,14,2024-05-29,368.4,5226.35
10019,14,2024-05-30,340.7,2752.02
10020,14,2024-05-31,347.1,4100.51
10021,14,2024-06-01,300.3,3244.1
10022,14,2024-06-02,285.1,4112.2
10023,14,2024-06-03,374.0,5356.25
10024,14,2024-06-04,335.8,3860.07
10025,14,2024-06-05,391.0,5065.72
10026,14,2024-06-06,337.5,3476.47
10027,14,2024-06-07,338.3,3017.05
10028,14,2024-06-08,332.7,3347.62
10029,14,2024-06-09,368.6,5411.56
10030,14,2024-06-10,308.3,3945.79
10031,14,2024-06-11,329.4,3383.76
10032,14,2024-06-12,391.8,5454.96
10033,14,2024-06-13,343.4,2768.89
10034,14,2024-06-14,371.9,5038.95
10035,14,2024-06-15,348.7,4461.69
10036,14,2024-06-16,386.4,5565.1
10037,14,2024-06-17,353.3,3545.4
10038,14,2024-06-18,436.3,4422.01
10039,14,2024-06-19,339.4,3103.75
10040,14,2024-06-20,386.4,3346.86
10041,14,2024-06-21,275.9,3469.12
10042,14,2024-06-22,291.9,3297.34
10043,14,2024-06-23,346.9,4977.83
10044,14,2024-06-24,313.0,2853.35
10045,14,2024-06-25,369.7,4894.3
10046,14,2024-06-26,393.6,3563.96
10047,14,2024-06-27,350.6,4883.92
10048,14,2024-06-28,362.5,3525.41
10049,14,2024-06-29,370.0,3989.86
10050,14,2024-06-30,366.5,3916.82
10051,14,2024-07-01,326.4,4291.63
10052,14,2024-07-02,353.7,2935.61
10053,14,2024-07-03,362.0,3145.07
10054,14,2024-07-04,315.9,4676.16
10055,14,2024-07-05,355.2,4878.66
10056,14,2024-07-06,373.0,5301.05
10057,14,2024-07-07,365.0,3417.87
10058,14,2024-07-08,332.8,3625.18
10059,14,2024-07-09,395.6,3248.3
10060,14,2024-07-10,359.4,3606.25
10061,14,2024-07-11,299.8,4025.06
10062,14,2024-07-12,380.9,4784.36
10063,14,2024-07-13,329.9,4091.44
10064,14,2024-07-14,333.8,3723.33
10065,14,2024-07-15,331.5,3354.93
10066,14,2024-07-16,318.5,2788.9
10067,14,2024-07-17,390.2,4693.17
10068,14,2024-07-18,353.6,4874.4
10069,14,2024-07-19,340.6,4177.18
10070,14,2024-07-20,315.9,4022.12
10071,14,2024-07-21,376.6,4729.6
10072,14,2024-07-22,372.1,3221.91
10073,14,2024-07-23,376.7,5632.72
10074,14,2024-07-24,372.6,4788.85
10075,14,2024-07-25,350.1,4927.15
10076,14,2024-07-26,402.0,6020.58
10077,14,2024-07-27,360.8,3085.48
10078,14,2024-07-28,383.3,5016.0
10079,14,2024-07-29,373.2,3310.81
10080,14,2024-07-30,366.4,4608.26
10081,14,2024-07-31,374.3,3624.52
10082,14,2024-08-01,322.8,4127.65
10083,14,2024-08-02,321.2,4052.31
10084,14,2024-08-03,353.7,5121.93
10085,14,2024-08-04,330.3,4724.69
10086,14,2024-08-05,377.2,5096.26
10087,14,2024-08-06,340.8,3531.53
10088,14,2024-08-07,324.7,4381.96
10089,14,2024-08-08,393.8,4810.81
10090,14,2024-08-09,321.7,4770.92
10091,14,2024-08-10,342.0,4468.82
10092,14,2024-08-11,364.7,5035.35
10093,14,2024-08-12,314.8,3476.14
10094,14,2024-08-13,311.7,2863.36
10095,14,2024-08-14,405.6,4656.85
10096,14,2024-08-15,343.8,4352.14
10097,14,2024-08-16,349.7,4955.29
10098,14,2024-08-17,362.1,3230.29
10099,14,2024-08-18,336.8,3656.2
10100,14,2024-08-19,351.6,3609.49
10101,14,2024-08-20,297.0,3701.32
10102,14,2024-08-21,365.8,3866.63
10103,14,2024-08-22,355.2,3376.8
10104,14,2024-08-23,372.4,3855.43
10105,14,2024-08-24,335.0,3937.02
10106,14,2024-08-25,375.4,4707.9
10107,14,2024-08-26,307.4,3481.45
10108,14,2024-08-27,317.2,3014.37
10109,14,2024-08-28,337.0,3412.88
10110,14,2024-08-29,341.0,3493.3
10111,14,2024-08-30,347.5,4695.96
10112,14,2024-08-31,358.7,2983.33
10113,14,2024-09-01,311.0,3369.03
10114,14,2024-09-02,358.3,4217.79
10115,14,2024-09-03,389.8,5786.4
10116,14,2024-09-04,364.8,4979.77
10117,14,2024-09-05,372.0,4964.2
10118,14,2024-09-06,315.6,4136.45
10119,14,2024-09-07,326.1,2742.36
10120,14,2024-09-08,367.0,3966.25
10121,14,2024-09-09,339.0,4306.91
10122,14,2024-09-10,349.4,2804.41
10123,14,2024-09-11,336.0,2884.44
10124,14,2024-09-12,322.0,4482.48
10125,14,2024-09-13,355.8,3450.35
10126,14,2024-09-14,360.5,4204.97
10127,14,2024-09-15,327.8,3806.94
10128,14,2024-09-16,320.4,4211.86
10129,14,2024-09-17,336.5,4874.61
10130,14,2024-09-18,328.5,3615.02
10131,14,2024-09-19,292.2,3955.03
10132,14,2024-09-20,351.0,3199.55
10133,14,2024-09-21,367.2,4052.71
10134,14,2024-09-22,324.5,3054.13
10135,14,2024-09-23,381.1,3382.8
10136,14,2024-09-24,368.2,3659.75
10137,14,2024-09-25,328.4,4381.74
10138,14,2024-09-26,307.3,3993.14
10139,14,2024-09-27,333.2,3300.34
10140,14,2024-09-28,330.0,2978.07
10141,14,2024-09-29,323.3,4283.29
10142,14,2024-09-30,339.8,4592.17
10143,14,2024-10-01,320.3,4557.59
10144,14,2024-10-02,348.5,5144.2
10145,14,2024-10-03,362.6,5038.28
10146,14,2024-10-04,317.3,3737.68
10147,14,2024-10-05,337.1,3906.13
10148,14,2024-10-06,286.5,3095.36
10149,14,2024-10-07,347.1,3363.5
10150,14,2024-10-08,349.4,4227.86
10151,14,2024-10-09,321.0,3373.57
10152,14,2024-10-10,356.1,5106.39
10153,14,2024-10-11,303.1,2685.44
10154,14,2024-10-12,353.7,4112.79
10155,14,2024-10-13,287.3,3566.57
10156,14,2024-10-14,360.3,3055.42
10157,14,2024-10-15,348.2,2936.37
10158,14,2024-10-16,311.2,4408.06
10159,14,2024-10-17,355.8,3821.1
10160,14,2024-10-18,319.3,3448.23
10161,14,2024-10-19,343.8,4496.34
10162,14,2024-10-20,389.4,4491.88
10163,14,2024-10-21,385.2,4719.13
10164,14,2024-10-22,358.5,4413.44
10165,14,2024-10-23,377.4,3247.49
10166,14,2024-10-24,289.9,3047.78
10167,14,2024-10-25,377.2,4373.02
10168,14,2024-10-26,334.9,4393.63
10169,14,2024-10-27,342.9,4906.66
10170,14,2024-10-28,332.9,3185.59
10171,14,2024-10-29,341.8,4419.47
10172,14,2024-10-30,330.4,3693.87
10173,14,2024-10-31,400.7,3918.83
10174,14,2024-11-01,330.2,4378.91
10175,14,2024-11-02,334.2,4208.84
10176,14,2024-11-03,312.5,4312.07
10177,14,2024-11-04,362.8,3814.68
10178,14,2024-11-05,368.9,3266.93
10179,14,2024-11-06,356.2,4987.49
10180,14,2024-11-07,333.6,4891.04
10181,14,2024-11-08,345.4,4332.12
10182,14,2024-11-09,320.6,4159.66
10183,14,2024-11-10,378.8,3983.06
10184,14,2024-11-11,362.2,3352.76
10185,14,2024-11-12,323.3,3314.36
10186,14,2024-11-13,336.0,4165.7
10187,14,2024-11-14,326.7,3054.87
10188,14,2024-11-15,332.1,4913.36
10189,14,2024-11-16,305.8,4245.71
10190,14,2024-11-17,349.1,3758.83
10191,14,2024-11-18,335.4,3606.43
10192,14,2024-11-19,356.3,4110.34
10193,14,2024-11-20,302.2,3271.21
10194,14,2024-11-21,354.2,5251.9
10195,14,2024-11-22,381.2,4249.67
10196,14,2024-11-23,357.7,4193.98
10197,14,2024-11-24,392.7,5481.75
10198,14,2024-11-25,325.8,3763.26
10199,14,2024-11-26,282.7,2612.08
10200,14,2024-11-27,335.8,4894.85
10201,14,2024-11-28,371.9,4837.1
10202,14,2024-11-29,325.4,4404.98
10203,14,2024-11-30,347.9,4969.28
10204,14,2024-12-01,360.1,3303.56
10205,14,2024-12-02,380.0,3762.12
10206,14,2024-12-03,360.2,4748.91
10207,14,2024-12-04,359.6,3664.0
10208,14,2024-12-05,356.9,4558.01
10209,14,2024-12-06,373.6,4199.15
10210,14,2024-12-07,317.8,3871.34
10211,14,2024-12-08,309.5,2862.04
10212,14,2024-12-09,334.5,2858.0
10213,14,2024-12-10,372.8,3036.46
10214,14,2024-12-11,352.9,2987.17
10215,14,2024-12-12,390.7,3557.34
10216,14,2024-12-13,334.2,3308.88
10217,14,2024-12-14,327.7,3137.81
10218,14,2024-12-15,302.8,3169.93
10219,14,2024-12-16,363.2,3112.29
10220,14,2024-12-17,385.0,4798.16
10221,14,2024-12-18,363.9,3648.31
10222,14,2024-12-19,341.5,4468.15
10223,14,2024-12-20,317.6,4548.87
10224,14,2024-12-21,363.3,4155.98
10225,14,2024-12-22,318.1,3118.47
10226,14,2024-12-23,354.9,4295.81
10227,14,2024-12-24,342.4,3636.06
10228,14,2024-12-25,284.9,3557.13
10229,14,2024-12-26,337.1,4229.92
10230,14,2024-12-27,342.3,3750.28
10231,14,2024-12-28,322.7,3079.44
10232,14,2024-12-29,334.7,3202.21
10233,14,2024-12-30,339.3,2814.37
10234,14,2024-12-31,362.5,3252.06
10235,15,2023-01-01,177.4,2157.09
10236,15,2023-01-02,156.3,2077.43
10237,15,2023-01-03,176.2,2595.15
10238,15,2023-01-04,168.5,2371.85
10239,15,2023-01-05,145.7,1225.15
10240,15,2023-01-06,193.6,2833.18
10241,15,2023-01-07,182.6,1563.79
10242,15,2023-01-08,166.5,1560.74
10243,15,2023-01-09,177.4,2042.11
10244,15,2023-01-10,152.9,1542.6
10245,15,2023-01-11,159.9,1445.99
10246,15,2023-01-12,164.2,1870.15
10247,15,2023-01-13,169.7,1905.92
10248,15,2023-01-14,155.6,2208.27
10249,15,2023-01-15,177.9,2349.57
10250,15,2023-01-16,146.5,1782.52
10251,15,2023-01-17,172.3,2465.98
10252,15,2023-01-18,177.8,1727.43
10253,15,2023-01-19,192.5,2873.95
10254,15,2023-01-20,201.3,1899.03
10255,15,2023-01-21,174.9,1673.44
10256,15,2023-01-22,156.6,1953.83
10257,15,2023-01-23,162.0,1932.09
10258,15,2023-01-24,163.6,1980.3
10259,15,2023-01-25,187.2,2285.48
10260,15,2023-01-26,181.7,1595.99
10261,15,2023-01-27,195.6,2089.1
10262,15,2023-01-28,176.6,1426.37
10263,15,2023-01-29,184.5,1767.81
10264,15,2023-01-30,148.4,1901.66
10265,15,2023-01-31,167.4,2365.06
10266,15,2023-02-01,189.8,2654.58
10267,15,2023-02-02,175.1,1774.47
10268,15,2023-02-03,181.5,2063.31
10269,15,2023-02-04,157.5,2074.91
10270,15,2023-02-05,179.6,2125.92
10271,15,2023-02-06,172.0,1456.5
10272,15,2023-02-07,158.0,1280.2
10273,15,2023-02-08,169.9,2005.18
10274,15,2023-02-09,183.9,1831.27
10275,15,2023-02-10,153.0,2022.01
10276,15,2023-02-11,172.4,2372.9
10277,15,2023-02-12,188.5,1677.15
10278,15,2023-02-13,173.6,1509.48
10279,15,2023-02-14,177.1,1973.56
10280,15,2023-02-15,177.6,1557.23
10281,15,2023-02-16,136.4,1586.79
10282,15,2023-02-17,175.2,1941.26
10283,15,2023-02-18,192.7,2586.24
10284,15,2023-02-19,176.8,2218.11
10285,15,2023-02-20,164.1,1394.2
10286,15,2023-02-21,152.6,1702.97
10287,15,2023-02-22,171.0,1553.16
10288,15,2023-02-23,173.4,1713.44
10289,15,2023-02-24,140.5,1324.14
10290,15,2023-02-25,167.6,1512.7
10291,15,2023-02-26,179.9,2500.18
10292,15,2023-02-27,196.7,1826.34
10293,15,2023-02-28,173.3,1709.51
10294,15,2023-03-01,185.3,1837.64
10295,15,2023-03-02,158.5,1359.69
10296,15,2023-03-03,138.8,1927.94
10297,15,2023-03-04,169.1,1806.45
10298,15,2023-03-05,155.3,1799.77
10299,15,2023-03-06,168.9,2318.41
10300,15,2023-03-07,166.2,1709.52
10301,15,2023-03-08,158.7,2205.64
10302,15,2023-03-09,173.8,2566.66
10303,15,2023-03-10,161.0,2356.8
10304,15,2023-03-11,192.3,2842.43
10305,15,2023-03-12,167.7,2268.99
10306,15,2023-03-13,178.8,2249.49
10307,15,2023-03-14,171.6,2270.38
10308,15,2023-03-15,151.5,2162.36
10309,15,2023-03-16,128.0,1829.06
10310,15,2023-03-17,146.6,1175.01
10311,15,2023-03-18,179.1,2588.71
10312,15,2023-03-19,188.9,2115.28
10313,15,2023-03-20,170.9,2257.57
10314,15,2023-03-21,169.9,1439.49
10315,15,2023-03-22,174.7,1807.16
10316,15,2023-03-23,163.9,2120.9
10317,15,2023-03-24,192.6,1606.79
10318,15,2023-03-25,166.4,1869.94
10319,15,2023-03-26,174.9,2427.79
10320,15,2023-03-27,164.1,1584.77
10321,15,2023-03-28,185.2,2438.23
10322,15,2023-03-29,155.0,1953.58
10323,15,2023-03-30,145.1,1766.96
10324,15,2023-03-31,157.6,2163.44
10325,15,2023-04-01,192.6,1566.49
10326,15,2023-04-02,166.8,2414.75
10327,15,2023-04-03,162.0,1731.08
10328,15,2023-04-04,187.8,1637.34
10329,15,2023-04-05,176.8,2194.07
10330,15,2023-04-06,178.1,1551.35
10331,15,2023-04-07,165.1,1628.19
10332,15,2023-04-08,146.0,1611.97
10333,15,2023-04-09,160.0,2010.81
10334,15,2023-04-10,152.6,2173.77
10335,15,2023-04-11,190.0,1699.71
10336,15,2023-04-12,156.4,1842.94
10337,15,2023-04-13,160.3,1880.85
10338,15,2023-04-14,163.5,2085.54
10339,15,2023-04-15,167.2,1879.13
10340,15,2023-04-16,183.7,2683.66
10341,15,2023-04-17,178.1,2639.65
10342,15,2023-04-18,164.7,1596.03
10343,15,2023-04-19,209.7,2948.82
10344,15,2023-04-20,185.5,1878.72
10345,15,2023-04-21,176.3,1613.92
10346,15,2023-04-22,172.7,2242.16
10347,15,2023-04-23,162.8,1393.34
10348,15,2023-04-24,191.4,2365.53
10349,15,2023-04-25,166.8,1794.07
10350,15,2023-04-26,161.4,2419.67
10351,15,2023-04-27,181.0,1515.04
10352,15,2023-04-28,161.0,1884.9
10353,15,2023-04-29,198.8,2718.21
10354,15,2023-04-30,177.2,2363.06
10355,15,2023-05-01,163.2,2136.68
10356,15,2023-05-02,189.4,2166.48
10357,15,2023-05-03,164.1,2362.84
10358,15,2023-05-04,178.3,2372.81
10359,15,2023-05-05,145.7,2159.76
10360,15,2023-05-06,155.0,2013.85
10361,15,2023-05-07,189.1,2269.76
10362,15,2023-05-08,150.8,1760.44
10363,15,2023-05-09,176.0,2214.77
10364,15,2023-05-10,197.5,2834.91
10365,15,2023-05-11,173.5,1474.21
10366,15,2023-05-12,166.0,1710.89
10367,15,2023-05-13,174.1,2054.42
10368,15,2023-05-14,198.4,2691.7
10369,15,2023-05-15,176.7,1887.72
10370,15,2023-05-16,167.1,2041.1
10371,15,2023-05-17,194.7,1807.77
10372,15,2023-05-18,160.8,1737.36
10373,15,2023-05-19,170.4,2510.85
10374,15,2023-05-20,158.9,1322.31
10375,15,2023-05-21,184.1,1747.59
10376,15,2023-05-22,177.4,1758.46
10377,15,2023-05-23,159.4,1397.84
10378,15,2023-05-24,155.2,1643.98
10379,15,2023-05-25,184.1,2505.02
10380,15,2023-05-26,161.3,2189.74
10381,15,2023-05-27,142.7,1552.43
10382,15,2023-05-28,177.8,1818.07
10383,15,2023-05-29,177.2,1770.19
10384,15,2023-05-30,169.7,1902.98
10385,15,2023-05-31,181.2,1770.89
10386,15,2023-06-01,173.9,1732.58
10387,15,2023-06-02,182.0,2630.41
10388,15,2023-06-03,172.0,1391.68
10389,15,2023-06-04,149.3,1788.18
10390,15,2023-06-05,157.9,1962.8
10391,15,2023-06-06,167.9,1991.19
10392,15,2023-06-07,168.2,1833.04
10393,15,2023-06-08,161.7,1572.82
10394,15,2023-06-09,156.8,2133.24
10395,15,2023-06-10,142.9,1632.0
10396,15,2023-06-11,173.4,1652.73
10397,15,2023-06-12,172.1,2515.09
10398,15,2023-06-13,163.9,1403.34
10399,15,2023-06-14,164.0,1758.33
10400,15,2023-06-15,188.9,2423.02
10401,15,2023-06-16,159.5,1314.38
10402,15,2023-06-17,160.3,1642.69
10403,15,2023-06-18,191.1,1964.74
10404,15,2023-06-19,165.1,1545.46
10405,15,2023-06-20,172.7,1629.16
10406,15,2023-06-21,164.1,2322.25
10407,15,2023-06-22,177.5,1926.79
10408,15,2023-06-23,166.3,1537.54
10409,15,2023-06-24,197.8,2461.95
10410,15,2023-06-25,184.4,2006.49
10411,15,2023-06-26,169.4,2460.94
10412,15,2023-06-27,160.8,2363.92
10413,15,2023-06-28,163.6,1430.13
10414,15,2023-06-29,168.2,2327.5
10415,15,2023-06-30,182.2,2510.07
10416,15,2023-07-01,170.0,2061.16
10417,15,2023-07-02,161.9,2019.61
10418,15,2023-07-03,171.5,2516.28
10419,15,2023-07-04,174.1,1784.22
10420,15,2023-07-05,157.8,2165.58
10421,15,2023-07-06,173.5,2252.64
10422,15,2023-07-07,170.1,1849.77
10423,15,2023-07-08,190.7,1666.05
10424,15,2023-07-09,154.6,2201.33
10425,15,2023-07-10,178.1,2306.68
10426,15,2023-07-11,165.5,1464.75
10427,15,2023-07-12,178.6,2428.46
10428,15,2023-07-13,169.3,1850.23
10429,15,2023-07-14,185.8,1789.3
10430,15,2023-07-15,157.8,1831.2
10431,15,2023-07-16,178.5,1622.2
10432,15,2023-07-17,185.2,2298.14
10433,15,2023-07-18,189.1,2606.75
10434,15,2023-07-19,194.8,1809.12
10435,15,2023-07-20,178.2,2326.66
10436,15,2023-07-21,177.8,2051.57
10437,15,2023-07-22,145.5,1912.0
10438,15,2023-07-23,145.7,1673.43
10439,15,2023-07-24,182.8,2533.23
10440,15,2023-07-25,146.5,1234.84
10441,15,2023-07-26,205.8,1845.31
10442,15,2023-07-27,174.4,2513.58
10443,15,2023-07-28,151.1,1961.18
10444,15,2023-07-29,165.6,2093.31
10445,15,2023-07-30,165.9,1638.17
10446,15,2023-07-31,173.9,1464.43
10447,15,2023-08-01,176.7,2616.25
10448,15,2023-08-02,186.4,2421.07
10449,15,2023-08-03,151.2,1416.51
10450,15,2023-08-04,163.5,1672.54
10451,15,2023-08-05,152.2,1538.97
10452,15,2023-08-06,167.0,1695.82
10453,15,2023-08-07,164.2,1539.37
10454,15,2023-08-08,153.2,2107.53
10455,15,2023-08-09,150.3,1780.3
10456,15,2023-08-10,198.4,2109.5
10457,15,2023-08-11,171.3,2482.98
10458,15,2023-08-12,159.9,2342.74
10459,15,2023-08-13,154.1,1748.83
10460,15,2023-08-14,190.1,2395.59
10461,15,2023-08-15,160.5,2313.79
10462,15,2023-08-16,181.9,1868.11
10463,15,2023-08-17,174.1,2535.8
10464,15,2023-08-18,166.9,2148.43
10465,15,2023-08-19,151.5,1297.06
10466,15,2023-08-20,157.1,2035.86
10467,15,2023-08-21,204.4,2310.58
10468,15,2023-08-22,168.2,1913.69
10469,15,2023-08-23,177.6,1456.92
10470,15,2023-08-24,168.2,2289.89
10471,15,2023-08-25,186.0,2722.81
10472,15,2023-08-26,157.5,1597.18
10473,15,2023-08-27,164.1,1568.1
10474,15,2023-08-28,163.0,2150.02
10475,15,2023-08-29,173.5,1895.69
10476,15,2023-08-30,191.2,2299.6
10477,15,2023-08-31,159.5,1893.27
10478,15,2023-09-01,170.1,2342.64
10479,15,2023-09-02,183.6,2555.71
10480,15,2023-09-03,156.9,2157.42
10481,15,2023-09-04,184.0,2487.15
10482,15,2023-09-05,178.5,2344.63
10483,15,2023-09-06,149.5,1520.06
10484,15,2023-09-07,163.7,1546.84
10485,15,2023-09-08,163.6,2407.44
10486,15,2023-09-09,135.1,1988.35
10487,15,2023-09-10,164.1,1926.07
10488,15,2023-09-11,155.2,1376.68
10489,15,2023-09-12,160.6,1715.76
10490,15,2023-09-13,170.6,1446.86
10491,15,2023-09-14,199.5,2622.87
10492,15,2023-09-15,174.4,1809.45
10493,15,2023-09-16,187.0,2493.8
10494,15,2023-09-17,174.0,1759.5
10495,15,2023-09-18,157.9,1411.27
10496,15,2023-09-19,184.3,1712.03
10497,15,2023-09-20,172.9,1990.38
10498,15,2023-09-21,185.0,2287.2
10499,15,2023-09-22,160.1,1700.18
10500,15,2023-09-23,154.5,1575.86
10501,15,2023-09-24,168.9,2213.52
10502,15,2023-09-25,180.1,1739.1
10503,15,2023-09-26,153.8,1971.71
10504,15,2023-09-27,155.5,1623.85
10505,15,2023-09-28,187.6,2776.61
10506,15,2023-09-29,155.6,1421.17
10507,15,2023-09-30,154.5,1867.87
10508,15,2023-10-01,174.1,2111.69
10509,15,2023-10-02,160.3,1729.83
10510,15,2023-10-03,163.0,1517.02
10511,15,2023-10-04,166.8,2120.36
10512,15,2023-10-05,147.0,1253.56
10513,15,2023-10-06,144.6,1838.91
10514,15,2023-10-07,171.8,2349.27
10515,15,2023-10-08,158.6,1898.63
10516,15,2023-10-09,181.4,2459.21
10517,15,2023-10-10,167.4,2319.42
10518,15,2023-10-11,156.9,1663.76
10519,15,2023-10-12,190.6,1615.54
10520,15,2023-10-13,159.6,1707.88
10521,15,2023-10-14,159.4,1495.36
10522,15,2023-10-15,148.1,1808.7
10523,15,2023-10-16,157.7,1565.61
10524,15,2023-10-17,164.4,1337.48
10525,15,2023-10-18,147.2,1887.01
10526,15,2023-10-19,154.6,1569.41
10527,15,2023-10-20,184.6,2098.81
10528,15,2023-10-21,154.3,1835.93
10529,15,2023-10-22,159.3,2377.89
10530,15,2023-10-23,171.8,2457.48
10531,15,2023-10-24,173.1,2298.56
10532,15,2023-10-25,160.7,2332.55
10533,15,2023-10-26,180.0,1444.44
10534,15,2023-10-27,181.4,2054.07
10535,15,2023-10-28,156.6,2326.49
10536,15,2023-10-29,150.7,1296.22
10537,15,2023-10-30,154.0,1240.06
10538,15,2023-10-31,172.4,1984.19
10539,15,2023-11-01,157.1,1292.24
10540,15,2023-11-02,157.4,1622.43
10541,15,2023-11-03,164.9,1902.43
10542,15,2023-11-04,158.8,1329.4
10543,15,2023-11-05,173.7,1952.34
10544,15,2023-11-06,157.9,1743.16
10545,15,2023-11-07,179.5,2393.35
10546,15,2023-11-08,178.4,2463.95
10547,15,2023-11-09,178.7,1527.05
10548,15,2023-11-10,160.0,1925.62
10549,15,2023-11-11,162.3,1588.51
10550,15,2023-11-12,190.6,1960.58
10551,15,2023-11-13,162.0,1346.58
10552,15,2023-11-14,159.2,2082.88
10553,15,2023-11-15,168.3,2119.79
10554,15,2023-11-16,175.5,1983.65
10555,15,2023-11-17,181.4,2671.29
10556,15,2023-11-18,154.1,1698.2
10557,15,2023-11-19,153.2,1684.57
10558,15,2023-11-20,136.3,1687.49
10559,15,2023-11-21,176.2,2210.59
10560,15,2023-11-22,174.1,1926.05
10561,15,2023-11-23,165.4,1816.78
10562,15,2023-11-24,166.3,1850.76
10563,15,2023-11-25,161.1,1871.25
10564,15,2023-11-26,182.2,1829.11
10565,15,2023-11-27,165.5,1964.31
10566,15,2023-11-28,181.4,2568.88
10567,15,2023-11-29,163.1,1696.57
10568,15,2023-11-30,154.5,1466.84
10569,15,2023-12-01,149.2,1207.39
10570,15,2023-12-02,162.9,1802.77
10571,15,2023-12-03,165.8,2032.22
10572,15,2023-12-04,158.0,2257.92
10573,15,2023-12-05,157.6,2209.31
10574,15,2023-12-06,148.3,1678.33
10575,15,2023-12-07,172.3,2434.29
10576,15,2023-12-08,174.6,1541.65
10577,15,2023-12-09,174.1,1675.56
10578,15,2023-12-10,180.8,2678.53
10579,15,2023-12-11,175.9,2465.19
10580,15,2023-12-12,166.1,1716.53
10581,15,2023-12-13,131.0,1698.05
10582,15,2023-12-14,181.4,2197.87
10583,15,2023-12-15,148.7,1423.22
10584,15,2023-12-16,179.9,2448.43
10585,15,2023-12-17,162.1,1528.3
10586,15,2023-12-18,161.2,1762.87
10587,15,2023-12-19,180.0,2321.53
10588,15,2023-12-20,151.0,1551.96
10589,15,2023-12-21,144.7,1837.48
10590,15,2023-12-22,159.8,1721.18
10591,15,2023-12-23,179.5,1468.26
10592,15,2023-12-24,152.6,1496.35
10593,15,2023-12-25,150.2,1419.73
10594,15,2023-12-26,174.3,2441.5
10595,15,2023-12-27,157.7,2024.22
10596,15,2023-12-28,160.6,1969.92
10597,15,2023-12-29,188.7,2589.83
10598,15,2023-12-30,153.7,1782.23
10599,15,2023-12-31,151.8,1528.27
10600,15,2024-01-01,154.4,2151.36
10601,15,2024-01-02,143.5,1957.46
10602,15,2024-01-03,152.3,1252.82
10603,15,2024-01-04,177.2,1926.13
10604,15,2024-01-05,167.0,1651.1
10605,15,2024-01-06,188.5,2190.07
10606,15,2024-01-07,162.6,1309.73
10607,15,2024-01-08,166.4,1796.7
10608,15,2024-01-09,158.2,2134.57
10609,15,2024-01-10,177.1,2534.45
10610,15,2024-01-11,188.4,1535.57
10611,15,2024-01-12,168.6,1426.89
10612,15,2024-01-13,149.1,1866.31
10613,15,2024-01-14,175.7,1548.82
10614,15,2024-01-15,166.3,1859.21
10615,15,2024-01-16,137.9,1103.73
10616,15,2024-01-17,152.3,2168.01
10617,15,2024-01-18,172.3,1533.65
10618,15,2024-01-19,179.5,1911.44
10619,15,2024-01-20,165.9,2028.13
10620,15,2024-01-21,172.7,2485.75
10621,15,2024-01-22,191.6,1996.49
10622,15,2024-01-23,180.6,1914.57
10623,15,2024-01-24,147.8,1760.58
10624,15,2024-01-25,179.2,1783.86
10625,15,2024-01-26,160.9,1531.87
10626,15,2024-01-27,146.2,2088.42
10627,15,2024-01-28,174.2,1714.83
10628,15,2024-01-29,140.9,1381.52
10629,15,2024-01-30,172.2,1849.2
10630,15,2024-01-31,159.8,2197.74
10631,15,2024-02-01,166.1,1914.46
10632,15,2024-02-02,183.4,1816.31
10633,15,2024-02-03,162.6,2287.99
10634,15,2024-02-04,152.2,1345.85
10635,15,2024-02-05,160.8,1884.94
10636,15,2024-02-06,167.3,1415.87
10637,15,2024-02-07,149.0,1242.12
10638,15,2024-02-08,160.1,2364.69
10639,15,2024-02-09,175.6,1516.32
10640,15,2024-02-10,176.2,2556.51
10641,15,2024-02-11,178.9,1447.17
10642,15,2024-02-12,161.5,1628.82
10643,15,2024-02-13,158.4,1849.34
10644,15,2024-02-14,172.9,2417.27
10645,15,2024-02-15,183.5,1761.81
10646,15,2024-02-16,172.5,1568.24
10647,15,2024-02-17,162.2,2207.1
10648,15,2024-02-18,141.3,1480.08
10649,15,2024-02-19,181.1,1751.7
10650,15,2024-02-20,166.6,2362.71
10651,15,2024-02-21,153.9,2013.29
10652,15,2024-02-22,170.5,1890.24
10653,15,2024-02-23,168.2,2475.94
10654,15,2024-02-24,168.7,1646.16
10655,15,2024-02-25,148.1,2184.8
10656,15,2024-02-26,130.9,1807.92
10657,15,2024-02-27,168.6,1559.69
10658,15,2024-02-28,155.7,1330.72
10659,15,2024-02-29,176.0,2402.86
10660,15,2024-03-01,150.0,1571.82
10661,15,2024-03-02,168.5,2175.4
10662,15,2024-03-03,148.8,1714.52
10663,15,2024-03-04,164.4,2057.83
10664,15,2024-03-05,160.4,2259.02
10665,15,2024-03-06,182.1,2348.97
10666,15,2024-03-07,172.7,2132.61
10667,15,2024-03-08,158.3,1342.11
10668,15,2024-03-09,154.1,2225.94
10669,15,2024-03-10,143.9,1740.37
10670,15,2024-03-11,159.4,1494.55
10671,15,2024-03-12,153.9,1570.31
10672,15,2024-03-13,175.4,2471.67
10673,15,2024-03-14,175.6,1912.27
10674,15,2024-03-15,164.3,1709.55
10675,15,2024-03-16,152.3,1382.73
10676,15,2024-03-17,162.3,1547.99
10677,15,2024-03-18,170.1,1591.04
10678,15,2024-03-19,172.9,1718.2
10679,15,2024-03-20,179.4,2346.73
10680,15,2024-03-21,199.4,1960.04
10681,15,2024-03-22,160.2,1601.79
10682,15,2024-03-23,171.3,1774.42
10683,15,2024-03-24,146.7,2126.34
10684,15,2024-03-25,154.3,1423.31
10685,15,2024-03-26,158.8,1569.62
10686,15,2024-03-27,174.9,1642.32
10687,15,2024-03-28,190.4,2720.66
10688,15,2024-03-29,162.7,2044.3
10689,15,2024-03-30,154.8,2229.69
10690,15,2024-03-31,161.6,2314.26
10691,15,2024-04-01,157.5,2068.13
10692,15,2024-04-02,160.7,2176.49
10693,15,2024-04-03,130.6,1823.16
10694,15,2024-04-04,175.5,1640.24
10695,15,2024-04-05,156.2,1429.15
10696,15,2024-04-06,161.1,2349.36
10697,15,2024-04-07,179.8,2050.18
10698,15,2024-04-08,166.3,2302.74
10699,15,2024-04-09,159.6,2281.96
10700,15,2024-04-10,161.9,1463.27
10701,15,2024-04-11,144.3,1202.23
10702,15,2024-04-12,124.8,1045.16
10703,15,2024-04-13,151.0,1640.54
10704,15,2024-04-14,175.7,2099.07
10705,15,2024-04-15,179.2,2543.1
10706,15,2024-04-16,153.5,1291.97
10707,15,2024-04-17,142.0,1716.34
10708,15,2024-04-18,176.0,2004.52
10709,15,2024-04-19,152.3,1814.94
10710,15,2024-04-20,157.7,1386.28
10711,15,2024-04-21,172.4,1707.57
10712,15,2024-04-22,137.8,1937.13
10713,15,2024-04-23,149.7,1834.67
10714,15,2024-04-24,142.3,2004.31
10715,15,2024-04-25,153.4,2118.49
10716,15,2024-04-26,172.0,2220.79
10717,15,2024-04-27,183.8,2204.03
10718,15,2024-04-28,164.3,1998.89
10719,15,2024-04-29,172.0,2518.5
10720,15,2024-04-30,138.2,1782.21
10721,15,2024-05-01,164.2,1355.27
10722,15,2024-05-02,159.8,2372.94
10723,15,2024-05-03,170.1,2073.62
10724,15,2024-05-04,171.9,1829.78
10725,15,2024-05-05,141.0,1397.05
10726,15,2024-05-06,155.6,1485.04
10727,15,2024-05-07,176.0,2361.41
10728,15,2024-05-08,162.8,2209.01
10729,15,2024-05-09,134.9,1794.67
10730,15,2024-05-10,153.5,2079.99
10731,15,2024-05-11,137.0,1284.61
10732,15,2024-05-12,175.2,2252.57
10733,15,2024-05-13,166.6,1680.72
10734,15,2024-05-14,157.9,1876.67
10735,15,2024-05-15,156.2,2155.33
10736,15,2024-05-16,177.1,2314.39
10737,15,2024-05-17,157.8,1378.11
10738,15,2024-05-18,168.7,1857.36
10739,15,2024-05-19,157.5,1548.55
10740,15,2024-05-20,180.8,1481.26
10741,15,2024-05-21,176.4,1593.2
10742,15,2024-05-22,147.3,1529.74
10743,15,2024-05-23,163.3,1335.94
10744,15,2024-05-24,174.5,1661.47
10745,15,2024-05-25,188.6,2163.93
10746,15,2024-05-26,141.3,2035.6
10747,15,2024-05-27,155.7,1705.12
10748,15,2024-05-28,147.9,1790.5
10749,15,2024-05-29,154.0,2097.52
10750,15,2024-05-30,165.7,2033.47
10751,15,2024-05-31,148.6,1989.0
10752,15,2024-06-01,169.2,1447.5
10753,15,2024-06-02,154.4,1359.32
10754,15,2024-06-03,162.8,1425.62
10755,15,2024-06-04,158.7,2373.51
10756,15,2024-06-05,155.7,1625.2
10757,15,2024-06-06,153.4,1714.96
10758,15,2024-06-07,165.6,1539.72
10759,15,2024-06-08,150.0,2155.56
10760,15,2024-06-09,158.8,1768.49
10761,15,2024-06-10,169.5,1516.57
10762,15,2024-06-11,164.5,2271.07
10763,15,2024-06-12,157.6,1973.81
10764,15,2024-06-13,136.5,1955.47
10765,15,2024-06-14,176.8,2284.9
10766,15,2024-06-15,152.8,1250.53
10767,15,2024-06-16,177.6,2337.91
10768,15,2024-06-17,157.7,1716.41
10769,15,2024-06-18,165.3,2378.38
10770,15,2024-06-19,183.2,2218.04
10771,15,2024-06-20,174.4,1455.68
10772,15,2024-06-21,156.4,2237.23
10773,15,2024-06-22,165.0,1609.08
10774,15,2024-06-23,162.3,2088.28
10775,15,2024-06-24,168.4,1595.36
10776,15,2024-06-25,172.8,1715.47
10777,15,2024-06-26,137.5,1807.22
10778,15,2024-06-27,188.6,2008.45
10779,15,2024-06-28,157.3,1302.28
10780,15,2024-06-29,175.1,1422.27
10781,15,2024-06-30,168.0,1982.59
10782,15,2024-07-01,188.8,2554.71
10783,15,2024-07-02,164.3,1891.61
10784,15,2024-07-03,169.3,2045.14
10785,15,2024-07-04,142.3,1775.86
10786,15,2024-07-05,163.3,1393.76
10787,15,2024-07-06,175.7,1840.24
10788,15,2024-07-07,166.8,1417.82
10789,15,2024-07-08,145.3,1416.09
10790,15,2024-07-09,177.4,2274.39
10791,15,2024-07-10,194.4,1748.52
10792,15,2024-07-11,156.9,2148.24
10793,15,2024-07-12,165.6,2460.02
10794,15,2024-07-13,161.1,1688.74
10795,15,2024-07-14,140.7,1867.31
10796,15,2024-07-15,175.8,1740.52
10797,15,2024-07-16,156.6,1941.71
10798,15,2024-07-17,160.6,2354.69
10799,15,2024-07-18,169.9,1708.12
10800,15,2024-07-19,150.0,1943.4
10801,15,2024-07-20,147.2,1792.79
10802,15,2024-07-21,167.6,2348.51
10803,15,2024-07-22,180.1,2290.46
10804,15,2024-07-23,148.2,1452.91
10805,15,2024-07-24,161.3,1691.28
10806,15,2024-07-25,170.6,1561.15
10807,15,2024-07-26,183.4,2267.85
10808,15,2024-07-27,156.8,2052.28
10809,15,2024-07-28,155.6,1811.54
10810,15,2024-07-29,178.8,2665.2
10811,15,2024-07-30,158.4,2026.77
10812,15,2024-07-31,165.5,1633.64
10813,15,2024-08-01,165.5,1829.08
10814,15,2024-08-02,151.6,1400.75
10815,15,2024-08-03,162.8,2366.28
10816,15,2024-08-04,161.5,1966.32
10817,15,2024-08-05,143.6,1945.96
10818,15,2024-08-06,158.4,2316.03
10819,15,2024-08-07,163.4,1312.38
10820,15,2024-08-08,165.6,1797.49
10821,15,2024-08-09,171.6,1451.46
10822,15,2024-08-10,156.5,1833.67
10823,15,2024-08-11,164.6,2228.98
10824,15,2024-08-12,147.3,1840.48
10825,15,2024-08-13,165.6,1544.92
10826,15,2024-08-14,176.7,1887.3
10827,15,2024-08-15,156.9,1658.01
10828,15,2024-08-16,150.7,1702.18
10829,15,2024-08-17,161.5,2147.22
10830,15,2024-08-18,159.4,1315.2
10831,15,2024-08-19,170.6,2434.55
10832,15,2024-08-20,166.6,1827.57
10833,15,2024-08-21,171.2,2301.08
10834,15,2024-08-22,152.4,1790.56
10835,15,2024-08-23,163.5,1382.88
10836,15,2024-08-24,147.7,1285.65
10837,15,2024-08-25,143.6,1613.23
10838,15,2024-08-26,138.8,1440.04
10839,15,2024-08-27,156.5,1484.69
10840,15,2024-08-28,145.5,1463.42
10841,15,2024-08-29,137.3,1334.44
10842,15,2024-08-30,156.5,2165.21
10843,15,2024-08-31,174.4,2023.12
10844,15,2024-09-01,160.9,2311.52
10845,15,2024-09-02,168.0,1935.59
10846,15,2024-09-03,139.5,2012.79
10847,15,2024-09-04,173.8,2076.2
10848,15,2024-09-05,155.3,2012.52
10849,15,2024-09-06,146.3,1476.98
10850,15,2024-09-07,174.1,1769.84
10851,15,2024-09-08,176.3,1455.08
10852,15,2024-09-09,163.2,1953.51
10853,15,2024-09-10,170.0,1533.17
10854,15,2024-09-11,154.9,1850.16
10855,15,2024-09-12,157.8,2081.91
10856,15,2024-09-13,161.0,2282.2
10857,15,2024-09-14,154.0,1567.1
10858,15,2024-09-15,162.4,2010.1
10859,15,2024-09-16,156.3,2049.84
10860,15,2024-09-17,161.4,1596.54
10861,15,2024-09-18,166.7,1943.56
10862,15,2024-09-19,172.1,2159.87
10863,15,2024-09-20,154.6,2068.83
10864,15,2024-09-21,171.3,1560.58
10865,15,2024-09-22,172.6,1915.85
10866,15,2024-09-23,169.8,2301.22
10867,15,2024-09-24,168.1,1476.79
10868,15,2024-09-25,159.6,1423.04
10869,15,2024-09-26,161.8,1827.93
10870,15,2024-09-27,161.8,2385.67
10871,15,2024-09-28,138.8,1542.71
10872,15,2024-09-29,160.4,2383.64
10873,15,2024-09-30,164.2,2229.66
10874,15,2024-10-01,156.5,1736.67
10875,15,2024-10-02,189.1,2393.77
10876,15,2024-10-03,170.2,1453.09
10877,15,2024-10-04,160.2,2325.97
10878,15,2024-10-05,167.3,2078.61
10879,15,2024-10-06,182.6,2520.87
10880,15,2024-10-07,132.9,1366.42
10881,15,2024-10-08,157.5,2313.89
10882,15,2024-10-09,166.2,2353.83
10883,15,2024-10-10,155.4,1882.21
10884,15,2024-10-11,179.4,2487.09
10885,15,2024-10-12,180.9,2448.46
10886,15,2024-10-13,162.2,1880.36
10887,15,2024-10-14,138.8,1348.37
10888,15,2024-10-15,160.2,2296.92
10889,15,2024-10-16,147.7,2183.58
10890,15,2024-10-17,156.9,2323.34
10891,15,2024-10-18,137.2,1589.54
10892,15,2024-10-19,179.1,2388.64
10893,15,2024-10-20,153.6,2021.33
10894,15,2024-10-21,137.6,1481.79
10895,15,2024-10-22,157.9,2078.41
10896,15,2024-10-23,150.8,2236.81
10897,15,2024-10-24,158.4,1766.05
10898,15,2024-10-25,150.4,1458.07
10899,15,2024-10-26,143.4,1432.38
10900,15,2024-10-27,163.6,2203.46
10901,15,2024-10-28,160.3,1716.51
10902,15,2024-10-29,157.4,1770.14
10903,15,2024-10-30,143.6,2076.21
10904,15,2024-10-31,147.0,1946.58
10905,15,2024-11-01,174.6,2576.95
10906,15,2024-11-02,143.4,1221.9
10907,15,2024-11-03,146.3,2061.77
10908,15,2024-11-04,148.7,1376.3
10909,15,2024-11-05,163.4,2017.67
10910,15,2024-11-06,131.7,1799.34
10911,15,2024-11-07,169.6,2502.34
10912,15,2024-11-08,124.8,1257.97
10913,15,2024-11-09,168.8,2261.85
10914,15,2024-11-10,143.8,1568.0
10915,15,2024-11-11,166.4,2112.14
10916,15,2024-11-12,148.1,2093.51
10917,15,2024-11-13,151.8,2098.67
10918,15,2024-11-14,163.8,1511.7
10919,15,2024-11-15,162.4,1947.48
10920,15,2024-11-16,164.2,2051.61
10921,15,2024-11-17,171.0,1925.09
10922,15,2024-11-18,150.1,1435.06
10923,15,2024-11-19,150.6,2064.31
10924,15,2024-11-20,165.4,1847.91
10925,15,2024-11-21,133.4,1907.9
10926,15,2024-11-22,153.4,1322.18
10927,15,2024-11-23,162.3,2263.66
10928,15,2024-11-24,143.8,1246.43
10929,15,2024-11-25,169.5,2045.99
10930,15,2024-11-26,169.0,1928.19
10931,15,2024-11-27,141.8,1803.69
10932,15,2024-11-28,138.6,1172.49
10933,15,2024-11-29,135.0,1520.61
10934,15,2024-11-30,165.5,1971.48
10935,15,2024-12-01,159.7,1531.42
10936,15,2024-12-02,170.1,1455.28
10937,15,2024-12-03,167.4,2126.85
10938,15,2024-12-04,186.5,2091.37
10939,15,2024-12-05,156.1,1753.14
10940,15,2024-12-06,149.9,1930.0
10941,15,2024-12-07,171.5,1783.96
10942,15,2024-12-08,150.1,1560.89
10943,15,2024-12-09,166.5,1421.2
10944,15,2024-12-10,142.3,1499.68
10945,15,2024-12-11,144.8,1220.03
10946,15,2024-12-12,146.4,1366.55
10947,15,2024-12-13,159.6,1577.85
10948,15,2024-12-14,116.0,1456.02
10949,15,2024-12-15,140.7,1897.08
10950,15,2024-12-16,136.9,1624.7
10951,15,2024-12-17,154.8,2135.78
10952,15,2024-12-18,162.6,2141.66
10953,15,2024-12-19,142.9,1962.72
10954,15,2024-12-20,178.4,1442.31
10955,15,2024-12-21,152.0,1525.14
10956,15,2024-12-22,160.4,2371.65
10957,15,2024-12-23,154.5,1327.49
10958,15,2024-12-24,150.4,2102.52
10959,15,2024-12-25,169.4,1980.14
10960,15,2024-12-26,165.2,1735.14
10961,15,2024-12-27,185.2,1778.16
10962,15,2024-12-28,159.0,1426.6
10963,15,2024-12-29,148.8,1344.52
10964,15,2024-12-30,140.7,1280.06
10965,15,2024-12-31,164.6,1821.93
10966,16,2023-01-01,232.8,1986.13
10967,16,2023-01-02,210.8,1826.82
10968,16,2023-01-03,255.8,3672.26
10969,16,2023-01-04,215.3,2355.07
10970,16,2023-01-05,254.0,2666.58
10971,16,2023-01-06,259.2,2109.4
10972,16,2023-01-07,273.3,2564.77
10973,16,2023-01-08,190.1,2207.82
10974,16,2023-01-09,221.7,2882.31
10975,16,2023-01-10,222.8,3150.44
10976,16,2023-01-11,271.5,2291.72
10977,16,2023-01-12,254.2,3010.17
10978,16,2023-01-13,244.9,2739.37
10979,16,2023-01-14,247.8,2631.22
10980,16,2023-01-15,236.7,3055.5
10981,16,2023-01-16,221.4,3125.49
10982,16,2023-01-17,223.8,3144.44
10983,16,2023-01-18,235.3,2258.23
10984,16,2023-01-19,243.2,3032.96
10985,16,2023-01-20,248.5,2008.94
10986,16,2023-01-21,230.9,2950.21
10987,16,2023-01-22,240.5,3319.48
10988,16,2023-01-23,266.1,3584.09
10989,16,2023-01-24,230.6,2283.34
10990,16,2023-01-25,280.0,3926.61
10991,16,2023-01-26,264.7,3140.14
10992,16,2023-01-27,253.5,2333.35
10993,16,2023-01-28,223.6,3231.5
10994,16,2023-01-29,202.8,2883.03
10995,16,2023-01-30,234.0,1879.43
10996,16,2023-01-31,264.4,3377.26
10997,16,2023-02-01,271.0,3676.4
10998,16,2023-02-02,232.4,2574.89
10999,16,2023-02-03,255.4,3702.8
11000,16,2023-02-04,251.8,3041.46
11001,16,2023-02-05,241.7,2004.25
11002,16,2023-02-06,272.0,2471.67
11003,16,2023-02-07,239.9,1936.64
11004,16,2023-02-08,239.6,3357.13
11005,16,2023-02-09,202.3,2198.26
11006,16,2023-02-10,262.8,2954.44
11007,16,2023-02-11,238.7,3332.62
11008,16,2023-02-12,235.6,3111.06
11009,16,2023-02-13,226.0,2218.17
11010,16,2023-02-14,295.0,3333.09
11011,16,2023-02-15,272.9,2501.26
11012,16,2023-02-16,256.2,3508.38
11013,16,2023-02-17,243.0,2977.44
11014,16,2023-02-18,199.9,2282.0
11015,16,2023-02-19,223.5,2463.75
11016,16,2023-02-20,245.4,2445.35
11017,16,2023-02-21,217.4,2014.6
11018,16,2023-02-22,250.3,2970.62
11019,16,2023-02-23,243.7,3492.96
11020,16,2023-02-24,244.3,2951.67
11021,16,2023-02-25,272.3,2676.83
11022,16,2023-02-26,229.9,1965.21
11023,16,2023-02-27,216.5,2756.38
11024,16,2023-02-28,222.2,2635.76
11025,16,2023-03-01,221.6,3226.71
11026,16,2023-03-02,286.4,2486.1
11027,16,2023-03-03,230.8,2969.49
11028,16,2023-03-04,265.3,3851.13
11029,16,2023-03-05,233.4,1914.65
11030,16,2023-03-06,242.0,2496.26
11031,16,2023-03-07,227.9,2356.57
11032,16,2023-03-08,260.1,3508.58
11033,16,2023-03-09,209.8,2443.58
11034,16,2023-03-10,235.3,3005.87
11035,16,2023-03-11,264.0,2578.58
11036,16,2023-03-12,223.6,1964.31
11037,16,2023-03-13,218.8,3191.05
11038,16,2023-03-14,244.8,1959.2
11039,16,2023-03-15,225.6,3141.36
11040,16,2023-03-16,260.0,2189.2
11041,16,2023-03-17,243.2,2678.68
11042,16,2023-03-18,270.3,2692.17
11043,16,2023-03-19,233.5,3047.39
11044,16,2023-03-20,250.4,2785.08
11045,16,2023-03-21,237.8,2013.11
11046,16,2023-03-22,223.8,2237.9
11047,16,2023-03-23,259.4,3597.17
11048,16,2023-03-24,233.4,1885.71
11049,16,2023-03-25,211.8,2168.8
11050,16,2023-03-26,244.8,1995.27
11051,16,2023-03-27,228.6,2159.58
11052,16,2023-03-28,218.8,3175.32
11053,16,2023-03-29,241.7,3406.83
11054,16,2023-03-30,238.7,2220.64
11055,16,2023-03-31,230.0,3151.02
11056,16,2023-04-01,243.5,2415.31
11057,16,2023-04-02,240.7,3217.47
11058,16,2023-04-03,275.2,2452.99
11059,16,2023-04-04,263.1,3847.6
11060,16,2023-04-05,251.5,3221.16
11061,16,2023-04-06,251.0,3652.73
11062,16,2023-04-07,246.9,2823.97
11063,16,2023-04-08,239.4,2847.22
11064,16,2023-04-09,221.9,2756.14
11065,16,2023-04-10,223.3,2122.14
11066,16,2023-04-11,236.2,2177.41
11067,16,2023-04-12,257.8,2853.16
11068,16,2023-04-13,234.5,2807.34
11069,16,2023-04-14,240.4,3392.82
11070,16,2023-04-15,215.0,2884.54
11071,16,2023-04-16,258.4,2331.77
11072,16,2023-04-17,217.0,2761.13
11073,16,2023-04-18,242.7,3039.27
11074,16,2023-04-19,232.2,2255.48
11075,16,2023-04-20,235.8,3064.7
11076,16,2023-04-21,257.5,3234.06
11077,16,2023-04-22,230.9,2703.64
11078,16,2023-04-23,222.7,3101.25
11079,16,2023-04-24,267.0,3121.88
11080,16,2023-04-25,217.7,3179.06
11081,16,2023-04-26,239.9,3042.25
11082,16,2023-04-27,234.4,2232.48
11083,16,2023-04-28,233.0,2600.07
11084,16,2023-04-29,244.8,3116.57
11085,16,2023-04-30,234.8,3451.84
11086,16,2023-05-01,237.4,3418.26
11087,16,2023-05-02,232.9,1919.1
11088,16,2023-05-03,233.5,3325.65
11089,16,2023-05-04,254.1,3682.91
11090,16,2023-05-05,266.2,3201.75
11091,16,2023-05-06,237.1,2116.55
11092,16,2023-05-07,236.6,2402.66
11093,16,2023-05-08,264.5,2470.06
11094,16,2023-05-09,230.7,3016.77
11095,16,2023-05-10,241.3,3242.28
11096,16,2023-05-11,240.4,3553.52
11097,16,2023-05-12,224.3,2588.28
11098,16,2023-05-13,233.6,2072.13
11099,16,2023-05-14,206.1,2357.4
11100,16,2023-05-15,239.2,3503.63
11101,16,2023-05-16,226.7,2677.98
11102,16,2023-05-17,227.7,3163.15
11103,16,2023-05-18,256.7,2561.25
11104,16,2023-05-19,258.6,2109.28
11105,16,2023-05-20,231.6,3427.43
11106,16,2023-05-21,220.7,3186.98
11107,16,2023-05-22,252.7,3046.3
11108,16,2023-05-23,223.5,1865.94
11109,16,2023-05-24,235.3,2981.42
11110,16,2023-05-25,195.1,1963.91
11111,16,2023-05-26,238.5,2323.12
11112,16,2023-05-27,254.3,2597.92
11113,16,2023-05-28,254.1,3352.87
11114,16,2023-05-29,265.2,2664.74
11115,16,2023-05-30,221.0,2060.11
11116,16,2023-05-31,208.2,2672.44
11117,16,2023-06-01,216.5,2139.76
11118,16,2023-06-02,216.9,2422.23
11119,16,2023-06-03,251.5,3428.22
11120,16,2023-06-04,249.3,3078.21
11121,16,2023-06-05,258.8,2141.48
11122,16,2023-06-06,222.2,3019.53
11123,16,2023-06-07,253.0,2197.12
11124,16,2023-06-08,261.4,3916.77
11125,16,2023-06-09,255.6,2159.72
11126,16,2023-06-10,257.1,2774.17
11127,16,2023-06-11,235.2,2821.09
11128,16,2023-06-12,226.2,3200.93
11129,16,2023-06-13,255.8,2340.8
11130,16,2023-06-14,211.6,2216.63
11131,16,2023-06-15,208.1,2217.87
11132,16,2023-06-16,245.5,2233.37
11133,16,2023-06-17,220.8,2995.27
11134,16,2023-06-18,231.7,1984.74
11135,16,2023-06-19,251.1,3594.68
11136,16,2023-06-20,221.0,3260.25
11137,16,2023-06-21,230.8,2307.59
11138,16,2023-06-22,249.8,3521.45
11139,16,2023-06-23,245.3,2500.76
11140,16,2023-06-24,255.4,2443.87
11141,16,2023-06-25,232.2,2933.71
11142,16,2023-06-26,248.2,3666.82
11143,16,2023-06-27,219.5,2189.82
11144,16,2023-06-28,256.4,2217.67
11145,16,2023-06-29,243.2,2297.26
11146,16,2023-06-30,277.8,2664.69
11147,16,2023-07-01,232.1,3393.89
11148,16,2023-07-02,261.9,3336.93
11149,16,2023-07-03,255.0,3391.31
11150,16,2023-07-04,261.2,2402.49
11151,16,2023-07-05,261.7,2129.46
11152,16,2023-07-06,243.3,2156.48
11153,16,2023-07-07,223.3,2072.36
11154,16,2023-07-08,219.5,2715.45
11155,16,2023-07-09,223.4,3203.93
11156,16,2023-07-10,229.7,2954.86
11157,16,2023-07-11,225.4,2971.71
11158,16,2023-07-12,214.0,2896.13
11159,16,2023-07-13,248.3,2236.13
11160,16,2023-07-14,246.4,2218.62
11161,16,2023-07-15,231.4,1998.51
11162,16,2023-07-16,235.6,2121.22
11163,16,2023-07-17,240.5,3006.2
11164,16,2023-07-18,222.7,3275.27
11165,16,2023-07-19,236.4,3450.12
11166,16,2023-07-20,256.7,2830.77
11167,16,2023-07-21,215.9,2689.01
11168,16,2023-07-22,255.3,3004.12
11169,16,2023-07-23,270.1,2488.4
11170,16,2023-07-24,257.1,2599.21
11171,16,2023-07-25,224.8,2340.16
11172,16,2023-07-26,248.8,3150.94
11173,16,2023-07-27,222.5,2370.11
11174,16,2023-07-28,239.5,2209.94
11175,16,2023-07-29,263.0,2559.54
11176,16,2023-07-30,252.8,3284.25
11177,16,2023-07-31,204.8,2389.21
11178,16,2023-08-01,230.4,2455.71
11179,16,2023-08-02,253.3,3440.07
11180,16,2023-08-03,223.4,3039.36
11181,16,2023-08-04,216.9,3011.26
11182,16,2023-08-05,230.9,2379.46
11183,16,2023-08-06,252.9,3383.02
11184,16,2023-08-07,249.8,2679.64
11185,16,2023-08-08,242.1,2913.03
11186,16,2023-08-09,248.2,3198.58
11187,16,2023-08-10,236.3,3347.34
11188,16,2023-08-11,228.9,2089.1
11189,16,2023-08-12,204.8,2149.17
11190,16,2023-08-13,208.1,2483.61
11191,16,2023-08-14,258.2,3121.53
11192,16,2023-08-15,254.1,2206.16
11193,16,2023-08-16,249.7,2595.08
11194,16,2023-08-17,240.2,2997.52
11195,16,2023-08-18,248.2,2692.66
11196,16,2023-08-19,226.6,2384.12
11197,16,2023-08-20,228.2,2324.67
11198,16,2023-08-21,238.8,2188.36
11199,16,2023-08-22,230.6,3140.39
11200,16,2023-08-23,221.2,2081.2
11201,16,2023-08-24,270.4,2618.88
11202,16,2023-08-25,242.3,3506.38
11203,16,2023-08-26,230.7,3443.18
11204,16,2023-08-27,249.4,3163.86
11205,16,2023-08-28,257.3,3258.79
11206,16,2023-08-29,215.6,2639.89
11207,16,2023-08-30,218.6,3246.72
11208,16,2023-08-31,256.1,3586.16
11209,16,2023-09-01,269.9,3773.29
11210,16,2023-09-02,252.0,3685.55
11211,16,2023-09-03,234.7,3350.17
11212,16,2023-09-04,253.2,2027.09
11213,16,2023-09-05,222.3,3152.04
11214,16,2023-09-06,232.0,3362.52
11215,16,2023-09-07,223.8,3331.41
11216,16,2023-09-08,211.8,2533.77
11217,16,2023-09-09,250.9,3229.35
11218,16,2023-09-10,150.9,2215.45
11219,16,2023-09-11,216.7,2014.58
11220,16,2023-09-12,229.3,1866.92
11221,16,2023-09-13,252.6,3281.19
11222,16,2023-09-14,239.8,3584.79
11223,16,2023-09-15,237.5,2709.06
11224,16,2023-09-16,255.2,3164.08
11225,16,2023-09-17,242.6,2729.08
11226,16,2023-09-18,220.5,2755.66
11227,16,2023-09-19,202.6,2483.15
11228,16,2023-09-20,249.8,2638.91
11229,16,2023-09-21,249.2,2527.95
11230,16,2023-09-22,217.7,3096.92
11231,16,2023-09-23,246.0,2952.17
11232,16,2023-09-24,212.8,1996.68
11233,16,2023-09-25,274.3,2805.83
11234,16,2023-09-26,225.1,1980.15
11235,16,2023-09-27,211.9,2705.95
11236,16,2023-09-28,248.3,3446.12
11237,16,2023-09-29,234.3,2603.89
11238,16,2023-09-30,217.6,2704.74
11239,16,2023-10-01,220.4,1781.78
11240,16,2023-10-02,202.7,1795.19
11241,16,2023-10-03,209.9,1891.27
11242,16,2023-10-04,244.3,2508.94
11243,16,2023-10-05,222.0,3017.59
11244,16,2023-10-06,227.5,1919.38
11245,16,2023-10-07,224.5,2857.32
11246,16,2023-10-08,264.7,2214.96
11247,16,2023-10-09,238.5,2142.25
11248,16,2023-10-10,239.2,2279.66
11249,16,2023-10-11,249.8,2778.45
11250,16,2023-10-12,241.6,2753.99
11251,16,2023-10-13,225.5,2255.49
11252,16,2023-10-14,210.8,2204.07
11253,16,2023-10-15,259.8,2678.98
11254,16,2023-10-16,259.6,3686.49
11255,16,2023-10-17,224.3,2942.4
11256,16,2023-10-18,208.1,2748.58
11257,16,2023-10-19,246.8,2558.25
11258,16,2023-10-20,215.6,1790.62
11259,16,2023-10-21,202.8,2139.17
11260,16,2023-10-22,264.9,2609.38
11261,16,2023-10-23,202.7,2861.64
11262,16,2023-10-24,233.1,2098.34
11263,16,2023-10-25,232.2,2306.23
11264,16,2023-10-26,256.1,2594.25
11265,16,2023-10-27,238.6,2499.63
11266,16,2023-10-28,196.7,2464.15
11267,16,2023-10-29,272.3,3330.53
11268,16,2023-10-30,221.6,2151.63
11269,16,2023-10-31,247.2,3688.27
11270,16,2023-11-01,247.6,2284.26
11271,16,2023-11-02,238.9,3511.37
11272,16,2023-11-03,280.4,4152.7
11273,16,2023-11-04,210.6,2889.82
11274,16,2023-11-05,263.3,2270.99
11275,16,2023-11-06,205.5,3053.92
11276,16,2023-11-07,268.9,2733.76
11277,16,2023-11-08,243.6,2338.78
11278,16,2023-11-09,267.1,2169.28
11279,16,2023-11-10,254.1,2358.48
11280,16,2023-11-11,194.4,2119.82
11281,16,2023-11-12,265.7,2224.02
11282,16,2023-11-13,252.2,3190.7
11283,16,2023-11-14,244.9,2049.7
11284,16,2023-11-15,218.0,1776.0
11285,16,2023-11-16,242.1,2102.26
11286,16,2023-11-17,234.2,2028.71
11287,16,2023-11-18,220.7,1836.6
11288,16,2023-11-19,250.1,3690.35
11289,16,2023-11-20,273.2,2719.54
11290,16,2023-11-21,208.8,2778.19
11291,16,2023-11-22,247.9,2382.92
11292,16,2023-11-23,224.5,1949.72
11293,16,2023-11-24,262.9,2811.73
11294,16,2023-11-25,234.7,1924.63
11295,16,2023-11-26,273.3,3603.16
11296,16,2023-11-27,247.3,2674.04
11297,16,2023-11-28,239.9,2472.51
11298,16,2023-11-29,219.6,3212.14
11299,16,2023-11-30,170.6,1733.95
11300,16,2023-12-01,242.7,2517.68
11301,16,2023-12-02,198.5,2828.23
11302,16,2023-12-03,238.8,2643.95
11303,16,2023-12-04,220.8,2805.04
11304,16,2023-12-05,226.9,1856.02
11305,16,2023-12-06,274.7,2851.0
11306,16,2023-12-07,197.8,2620.7
11307,16,2023-12-08,296.7,2884.48
11308,16,2023-12-09,250.2,2676.72
11309,16,2023-12-10,244.1,2388.46
11310,16,2023-12-11,199.0,2457.02
11311,16,2023-12-12,217.2,3171.41
11312,16,2023-12-13,181.6,2350.44
11313,16,2023-12-14,236.6,2665.83
11314,16,2023-12-15,202.6,2747.78
11315,16,2023-12-16,225.9,3105.36
11316,16,2023-12-17,251.6,2329.07
11317,16,2023-12-18,220.8,2227.0
11318,16,2023-12-19,251.8,3517.32
11319,16,2023-12-20,238.9,2165.29
11320,16,2023-12-21,235.4,2647.13
11321,16,2023-12-22,215.5,1860.69
11322,16,2023-12-23,228.4,2677.5
11323,16,2023-12-24,236.1,3540.3
11324,16,2023-12-25,191.3,2225.49
11325,16,2023-12-26,251.7,3221.54
11326,16,2023-12-27,263.5,3159.89
11327,16,2023-12-28,235.2,3516.53
11328,16,2023-12-29,236.7,3019.1
11329,16,2023-12-30,251.4,3410.51
11330,16,2023-12-31,233.6,2570.71
11331,16,2024-01-01,249.8,3300.45
11332,16,2024-01-02,248.5,2467.73
11333,16,2024-01-03,237.3,1959.95
11334,16,2024-01-04,216.4,2005.97
11335,16,2024-01-05,249.2,2811.05
11336,16,2024-01-06,212.3,2379.54
11337,16,2024-01-07,230.7,2408.89
11338,16,2024-01-08,265.5,3912.99
11339,16,2024-01-09,261.2,3582.11
11340,16,2024-01-10,245.4,2042.67
11341,16,2024-01-11,255.4,2426.0
11342,16,2024-01-12,254.4,2235.87
11343,16,2024-01-13,219.3,1756.63
11344,16,2024-01-14,251.6,2406.46
11345,16,2024-01-15,211.6,3054.76
11346,16,2024-01-16,218.2,2100.55
11347,16,2024-01-17,246.8,3493.09
11348,16,2024-01-18,234.6,2384.16
11349,16,2024-01-19,253.1,3651.18
11350,16,2024-01-20,202.3,1632.37
11351,16,2024-01-21,256.1,2784.56
11352,16,2024-01-22,228.9,2985.29
11353,16,2024-01-23,215.9,2406.97
11354,16,2024-01-24,247.8,2964.96
11355,16,2024-01-25,251.5,3350.11
11356,16,2024-01-26,246.1,2017.51
11357,16,2024-01-27,234.5,2818.55
11358,16,2024-01-28,275.5,2922.9
11359,16,2024-01-29,254.1,3062.96
11360,16,2024-01-30,258.4,3625.64
11361,16,2024-01-31,229.2,2627.64
11362,16,2024-02-01,223.2,3283.53
11363,16,2024-02-02,231.0,3344.63
11364,16,2024-02-03,224.3,3203.93
11365,16,2024-02-04,227.1,3162.95
11366,16,2024-02-05,250.1,2885.56
11367,16,2024-02-06,208.7,2701.67
11368,16,2024-02-07,247.0,2542.83
11369,16,2024-02-08,259.0,2506.48
11370,16,2024-02-09,207.5,1986.04
11371,16,2024-02-10,259.4,2483.6
11372,16,2024-02-11,223.3,3017.48
11373,16,2024-02-12,255.8,2896.12
11374,16,2024-02-13,257.7,3406.79
11375,16,2024-02-14,234.9,3397.89
11376,16,2024-02-15,232.1,3259.73
11377,16,2024-02-16,235.3,1889.4
11378,16,2024-02-17,226.5,3063.68
11379,16,2024-02-18,255.3,3730.68
11380,16,2024-02-19,219.9,3262.17
11381,16,2024-02-20,231.9,2171.0
11382,16,2024-02-21,238.4,2951.8
11383,16,2024-02-22,229.9,2469.39
11384,16,2024-02-23,235.1,3372.5
11385,16,2024-02-24,232.6,2483.08
11386,16,2024-02-25,237.3,2828.89
11387,16,2024-02-26,236.6,3496.95
11388,16,2024-02-27,257.3,3497.47
11389,16,2024-02-28,218.5,3069.51
11390,16,2024-02-29,219.9,1889.41
11391,16,2024-03-01,258.3,3536.8
11392,16,2024-03-02,227.7,2042.75
11393,16,2024-03-03,176.5,1811.47
11394,16,2024-03-04,199.1,2870.93
11395,16,2024-03-05,231.3,3202.62
11396,16,2024-03-06,221.6,2428.7
11397,16,2024-03-07,236.9,2827.22
11398,16,2024-03-08,255.0,2051.9
11399,16,2024-03-09,240.7,2746.26
11400,16,2024-03-10,244.6,2097.56
11401,16,2024-03-11,221.2,2652.2
11402,16,2024-03-12,263.6,2650.32
11403,16,2024-03-13,219.2,3002.69
11404,16,2024-03-14,212.2,2330.86
11405,16,2024-03-15,221.7,1823.99
11406,16,2024-03-16,199.1,2834.4
11407,16,2024-03-17,215.8,2162.29
11408,16,2024-03-18,236.6,3521.23
11409,16,2024-03-19,202.7,2226.67
11410,16,2024-03-20,248.1,2434.09
11411,16,2024-03-21,250.0,2837.71
11412,16,2024-03-22,224.3,2081.72
11413,16,2024-03-23,224.5,2907.81
11414,16,2024-03-24,257.6,3570.45
11415,16,2024-03-25,234.4,2309.15
11416,16,2024-03-26,229.7,2592.39
11417,16,2024-03-27,234.0,2076.84
11418,16,2024-03-28,218.6,3031.36
11419,16,2024-03-29,232.3,3218.05
11420,16,2024-03-30,234.9,2413.88
11421,16,2024-03-31,213.0,2949.48
11422,16,2024-04-01,224.3,2429.58
11423,16,2024-04-02,234.5,2370.12
11424,16,2024-04-03,233.5,3227.0
11425,16,2024-04-04,250.8,3720.56
11426,16,2024-04-05,241.5,3405.71
11427,16,2024-04-06,257.8,3347.13
11428,16,2024-04-07,226.4,1908.75
11429,16,2024-04-08,232.6,2079.34
11430,16,2024-04-09,248.6,2729.52
11431,16,2024-04-10,260.0,3126.51
11432,16,2024-04-11,270.9,2652.47
11433,16,2024-04-12,248.2,2660.7
11434,16,2024-04-13,238.4,2959.15
11435,16,2024-04-14,222.7,2909.09
11436,16,2024-04-15,235.7,2991.32
11437,16,2024-04-16,210.1,3031.09
11438,16,2024-04-17,199.0,1610.52
11439,16,2024-04-18,248.7,3580.68
11440,16,2024-04-19,235.8,2851.26
11441,16,2024-04-20,217.8,2006.93
11442,16,2024-04-21,228.8,2919.19
11443,16,2024-04-22,222.9,2157.47
11444,16,2024-04-23,235.5,2863.28
11445,16,2024-04-24,246.4,3024.4
11446,16,2024-04-25,241.9,2711.56
11447,16,2024-04-26,214.9,1884.36
11448,16,2024-04-27,247.6,3301.76
11449,16,2024-04-28,235.1,2674.86
11450,16,2024-04-29,243.7,2861.17
11451,16,2024-04-30,180.6,2641.98
11452,16,2024-05-01,213.6,2426.63
11453,16,2024-05-02,235.1,2525.57
11454,16,2024-05-03,230.3,2987.87
11455,16,2024-05-04,265.5,2239.55
11456,16,2024-05-05,245.3,2020.26
11457,16,2024-05-06,262.3,2509.41
11458,16,2024-05-07,214.8,2370.39
11459,16,2024-05-08,239.0,3402.89
11460,16,2024-05-09,239.4,3448.2
11461,16,2024-05-10,272.1,3356.16
11462,16,2024-05-11,234.7,2384.67
11463,16,2024-05-12,215.3,2051.68
11464,16,2024-05-13,208.4,2771.55
11465,16,2024-05-14,221.4,3048.87
11466,16,2024-05-15,260.3,3501.77
11467,16,2024-05-16,206.2,1799.96
11468,16,2024-05-17,246.7,2409.66
11469,16,2024-05-18,240.9,2034.44
11470,16,2024-05-19,233.1,2191.08
11471,16,2024-05-20,204.5,2864.3
11472,16,2024-05-21,251.4,2256.43
11473,16,2024-05-22,253.2,3457.69
11474,16,2024-05-23,221.4,2864.36
11475,16,2024-05-24,196.5,2896.45
11476,16,2024-05-25,222.8,1999.45
11477,16,2024-05-26,190.5,1719.46
11478,16,2024-05-27,245.1,3231.25
11479,16,2024-05-28,229.8,2742.97
11480,16,2024-05-29,225.6,2439.9
11481,16,2024-05-30,237.7,3450.07
11482,16,2024-05-31,229.9,2508.55
11483,16,2024-06-01,201.8,2823.41
11484,16,2024-06-02,215.6,2582.17
11485,16,2024-06-03,185.8,1925.51
11486,16,2024-06-04,252.0,2191.07
11487,16,2024-06-05,233.2,2772.96
11488,16,2024-06-06,211.1,1936.72
11489,16,2024-06-07,269.4,2690.55
11490,16,2024-06-08,214.1,2210.05
11491,16,2024-06-09,228.1,2757.23
11492,16,2024-06-10,213.4,1881.07
11493,16,2024-06-11,204.4,2605.26
11494,16,2024-06-12,264.0,2693.59
11495,16,2024-06-13,270.8,3475.0
11496,16,2024-06-14,255.7,3400.32
11497,16,2024-06-15,236.5,3366.5
11498,16,2024-06-16,255.3,2725.59
11499,16,2024-06-17,253.9,3639.42
11500,16,2024-06-18,242.2,2406.48
11501,16,2024-06-19,225.1,2711.36
11502,16,2024-06-20,221.7,3199.49
11503,16,2024-06-21,247.3,3311.96
11504,16,2024-06-22,235.2,2866.87
11505,16,2024-06-23,229.1,1932.5
11506,16,2024-06-24,224.4,2058.39
11507,16,2024-06-25,240.5,2289.89
11508,16,2024-06-26,182.0,2389.67
11509,16,2024-06-27,264.7,3475.6
11510,16,2024-06-28,247.5,3239.03
11511,16,2024-06-29,223.2,2711.13
11512,16,2024-06-30,227.0,2444.21
11513,16,2024-07-01,207.0,2596.71
11514,16,2024-07-02,231.8,2858.23
11515,16,2024-07-03,227.1,3239.09
11516,16,2024-07-04,198.8,2667.25
11517,16,2024-07-05,240.2,2034.96
11518,16,2024-07-06,226.0,2463.05
11519,16,2024-07-07,235.0,3188.43
11520,16,2024-07-08,247.5,2008.48
11521,16,2024-07-09,237.0,2858.13
11522,16,2024-07-10,231.0,3222.29
11523,16,2024-07-11,232.5,2392.83
11524,16,2024-07-12,233.3,2370.89
11525,16,2024-07-13,229.4,3305.2
11526,16,2024-07-14,217.5,2467.45
11527,16,2024-07-15,245.5,3249.56
11528,16,2024-07-16,239.4,3093.83
11529,16,2024-07-17,251.1,2675.35
11530,16,2024-07-18,250.6,2747.45
11531,16,2024-07-19,216.5,2427.13
11532,16,2024-07-20,222.8,3185.96
11533,16,2024-07-21,222.3,3041.15
11534,16,2024-07-22,234.8,3416.1
11535,16,2024-07-23,242.0,2190.63
11536,16,2024-07-24,246.7,2576.08
11537,16,2024-07-25,216.4,1892.57
11538,16,2024-07-26,233.9,3400.78
11539,16,2024-07-27,211.1,2172.37
11540,16,2024-07-28,250.0,2672.27
11541,16,2024-07-29,234.5,2166.46
11542,16,2024-07-30,226.1,3083.26
11543,16,2024-07-31,239.3,3203.94
11544,16,2024-08-01,251.0,2310.1
11545,16,2024-08-02,266.3,3363.99
11546,16,2024-08-03,246.4,2173.45
11547,16,2024-08-04,206.1,2474.5
11548,16,2024-08-05,208.9,2789.59
11549,16,2024-08-06,261.2,2270.95
11550,16,2024-08-07,239.6,3389.68
11551,16,2024-08-08,220.7,2759.26
11552,16,2024-08-09,232.1,2697.56
11553,16,2024-08-10,244.9,3560.01
11554,16,2024-08-11,216.8,2223.97
11555,16,2024-08-12,210.1,3047.79
11556,16,2024-08-13,230.9,2362.0
11557,16,2024-08-14,229.3,1903.53
11558,16,2024-08-15,204.0,1992.87
11559,16,2024-08-16,230.3,2858.15
11560,16,2024-08-17,246.1,3167.04
11561,16,2024-08-18,200.1,2546.8
11562,16,2024-08-19,205.1,2181.68
11563,16,2024-08-20,240.7,2809.06
11564,16,2024-08-21,282.3,3897.96
11565,16,2024-08-22,222.2,2925.78
11566,16,2024-08-23,238.3,3016.44
11567,16,2024-08-24,225.4,1901.43
11568,16,2024-08-25,273.6,4010.68
11569,16,2024-08-26,230.1,2096.02
11570,16,2024-08-27,253.9,3496.83
11571,16,2024-08-28,192.7,2439.48
11572,16,2024-08-29,206.8,2752.61
11573,16,2024-08-30,242.4,2513.23
11574,16,2024-08-31,261.1,2389.58
11575,16,2024-09-01,223.0,2163.93
11576,16,2024-09-02,204.8,2081.1
11577,16,2024-09-03,200.3,2617.89
11578,16,2024-09-04,213.3,2440.87
11579,16,2024-09-05,210.9,3045.98
11580,16,2024-09-06,251.6,3267.79
11581,16,2024-09-07,233.5,2958.79
11582,16,2024-09-08,194.6,1820.65
11583,16,2024-09-09,231.6,3351.63
11584,16,2024-09-10,198.6,2067.54
11585,16,2024-09-11,206.2,2506.39
11586,16,2024-09-12,222.9,2937.92
11587,16,2024-09-13,261.4,2645.16
11588,16,2024-09-14,223.2,2890.76
11589,16,2024-09-15,246.7,3407.78
11590,16,2024-09-16,216.6,2942.6
11591,16,2024-09-17,243.9,2870.41
11592,16,2024-09-18,210.9,3142.63
11593,16,2024-09-19,254.8,2698.96
11594,16,2024-09-20,218.0,2349.56
11595,16,2024-09-21,224.9,2057.84
11596,16,2024-09-22,222.1,2024.32
11597,16,2024-09-23,257.5,3163.97
11598,16,2024-09-24,227.5,3143.93
11599,16,2024-09-25,212.6,2618.61
11600,16,2024-09-26,230.5,2937.38
11601,16,2024-09-27,253.7,3328.36
11602,16,2024-09-28,240.1,2647.86
11603,16,2024-09-29,241.1,2132.27
11604,16,2024-09-30,248.3,2925.19
11605,16,2024-10-01,237.9,3483.58
11606,16,2024-10-02,263.1,2291.98
11607,16,2024-10-03,245.9,3176.58
11608,16,2024-10-04,240.9,2577.7
11609,16,2024-10-05,256.3,2763.16
11610,16,2024-10-06,195.5,2772.25
11611,16,2024-10-07,235.8,2107.5
11612,16,2024-10-08,214.2,2523.35
11613,16,2024-10-09,214.4,2772.4
11614,16,2024-10-10,240.1,2156.1
11615,16,2024-10-11,232.2,2341.62
11616,16,2024-10-12,276.3,2426.19
11617,16,2024-10-13,216.1,1859.28
11618,16,2024-10-14,257.8,3456.36
11619,16,2024-10-15,244.9,2927.78
11620,16,2024-10-16,213.0,1994.08
11621,16,2024-10-17,233.1,1905.54
11622,16,2024-10-18,215.6,1823.29
11623,16,2024-10-19,236.8,2434.99
11624,16,2024-10-20,265.8,3129.7
11625,16,2024-10-21,257.4,3216.56
11626,16,2024-10-22,268.5,3914.88
11627,16,2024-10-23,199.7,1651.3
11628,16,2024-10-24,212.9,1922.69
11629,16,2024-10-25,223.8,2745.68
11630,16,2024-10-26,215.4,1793.42
11631,16,2024-10-27,216.4,3190.61
11632,16,2024-10-28,259.2,3105.1
11633,16,2024-10-29,239.6,3407.02
11634,16,2024-10-30,237.1,2757.04
11635,16,2024-10-31,253.1,2737.43
11636,16,2024-11-01,189.5,1835.22
11637,16,2024-11-02,207.9,2055.25
11638,16,2024-11-03,215.3,1863.22
11639,16,2024-11-04,200.6,2233.86
11640,16,2024-11-05,221.5,2999.86
11641,16,2024-11-06,241.0,2177.47
11642,16,2024-11-07,228.2,3183.42
11643,16,2024-11-08,243.9,2057.29
11644,16,2024-11-09,213.5,2649.03
11645,16,2024-11-10,242.4,3018.68
11646,16,2024-11-11,207.9,3006.89
11647,16,2024-11-12,204.8,1915.84
11648,16,2024-11-13,263.3,3318.21
11649,16,2024-11-14,232.4,2828.53
11650,16,2024-11-15,197.5,2080.63
11651,16,2024-11-16,206.0,1697.68
11652,16,2024-11-17,244.6,3599.05
11653,16,2024-11-18,252.0,2910.73
11654,16,2024-11-19,210.1,2664.83
11655,16,2024-11-20,230.2,2473.19
11656,16,2024-11-21,209.8,2341.93
11657,16,2024-11-22,214.1,2147.74
11658,16,2024-11-23,251.8,2491.99
11659,16,2024-11-24,204.1,2019.97
11660,16,2024-11-25,202.7,2568.16
11661,16,2024-11-26,226.5,2256.65
11662,16,2024-11-27,222.2,2946.0
11663,16,2024-11-28,220.7,2073.95
11664,16,2024-11-29,207.8,2079.46
11665,16,2024-11-30,226.2,2067.08
11666,16,2024-12-01,260.1,2165.88
11667,16,2024-12-02,225.0,2559.41
11668,16,2024-12-03,251.8,3599.58
11669,16,2024-12-04,247.6,2833.63
11670,16,2024-12-05,233.4,2194.16
11671,16,2024-12-06,232.9,2953.0
11672,16,2024-12-07,263.2,2394.85
11673,16,2024-12-08,204.9,2115.73
11674,16,2024-12-09,258.8,3287.28
11675,16,2024-12-10,262.7,3876.28
11676,16,2024-12-11,249.7,3223.72
11677,16,2024-12-12,253.4,2734.18
11678,16,2024-12-13,259.3,3597.32
11679,16,2024-12-14,257.9,2592.87
11680,16,2024-12-15,211.4,1909.44
11681,16,2024-12-16,235.2,2421.39
11682,16,2024-12-17,210.8,2092.63
11683,16,2024-12-18,221.6,2154.74
11684,16,2024-12-19,230.0,2388.39
11685,16,2024-12-20,236.2,3304.86
11686,16,2024-12-21,263.7,2726.95
11687,16,2024-12-22,228.6,2633.18
11688,16,2024-12-23,240.9,3485.11
11689,16,2024-12-24,209.4,2637.59
11690,16,2024-12-25,204.6,2761.35
11691,16,2024-12-26,247.5,2976.92
11692,16,2024-12-27,241.6,3392.39
11693,16,2024-12-28,198.9,2345.69
11694,16,2024-12-29,233.9,3038.61
11695,16,2024-12-30,204.5,1694.95
11696,16,2024-12-31,242.7,2370.38
11697,17,2023-01-01,188.6,1999.42
11698,17,2023-01-02,179.7,2529.19
11699,17,2023-01-03,171.4,1877.99
11700,17,2023-01-04,194.8,2410.25
11701,17,2023-01-05,184.1,2514.09
11702,17,2023-01-06,201.7,2719.48
11703,17,2023-01-07,186.3,2404.34
11704,17,2023-01-08,146.3,1202.37
11705,17,2023-01-09,189.7,1848.57
11706,17,2023-01-10,191.4,2845.45
11707,17,2023-01-11,202.6,2267.5
11708,17,2023-01-12,174.6,2296.98
11709,17,2023-01-13,178.6,1553.45
11710,17,2023-01-14,175.0,2460.01
11711,17,2023-01-15,201.3,2766.03
11712,17,2023-01-16,169.4,2423.98
11713,17,2023-01-17,195.1,2555.97
11714,17,2023-01-18,173.6,1399.48
11715,17,2023-01-19,185.0,2023.76
11716,17,2023-01-20,162.9,2351.13
11717,17,2023-01-21,193.9,2174.72
11718,17,2023-01-22,182.9,2698.12
11719,17,2023-01-23,196.6,1716.96
11720,17,2023-01-24,193.5,2341.72
11721,17,2023-01-25,179.0,2213.47
11722,17,2023-01-26,174.0,2276.67
11723,17,2023-01-27,186.0,2224.54
11724,17,2023-01-28,177.1,1514.48
11725,17,2023-01-29,212.9,1782.25
11726,17,2023-01-30,185.5,2471.32
11727,17,2023-01-31,203.3,1936.58
11728,17,2023-02-01,189.5,2621.09
11729,17,2023-02-02,182.4,1714.16
11730,17,2023-02-03,173.0,2444.54
11731,17,2023-02-04,190.7,2411.39
11732,17,2023-02-05,170.6,2490.26
11733,17,2023-02-06,187.3,1505.97
11734,17,2023-02-07,191.1,2008.55
11735,17,2023-02-08,181.7,2221.04
11736,17,2023-02-09,241.9,3561.17
11737,17,2023-02-10,196.2,2702.26
11738,17,2023-02-11,177.4,1761.39
11739,17,2023-02-12,198.4,2244.72
11740,17,2023-02-13,202.9,1909.07
11741,17,2023-02-14,190.0,1744.99
11742,17,2023-02-15,195.8,2532.64
11743,17,2023-02-16,192.7,1842.57
11744,17,2023-02-17,189.8,2832.66
11745,17,2023-02-18,189.8,2391.27
11746,17,2023-02-19,168.7,1844.4
11747,17,2023-02-20,199.7,2499.3
11748,17,2023-02-21,184.0,2112.63
11749,17,2023-02-22,185.6,1542.63
11750,17,2023-02-23,183.2,2468.54
11751,17,2023-02-24,173.1,2073.27
11752,17,2023-02-25,181.4,1807.13
11753,17,2023-02-26,203.6,2633.81
11754,17,2023-02-27,203.8,3045.71
11755,17,2023-02-28,174.4,2377.3
11756,17,2023-03-01,150.7,1815.42
11757,17,2023-03-02,160.9,1429.99
11758,17,2023-03-03,179.2,2260.14
11759,17,2023-03-04,159.0,1627.07
11760,17,2023-03-05,173.7,1930.71
11761,17,2023-03-06,200.7,2921.84
11762,17,2023-03-07,207.8,2415.73
11763,17,2023-03-08,162.7,2161.5
11764,17,2023-03-09,182.6,1640.32
11765,17,2023-03-10,144.5,1821.79
11766,17,2023-03-11,180.1,2597.58
11767,17,2023-03-12,196.2,2281.98
11768,17,2023-03-13,175.7,1962.52
11769,17,2023-03-14,195.9,2897.69
11770,17,2023-03-15,207.9,2512.85
11771,17,2023-03-16,219.2,2993.94
11772,17,2023-03-17,157.0,1928.8
11773,17,2023-03-18,187.6,2313.41
11774,17,2023-03-19,185.4,1977.23
11775,17,2023-03-20,200.3,1622.19
11776,17,2023-03-21,203.5,2293.76
11777,17,2023-03-22,184.3,2480.19
11778,17,2023-03-23,209.7,2339.07
11779,17,2023-03-24,182.2,2148.16
11780,17,2023-03-25,171.6,1791.96
11781,17,2023-03-26,195.7,2082.75
11782,17,2023-03-27,167.2,2076.31
11783,17,2023-03-28,194.8,2070.4
11784,17,2023-03-29,195.5,2341.54
11785,17,2023-03-30,200.1,2831.89
11786,17,2023-03-31,182.1,1894.6
11787,17,2023-04-01,198.5,2500.54
11788,17,2023-04-02,154.6,1595.3
11789,17,2023-04-03,191.2,2402.61
11790,17,2023-04-04,186.8,1702.15
11791,17,2023-04-05,202.3,2850.8
11792,17,2023-04-06,218.6,2284.74
11793,17,2023-04-07,211.7,2470.52
11794,17,2023-04-08,162.5,2117.93
11795,17,2023-04-09,185.2,1638.93
11796,17,2023-04-10,176.0,1795.92
11797,17,2023-04-11,169.8,1725.68
11798,17,2023-04-12,190.7,2463.66
11799,17,2023-04-13,173.6,2090.49
11800,17,2023-04-14,187.8,1695.57
11801,17,2023-04-15,179.9,1576.96
11802,17,2023-04-16,159.5,2385.82
11803,17,2023-04-17,190.9,2636.08
11804,17,2023-04-18,175.5,2625.88
11805,17,2023-04-19,199.1,2927.22
11806,17,2023-04-20,180.9,1666.24
11807,17,2023-04-21,173.2,2138.36
11808,17,2023-04-22,183.3,2212.23
11809,17,2023-04-23,192.6,1590.92
11810,17,2023-04-24,175.0,2387.29
11811,17,2023-04-25,184.2,1575.21
11812,17,2023-04-26,182.2,1778.36
11813,17,2023-04-27,169.3,1960.36
11814,17,2023-04-28,198.2,2855.09
11815,17,2023-04-29,202.4,2175.18
11816,17,2023-04-30,192.4,1757.27
11817,17,2023-05-01,205.6,2768.85
11818,17,2023-05-02,178.2,1713.3
11819,17,2023-05-03,179.4,1527.97
11820,17,2023-05-04,191.9,2180.73
11821,17,2023-05-05,173.2,2191.91
11822,17,2023-05-06,158.4,1500.01
11823,17,2023-05-07,201.4,2519.05
11824,17,2023-05-08,174.4,1793.28
11825,17,2023-05-09,200.8,2439.34
11826,17,2023-05-10,194.2,1878.96
11827,17,2023-05-11,191.6,1635.57
11828,17,2023-05-12,196.8,2380.37
11829,17,2023-05-13,177.3,1664.52
11830,17,2023-05-14,200.9,2433.03
11831,17,2023-05-15,208.7,2549.75
11832,17,2023-05-16,200.5,2516.25
11833,17,2023-05-17,169.5,1634.42
11834,17,2023-05-18,188.2,2320.7
11835,17,2023-05-19,165.8,2020.53
11836,17,2023-05-20,194.3,2280.6
11837,17,2023-05-21,179.3,2576.44
11838,17,2023-05-22,158.1,1737.34
11839,17,2023-05-23,177.7,1518.74
11840,17,2023-05-24,184.7,1582.33
11841,17,2023-05-25,173.6,1665.06
11842,17,2023-05-26,200.9,2657.54
11843,17,2023-05-27,175.3,1931.35
11844,17,2023-05-28,172.9,1784.85
11845,17,2023-05-29,156.7,1684.2
11846,17,2023-05-30,196.9,2764.68
11847,17,2023-05-31,186.0,2329.97
11848,17,2023-06-01,198.9,2367.15
11849,17,2023-06-02,186.8,1639.82
11850,17,2023-06-03,204.6,2795.67
11851,17,2023-06-04,193.0,1801.45
11852,17,2023-06-05,191.1,1892.3
11853,17,2023-06-06,184.0,1644.37
11854,17,2023-06-07,154.7,1655.31
11855,17,2023-06-08,174.3,2255.8
11856,17,2023-06-09,171.2,2394.46
11857,17,2023-06-10,183.6,1515.04
11858,17,2023-06-11,177.1,1522.27
11859,17,2023-06-12,198.2,2714.32
11860,17,2023-06-13,196.1,2220.26
11861,17,2023-06-14,179.9,1753.66
11862,17,2023-06-15,185.7,1660.85
11863,17,2023-06-16,173.3,1575.51
11864,17,2023-06-17,192.9,2384.48
11865,17,2023-06-18,191.1,1809.25
11866,17,2023-06-19,209.3,2015.77
11867,17,2023-06-20,182.7,2355.21
11868,17,2023-06-21,203.1,2268.35
11869,17,2023-06-22,166.8,1808.89
11870,17,2023-06-23,185.3,1909.98
11871,17,2023-06-24,179.3,1876.85
11872,17,2023-06-25,186.5,2487.48
11873,17,2023-06-26,188.7,2434.46
11874,17,2023-06-27,162.5,2044.32
11875,17,2023-06-28,197.9,2919.43
11876,17,2023-06-29,197.8,2062.54
11877,17,2023-06-30,181.0,2272.53
11878,17,2023-07-01,181.7,1581.82
11879,17,2023-07-02,188.6,1546.65
11880,17,2023-07-03,197.0,2561.69
11881,17,2023-07-04,188.2,1545.44
11882,17,2023-07-05,195.4,2736.81
11883,17,2023-07-06,171.2,1763.48
11884,17,2023-07-07,203.4,2310.83
11885,17,2023-07-08,176.4,1536.26
11886,17,2023-07-09,190.8,2681.22
11887,17,2023-07-10,183.4,1637.25
11888,17,2023-07-11,153.3,2194.36
11889,17,2023-07-12,185.4,2369.4
11890,17,2023-07-13,184.0,1710.13
11891,17,2023-07-14,180.1,2206.72
11892,17,2023-07-15,153.1,2217.22
11893,17,2023-07-16,204.6,3013.18
11894,17,2023-07-17,169.2,1533.98
11895,17,2023-07-18,178.6,2344.11
11896,17,2023-07-19,197.9,1989.66
11897,17,2023-07-20,197.7,1674.07
11898,17,2023-07-21,186.6,2002.03
11899,17,2023-07-22,171.2,1955.85
11900,17,2023-07-23,186.6,2070.64
11901,17,2023-07-24,171.6,2534.19
11902,17,2023-07-25,167.2,1675.41
11903,17,2023-07-26,184.6,2344.36
11904,17,2023-07-27,160.0,2091.97
11905,17,2023-07-28,202.1,2896.47
11906,17,2023-07-29,174.0,2125.17
11907,17,2023-07-30,179.9,1532.28
11908,17,2023-07-31,173.3,2295.1
11909,17,2023-08-01,165.8,1798.47
11910,17,2023-08-02,146.3,1645.19
11911,17,2023-08-03,168.8,1997.32
11912,17,2023-08-04,202.8,2053.22
11913,17,2023-08-05,199.9,2285.25
11914,17,2023-08-06,158.3,2067.06
11915,17,2023-08-07,201.8,2241.31
11916,17,2023-08-08,185.7,2123.32
11917,17,2023-08-09,165.0,1765.87
11918,17,2023-08-10,191.7,2372.01
11919,17,2023-08-11,180.7,2202.75
11920,17,2023-08-12,174.9,2583.61
11921,17,2023-08-13,176.0,2032.76
11922,17,2023-08-14,191.0,1603.51
11923,17,2023-08-15,192.9,1710.06
11924,17,2023-08-16,170.7,1673.04
11925,17,2023-08-17,188.2,2492.71
11926,17,2023-08-18,186.6,1650.5
11927,17,2023-08-19,139.6,1420.41
11928,17,2023-08-20,193.8,2681.98
11929,17,2023-08-21,170.9,1695.79
11930,17,2023-08-22,180.5,1732.71
11931,17,2023-08-23,185.9,2216.43
11932,17,2023-08-24,193.3,2232.4
11933,17,2023-08-25,199.9,2374.46
11934,17,2023-08-26,192.2,2800.0
11935,17,2023-08-27,188.7,2044.41
11936,17,2023-08-28,184.2,2581.4
11937,17,2023-08-29,176.3,1606.06
11938,17,2023-08-30,198.7,2054.2
11939,17,2023-08-31,170.0,1929.46
11940,17,2023-09-01,192.3,2299.24
11941,17,2023-09-02,190.7,2408.88
11942,17,2023-09-03,183.4,2476.49
11943,17,2023-09-04,198.8,1957.22
11944,17,2023-09-05,185.4,1755.65
11945,17,2023-09-06,184.2,2339.39
11946,17,2023-09-07,188.0,2118.62
11947,17,2023-09-08,195.0,1724.62
11948,17,2023-09-09,150.0,1677.13
11949,17,2023-09-10,209.3,2604.6
11950,17,2023-09-11,147.9,2174.55
11951,17,2023-09-12,193.0,2295.93
11952,17,2023-09-13,185.7,2300.58
11953,17,2023-09-14,153.5,2086.72
11954,17,2023-09-15,201.8,2381.16
11955,17,2023-09-16,176.1,2228.8
11956,17,2023-09-17,165.0,1672.97
11957,17,2023-09-18,192.7,2863.47
11958,17,2023-09-19,172.0,2307.28
11959,17,2023-09-20,141.0,1660.97
11960,17,2023-09-21,197.1,2215.42
11961,17,2023-09-22,159.2,2280.91
11962,17,2023-09-23,180.9,2402.79
11963,17,2023-09-24,185.5,1853.34
11964,17,2023-09-25,182.6,1564.55
11965,17,2023-09-26,170.9,2301.43
11966,17,2023-09-27,182.3,1552.89
11967,17,2023-09-28,154.5,2225.63
11968,17,2023-09-29,185.3,2067.53
11969,17,2023-09-30,176.0,1885.67
11970,17,2023-10-01,189.5,2772.37
11971,17,2023-10-02,185.8,1991.38
11972,17,2023-10-03,160.5,2154.06
11973,17,2023-10-04,177.8,2292.64
11974,17,2023-10-05,164.8,1787.87
11975,17,2023-10-06,182.5,2102.74
11976,17,2023-10-07,176.0,1421.96
11977,17,2023-10-08,191.2,1677.76
11978,17,2023-10-09,183.3,2223.86
11979,17,2023-10-10,176.0,1435.77
11980,17,2023-10-11,182.7,2054.91
11981,17,2023-10-12,172.8,2393.96
11982,17,2023-10-13,186.8,2352.7
11983,17,2023-10-14,183.2,2703.75
11984,17,2023-10-15,149.4,1421.23
11985,17,2023-10-16,215.3,1930.68
11986,17,2023-10-17,180.1,1495.58
11987,17,2023-10-18,174.1,1556.08
11988,17,2023-10-19,179.3,1839.85
11989,17,2023-10-20,189.3,2038.97
11990,17,2023-10-21,177.9,2041.55
11991,17,2023-10-22,176.7,2379.58
11992,17,2023-10-23,164.1,1349.61
11993,17,2023-10-24,172.3,1663.73
11994,17,2023-10-25,183.6,1674.31
11995,17,2023-10-26,181.5,1891.58
11996,17,2023-10-27,172.5,1869.71
11997,17,2023-10-28,185.0,2259.11
11998,17,2023-10-29,172.3,1817.62
11999,17,2023-10-30,185.0,2488.15
12000,17,2023-10-31,162.3,1652.94
12001,17,2023-11-01,177.3,1922.28
12002,17,2023-11-02,173.7,2508.91
12003,17,2023-11-03,198.2,2297.63
12004,17,2023-11-04,173.7,1437.52
12005,17,2023-11-05,194.2,1661.99
12006,17,2023-11-06,183.5,2179.87
12007,17,2023-11-07,165.6,2135.74
12008,17,2023-11-08,194.2,2512.38
12009,17,2023-11-09,191.5,1649.4
12010,17,2023-11-10,186.4,1632.53
12011,17,2023-11-11,186.1,2096.06
12012,17,2023-11-12,181.7,2675.16
12013,17,2023-11-13,188.0,1536.14
12014,17,2023-11-14,193.3,1725.47
12015,17,2023-11-15,160.9,2181.09
12016,17,2023-11-16,195.9,2237.28
12017,17,2023-11-17,198.5,1991.83
12018,17,2023-11-18,164.2,1888.87
12019,17,2023-11-19,173.8,2579.55
12020,17,2023-11-20,184.8,1569.51
12021,17,2023-11-21,192.1,2808.81
12022,17,2023-11-22,180.5,1737.56
12023,17,2023-11-23,186.1,1543.22
12024,17,2023-11-24,169.0,1926.13
12025,17,2023-11-25,183.6,1710.85
12026,17,2023-11-26,200.1,2282.99
12027,17,2023-11-27,182.3,2379.36
12028,17,2023-11-28,189.9,1965.96
12029,17,2023-11-29,170.5,2000.19
12030,17,2023-11-30,168.0,1673.81
12031,17,2023-12-01,206.3,2711.49
12032,17,2023-12-02,184.8,1691.05
12033,17,2023-12-03,191.2,1545.58
12034,17,2023-12-04,196.5,1653.24
12035,17,2023-12-05,160.9,1451.43
12036,17,2023-12-06,202.3,1681.52
12037,17,2023-12-07,182.4,2661.01
12038,17,2023-12-08,205.3,2531.72
12039,17,2023-12-09,165.0,2000.81
12040,17,2023-12-10,193.8,1744.99
12041,17,2023-12-11,172.7,1643.61
12042,17,2023-12-12,177.8,1515.49
12043,17,2023-12-13,195.2,2078.31
12044,17,2023-12-14,173.8,2401.86
12045,17,2023-12-15,181.0,1748.02
12046,17,2023-12-16,211.0,3050.16
12047,17,2023-12-17,181.1,2236.13
12048,17,2023-12-18,174.1,1929.92
12049,17,2023-12-19,172.9,2439.71
12050,17,2023-12-20,156.3,2165.71
12051,17,2023-12-21,176.6,1891.42
12052,17,2023-12-22,184.2,1497.83
12053,17,2023-12-23,176.4,1910.71
12054,17,2023-12-24,185.2,2658.36
12055,17,2023-12-25,217.4,2007.15
12056,17,2023-12-26,194.3,2232.72
12057,17,2023-12-27,180.5,1766.34
12058,17,2023-12-28,190.9,1568.79
12059,17,2023-12-29,191.0,1584.85
12060,17,2023-12-30,151.2,1854.67
12061,17,2023-12-31,201.0,1648.63
12062,17,2024-01-01,180.5,2431.14
12063,17,2024-01-02,144.7,2135.3
12064,17,2024-01-03,184.1,1679.52
12065,17,2024-01-04,149.6,1749.49
12066,17,2024-01-05,185.3,2198.97
12067,17,2024-01-06,182.5,2269.94
12068,17,2024-01-07,168.8,2259.16
12069,17,2024-01-08,174.6,2191.23
12070,17,2024-01-09,170.5,1527.4
12071,17,2024-01-10,172.3,1782.55
12072,17,2024-01-11,181.0,2520.75
12073,17,2024-01-12,188.1,2650.64
12074,17,2024-01-13,196.6,2549.52
12075,17,2024-01-14,184.4,2372.52
12076,17,2024-01-15,178.7,2181.39
12077,17,2024-01-16,191.1,1924.59
12078,17,2024-01-17,175.5,1415.32
12079,17,2024-01-18,175.9,1799.65
12080,17,2024-01-19,176.4,2431.06
12081,17,2024-01-20,163.1,2205.09
12082,17,2024-01-21,185.3,2136.17
12083,17,2024-01-22,144.7,2033.39
12084,17,2024-01-23,181.4,1854.97
12085,17,2024-01-24,174.1,2264.26
12086,17,2024-01-25,169.6,2138.09
12087,17,2024-01-26,176.7,2231.61
12088,17,2024-01-27,177.0,2254.18
12089,17,2024-01-28,193.5,2873.09
12090,17,2024-01-29,172.1,1624.99
12091,17,2024-01-30,168.3,1574.3
12092,17,2024-01-31,202.5,2685.65
12093,17,2024-02-01,176.5,1462.63
12094,17,2024-02-02,179.3,1853.95
12095,17,2024-02-03,196.4,2321.35
12096,17,2024-02-04,185.9,2242.72
12097,17,2024-02-05,180.0,2210.4
12098,17,2024-02-06,199.1,2311.86
12099,17,2024-02-07,173.3,1706.39
12100,17,2024-02-08,184.7,1642.88
12101,17,2024-02-09,172.8,1803.63
12102,17,2024-02-10,196.3,2918.8
12103,17,2024-02-11,181.0,1584.9
12104,17,2024-02-12,141.3,1661.87
12105,17,2024-02-13,171.3,1793.08
12106,17,2024-02-14,194.9,2021.87
12107,17,2024-02-15,153.1,2182.58
12108,17,2024-02-16,172.0,1491.78
12109,17,2024-02-17,152.6,2170.05
12110,17,2024-02-18,153.8,1462.85
12111,17,2024-02-19,164.2,2409.55
12112,17,2024-02-20,183.1,2224.54
12113,17,2024-02-21,162.2,1686.18
12114,17,2024-02-22,207.2,1965.89
12115,17,2024-02-23,185.3,1949.11
12116,17,2024-02-24,179.4,2543.89
12117,17,2024-02-25,159.3,1791.02
12118,17,2024-02-26,154.9,2017.82
12119,17,2024-02-27,175.1,2041.67
12120,17,2024-02-28,204.3,1677.69
12121,17,2024-02-29,162.2,1931.45
12122,17,2024-03-01,158.0,1881.16
12123,17,2024-03-02,192.7,1858.62
12124,17,2024-03-03,192.2,2573.2
12125,17,2024-03-04,181.8,2124.81
12126,17,2024-03-05,169.9,1879.49
12127,17,2024-03-06,185.7,2586.24
12128,17,2024-03-07,157.8,1683.16
12129,17,2024-03-08,179.3,2215.76
12130,17,2024-03-09,152.1,1663.67
12131,17,2024-03-10,178.3,1471.11
12132,17,2024-03-11,193.1,1845.83
12133,17,2024-03-12,204.6,1951.86
12134,17,2024-03-13,170.4,2528.16
12135,17,2024-03-14,182.5,1484.05
12136,17,2024-03-15,148.0,2100.13
12137,17,2024-03-16,168.2,2443.91
12138,17,2024-03-17,185.7,1896.64
12139,17,2024-03-18,191.0,2518.56
12140,17,2024-03-19,185.5,2675.14
12141,17,2024-03-20,168.7,2100.48
12142,17,2024-03-21,163.4,2145.07
12143,17,2024-03-22,165.3,2296.73
12144,17,2024-03-23,178.0,2621.45
12145,17,2024-03-24,156.3,1271.76
12146,17,2024-03-25,169.9,1641.51
12147,17,2024-03-26,185.0,1600.85
12148,17,2024-03-27,180.9,2147.22
12149,17,2024-03-28,160.8,1927.8
12150,17,2024-03-29,191.1,2485.27
12151,17,2024-03-30,174.4,2307.6
12152,17,2024-03-31,195.1,1973.23
12153,17,2024-04-01,168.0,1766.06
12154,17,2024-04-02,168.7,1392.08
12155,17,2024-04-03,190.5,2387.43
12156,17,2024-04-04,157.4,1340.34
12157,17,2024-04-05,185.1,1893.55
12158,17,2024-04-06,151.4,1654.31
12159,17,2024-04-07,166.4,1479.41
12160,17,2024-04-08,170.2,2504.68
12161,17,2024-04-09,184.2,2419.8
12162,17,2024-04-10,142.6,1188.25
12163,17,2024-04-11,186.4,2615.93
12164,17,2024-04-12,169.1,1794.06
12165,17,2024-04-13,196.7,1979.4
12166,17,2024-04-14,166.9,1471.75
12167,17,2024-04-15,166.7,1394.34
12168,17,2024-04-16,155.2,1761.93
12169,17,2024-04-17,178.0,1513.72
12170,17,2024-04-18,202.0,2237.99
12171,17,2024-04-19,172.5,1452.01
12172,17,2024-04-20,178.4,1890.17
12173,17,2024-04-21,151.8,1963.65
12174,17,2024-04-22,185.9,1974.98
12175,17,2024-04-23,171.0,2136.75
12176,17,2024-04-24,168.7,1411.15
12177,17,2024-04-25,163.5,1538.27
12178,17,2024-04-26,166.3,2125.63
12179,17,2024-04-27,184.5,2310.18
12180,17,2024-04-28,188.7,2719.46
12181,17,2024-04-29,149.5,1633.21
12182,17,2024-04-30,158.3,1495.03
12183,17,2024-05-01,176.7,2562.16
12184,17,2024-05-02,158.5,1703.28
12185,17,2024-05-03,161.4,1657.33
12186,17,2024-05-04,164.0,2143.48
12187,17,2024-05-05,181.3,1859.59
12188,17,2024-05-06,194.6,1979.94
12189,17,2024-05-07,172.7,2182.53
12190,17,2024-05-08,177.1,1971.65
12191,17,2024-05-09,184.1,2098.95
12192,17,2024-05-10,164.1,1527.96
12193,17,2024-05-11,182.6,1499.71
12194,17,2024-05-12,203.4,2548.39
12195,17,2024-05-13,161.5,1686.62
12196,17,2024-05-14,181.5,2196.76
12197,17,2024-05-15,177.1,2185.7
12198,17,2024-05-16,160.8,1740.85
12199,17,2024-05-17,189.2,1603.72
12200,17,2024-05-18,166.9,1662.86
12201,17,2024-05-19,159.2,1572.38
12202,17,2024-05-20,167.9,2307.41
12203,17,2024-05-21,182.8,2326.0
12204,17,2024-05-22,167.6,1723.33
12205,17,2024-05-23,144.1,1282.67
12206,17,2024-05-24,202.4,2904.22
12207,17,2024-05-25,190.6,2624.63
12208,17,2024-05-26,178.5,1527.67
12209,17,2024-05-27,169.1,2336.54
12210,17,2024-05-28,170.3,2390.03
12211,17,2024-05-29,161.4,1444.84
12212,17,2024-05-30,176.7,2420.0
12213,17,2024-05-31,209.0,2273.99
12214,17,2024-06-01,173.7,1809.35
12215,17,2024-06-02,186.1,2395.0
12216,17,2024-06-03,164.9,1735.28
12217,17,2024-06-04,178.1,2066.67
12218,17,2024-06-05,166.6,1840.24
12219,17,2024-06-06,175.8,1879.45
12220,17,2024-06-07,194.9,1779.16
12221,17,2024-06-08,180.0,1556.18
12222,17,2024-06-09,194.2,2435.57
12223,17,2024-06-10,194.8,2811.3
12224,17,2024-06-11,170.8,2084.48
12225,17,2024-06-12,198.7,2280.55
12226,17,2024-06-13,180.9,2198.92
12227,17,2024-06-14,179.8,2473.6
12228,17,2024-06-15,166.2,2318.7
12229,17,2024-06-16,190.9,2463.76
12230,17,2024-06-17,182.0,1566.93
12231,17,2024-06-18,165.3,1596.33
12232,17,2024-06-19,183.5,1974.68
12233,17,2024-06-20,158.5,1455.46
12234,17,2024-06-21,157.8,1586.77
12235,17,2024-06-22,174.9,2340.33
12236,17,2024-06-23,169.4,2377.48
12237,17,2024-06-24,170.4,2234.2
12238,17,2024-06-25,193.7,1939.61
12239,17,2024-06-26,177.5,2225.92
12240,17,2024-06-27,169.3,2304.02
12241,17,2024-06-28,159.1,2223.18
12242,17,2024-06-29,180.5,2236.73
12243,17,2024-06-30,183.8,1853.53
12244,17,2024-07-01,184.8,1575.14
12245,17,2024-07-02,171.3,2457.59
12246,17,2024-07-03,151.2,2132.99
12247,17,2024-07-04,194.1,1728.52
12248,17,2024-07-05,158.3,2154.45
12249,17,2024-07-06,171.4,2218.23
12250,17,2024-07-07,185.0,1672.12
12251,17,2024-07-08,181.9,2361.03
12252,17,2024-07-09,163.4,2040.05
12253,17,2024-07-10,205.0,2750.51
12254,17,2024-07-11,171.0,2524.3
12255,17,2024-07-12,177.7,2285.6
12256,17,2024-07-13,178.6,2146.28
12257,17,2024-07-14,182.0,2239.36
12258,17,2024-07-15,182.4,2019.83
12259,17,2024-07-16,167.7,2432.34
12260,17,2024-07-17,135.2,1184.17
12261,17,2024-07-18,140.9,2103.1
12262,17,2024-07-19,179.5,2519.45
12263,17,2024-07-20,155.7,1851.88
12264,17,2024-07-21,175.5,1681.51
12265,17,2024-07-22,183.0,2471.61
12266,17,2024-07-23,177.2,1756.79
12267,17,2024-07-24,168.7,1686.76
12268,17,2024-07-25,171.8,1485.59
12269,17,2024-07-26,202.4,2683.53
12270,17,2024-07-27,174.5,1468.43
12271,17,2024-07-28,155.6,1358.65
12272,17,2024-07-29,160.2,1688.35
12273,17,2024-07-30,188.6,2675.09
12274,17,2024-07-31,153.4,1715.34
12275,17,2024-08-01,165.1,2354.6
12276,17,2024-08-02,181.0,1640.91
12277,17,2024-08-03,173.8,1767.15
12278,17,2024-08-04,173.9,2063.77
12279,17,2024-08-05,192.3,2377.01
12280,17,2024-08-06,146.1,2010.38
12281,17,2024-08-07,181.4,2300.43
12282,17,2024-08-08,198.3,2622.14
12283,17,2024-08-09,169.9,2178.1
12284,17,2024-08-10,168.9,2356.55
12285,17,2024-08-11,178.7,1700.09
12286,17,2024-08-12,173.4,1892.69
12287,17,2024-08-13,183.8,1837.33
12288,17,2024-08-14,171.5,1936.92
12289,17,2024-08-15,175.5,2457.87
12290,17,2024-08-16,153.9,1558.27
12291,17,2024-08-17,175.1,1713.4
12292,17,2024-08-18,172.5,1592.0
12293,17,2024-08-19,197.7,2127.59
12294,17,2024-08-20,185.7,1536.21
12295,17,2024-08-21,177.7,1759.73
12296,17,2024-08-22,180.5,2072.23
12297,17,2024-08-23,173.5,2022.99
12298,17,2024-08-24,172.6,2005.75
12299,17,2024-08-25,183.5,1852.04
12300,17,2024-08-26,163.9,1976.67
12301,17,2024-08-27,166.0,1569.07
12302,17,2024-08-28,149.7,1860.92
12303,17,2024-08-29,169.6,1390.32
12304,17,2024-08-30,173.2,1956.84
12305,17,2024-08-31,178.9,1941.84
12306,17,2024-09-01,155.2,1952.02
12307,17,2024-09-02,174.4,2356.31
12308,17,2024-09-03,183.1,2429.7
12309,17,2024-09-04,150.1,2200.51
12310,17,2024-09-05,160.1,1984.05
12311,17,2024-09-06,192.4,1949.53
12312,17,2024-09-07,166.1,1533.46
12313,17,2024-09-08,207.3,2856.65
12314,17,2024-09-09,196.0,2194.89
12315,17,2024-09-10,165.1,1986.01
12316,17,2024-09-11,187.8,1776.68
12317,17,2024-09-12,188.8,1795.56
12318,17,2024-09-13,168.7,2306.68
12319,17,2024-09-14,178.1,1751.29
12320,17,2024-09-15,166.4,2092.83
12321,17,2024-09-16,158.4,1793.94
12322,17,2024-09-17,192.9,2088.72
12323,17,2024-09-18,171.4,1590.83
12324,17,2024-09-19,178.7,1887.05
12325,17,2024-09-20,191.7,2773.41
12326,17,2024-09-21,189.1,2679.87
12327,17,2024-09-22,167.8,2219.56
12328,17,2024-09-23,146.7,2115.29
12329,17,2024-09-24,163.4,2336.51
12330,17,2024-09-25,144.2,1515.97
12331,17,2024-09-26,187.0,2545.69
12332,17,2024-09-27,172.6,1675.33
12333,17,2024-09-28,156.4,2249.91
12334,17,2024-09-29,153.1,2295.37
12335,17,2024-09-30,171.9,1387.63
12336,17,2024-10-01,196.2,2527.93
12337,17,2024-10-02,196.8,2409.8
12338,17,2024-10-03,153.6,1745.47
12339,17,2024-10-04,162.9,2117.35
12340,17,2024-10-05,197.2,2510.2
12341,17,2024-10-06,166.5,2180.85
12342,17,2024-10-07,166.9,1615.13
12343,17,2024-10-08,148.7,1793.91
12344,17,2024-10-09,170.6,2225.68
12345,17,2024-10-10,188.0,2588.95
12346,17,2024-10-11,148.6,1286.44
12347,17,2024-10-12,158.2,1401.49
12348,17,2024-10-13,190.6,2252.81
12349,17,2024-10-14,182.3,1512.98
12350,17,2024-10-15,165.0,1433.95
12351,17,2024-10-16,210.7,2761.83
12352,17,2024-10-17,181.8,1784.47
12353,17,2024-10-18,196.9,2298.69
12354,17,2024-10-19,172.8,1466.18
12355,17,2024-10-20,163.7,2443.08
12356,17,2024-10-21,169.0,1622.71
12357,17,2024-10-22,152.1,1912.74
12358,17,2024-10-23,185.8,1760.08
12359,17,2024-10-24,168.2,2400.05
12360,17,2024-10-25,176.1,2444.19
12361,17,2024-10-26,165.7,1567.11
12362,17,2024-10-27,175.6,2461.4
12363,17,2024-10-28,146.9,1403.98
12364,17,2024-10-29,177.7,2137.55
12365,17,2024-10-30,158.0,1856.04
12366,17,2024-10-31,167.4,1793.18
12367,17,2024-11-01,165.3,2040.84
12368,17,2024-11-02,176.9,1955.42
12369,17,2024-11-03,151.4,1243.62
12370,17,2024-11-04,165.1,2300.79
12371,17,2024-11-05,190.4,2785.59
12372,17,2024-11-06,155.4,1857.76
12373,17,2024-11-07,150.1,2181.67
12374,17,2024-11-08,162.5,2076.0
12375,17,2024-11-09,160.2,2229.3
12376,17,2024-11-10,199.8,2596.64
12377,17,2024-11-11,183.1,2016.0
12378,17,2024-11-12,149.1,1199.82
12379,17,2024-11-13,168.6,1950.36
12380,17,2024-11-14,175.4,1816.3
12381,17,2024-11-15,167.8,2513.6
12382,17,2024-11-16,140.8,1529.04
12383,17,2024-11-17,178.6,1723.88
12384,17,2024-11-18,154.7,1351.76
12385,17,2024-11-19,144.8,1346.18
12386,17,2024-11-20,146.4,1974.84
12387,17,2024-11-21,166.4,2452.19
12388,17,2024-11-22,173.3,1759.6
12389,17,2024-11-23,146.0,1912.42
12390,17,2024-11-24,166.1,1893.2
12391,17,2024-11-25,158.4,1420.22
12392,17,2024-11-26,183.8,2113.41
12393,17,2024-11-27,162.7,1616.05
12394,17,2024-11-28,185.0,2559.18
12395,17,2024-11-29,177.2,2601.53
12396,17,2024-11-30,156.6,2174.89
12397,17,2024-12-01,169.4,1523.78
12398,17,2024-12-02,165.6,2424.98
12399,17,2024-12-03,185.8,1790.56
12400,17,2024-12-04,178.8,1665.55
12401,17,2024-12-05,171.5,2451.6
12402,17,2024-12-06,169.5,2427.39
12403,17,2024-12-07,167.7,1820.83
12404,17,2024-12-08,166.6,2243.47
12405,17,2024-12-09,176.3,2140.95
12406,17,2024-12-10,207.9,1802.93
12407,17,2024-12-11,175.4,1512.12
12408,17,2024-12-12,171.6,1996.69
12409,17,2024-12-13,177.1,2128.16
12410,17,2024-12-14,144.4,1738.93
12411,17,2024-12-15,166.8,1937.54
12412,17,2024-12-16,187.4,1513.13
12413,17,2024-12-17,161.5,2215.77
12414,17,2024-12-18,183.9,1812.74
12415,17,2024-12-19,171.0,1980.42
12416,17,2024-12-20,171.4,1627.3
12417,17,2024-12-21,154.5,1701.44
12418,17,2024-12-22,172.5,2101.94
12419,17,2024-12-23,169.4,1713.67
12420,17,2024-12-24,162.1,1569.38
12421,17,2024-12-25,193.4,2401.11
12422,17,2024-12-26,197.3,1798.19
12423,17,2024-12-27,157.8,1859.5
12424,17,2024-12-28,161.4,1811.74
12425,17,2024-12-29,187.8,1625.79
12426,17,2024-12-30,161.7,2397.43
12427,17,2024-12-31,175.6,1857.83
12428,18,2023-01-01,188.8,1608.08
12429,18,2023-01-02,171.7,2566.61
12430,18,2023-01-03,177.2,2640.12
12431,18,2023-01-04,202.5,2379.47
12432,18,2023-01-05,176.8,1605.44
12433,18,2023-01-06,178.5,1696.05
12434,18,2023-01-07,192.8,1904.6
12435,18,2023-01-08,162.1,1812.7
12436,18,2023-01-09,197.0,1805.76
12437,18,2023-01-10,186.8,2658.23
12438,18,2023-01-11,191.6,1799.16
12439,18,2023-01-12,183.4,2076.54
12440,18,2023-01-13,214.1,2149.78
12441,18,2023-01-14,207.8,2078.66
12442,18,2023-01-15,202.2,1960.02
12443,18,2023-01-16,179.0,2233.64
12444,18,2023-01-17,204.0,1767.09
12445,18,2023-01-18,198.8,1748.76
12446,18,2023-01-19,231.6,2904.96
12447,18,2023-01-20,171.8,1799.82
12448,18,2023-01-21,190.3,2177.89
12449,18,2023-01-22,183.4,2524.19
12450,18,2023-01-23,199.2,2043.36
12451,18,2023-01-24,170.2,2235.77
12452,18,2023-01-25,205.1,2678.55
12453,18,2023-01-26,170.1,1662.62
12454,18,2023-01-27,199.4,2129.46
12455,18,2023-01-28,188.0,2404.66
12456,18,2023-01-29,180.3,2491.32
12457,18,2023-01-30,176.4,2439.93
12458,18,2023-01-31,183.1,2606.45
12459,18,2023-02-01,188.4,2424.24
12460,18,2023-02-02,193.2,2606.34
12461,18,2023-02-03,195.1,2364.84
12462,18,2023-02-04,190.3,2026.39
12463,18,2023-02-05,187.3,2386.04
12464,18,2023-02-06,218.5,2539.34
12465,18,2023-02-07,203.7,2680.6
12466,18,2023-02-08,171.9,2547.11
12467,18,2023-02-09,184.6,2753.98
12468,18,2023-02-10,191.6,2368.97
12469,18,2023-02-11,180.5,2500.35
12470,18,2023-02-12,188.3,2666.47
12471,18,2023-02-13,172.8,1536.3
12472,18,2023-02-14,194.2,2353.26
12473,18,2023-02-15,224.4,2274.29
12474,18,2023-02-16,195.1,2110.0
12475,18,2023-02-17,195.0,2137.54
12476,18,2023-02-18,190.0,2742.95
12477,18,2023-02-19,175.4,1726.81
12478,18,2023-02-20,220.1,3155.04
12479,18,2023-02-21,196.5,2305.32
12480,18,2023-02-22,201.4,1897.72
12481,18,2023-02-23,186.9,1820.17
12482,18,2023-02-24,201.8,1885.73
12483,18,2023-02-25,219.8,3227.32
12484,18,2023-02-26,213.1,2048.58
12485,18,2023-02-27,142.4,1201.3
12486,18,2023-02-28,211.9,2369.1
12487,18,2023-03-01,178.1,1702.12
12488,18,2023-03-02,179.0,1848.59
12489,18,2023-03-03,172.6,2564.05
12490,18,2023-03-04,177.5,2579.36
12491,18,2023-03-05,198.8,2969.53
12492,18,2023-03-06,194.5,2040.63
12493,18,2023-03-07,202.4,2481.15
12494,18,2023-03-08,192.6,1828.29
12495,18,2023-03-09,178.0,1846.7
12496,18,2023-03-10,203.7,1954.34
12497,18,2023-03-11,188.0,1617.52
12498,18,2023-03-12,204.1,1757.26
12499,18,2023-03-13,196.3,1769.91
12500,18,2023-03-14,193.9,1686.17
12501,18,2023-03-15,223.0,2243.09
12502,18,2023-03-16,164.9,1668.03
12503,18,2023-03-17,165.9,2389.86
12504,18,2023-03-18,182.3,1511.57
12505,18,2023-03-19,204.2,2825.51
12506,18,2023-03-20,184.2,1617.53
12507,18,2023-03-21,188.2,1897.3
12508,18,2023-03-22,166.5,1507.11
12509,18,2023-03-23,203.4,2803.24
12510,18,2023-03-24,167.2,1763.4
12511,18,2023-03-25,186.4,2332.17
12512,18,2023-03-26,160.3,2126.02
12513,18,2023-03-27,206.9,2218.71
12514,18,2023-03-28,166.1,2161.46
12515,18,2023-03-29,185.3,2035.18
12516,18,2023-03-30,182.3,2593.05
12517,18,2023-03-31,200.7,1751.0
12518,18,2023-04-01,194.4,2181.23
12519,18,2023-04-02,221.4,3030.26
12520,18,2023-04-03,170.3,2365.92
12521,18,2023-04-04,211.1,3091.88
12522,18,2023-04-05,214.8,2295.04
12523,18,2023-04-06,220.6,2347.33
12524,18,2023-04-07,192.1,1750.11
12525,18,2023-04-08,172.7,1934.88
12526,18,2023-04-09,198.8,2805.67
12527,18,2023-04-10,167.7,1832.58
12528,18,2023-04-11,208.9,2264.88
12529,18,2023-04-12,190.2,2088.86
12530,18,2023-04-13,196.9,2914.63
12531,18,2023-04-14,220.4,2840.64
12532,18,2023-04-15,193.9,2584.38
12533,18,2023-04-16,172.7,1943.94
12534,18,2023-04-17,190.2,2384.6
12535,18,2023-04-18,182.3,1541.59
12536,18,2023-04-19,195.5,2884.97
12537,18,2023-04-20,185.5,2480.92
12538,18,2023-04-21,180.4,1960.74
12539,18,2023-04-22,190.6,2284.48
12540,18,2023-04-23,172.0,1921.6
12541,18,2023-04-24,189.3,2390.18
12542,18,2023-04-25,199.5,1752.81
12543,18,2023-04-26,215.5,2062.81
12544,18,2023-04-27,182.5,2213.49
12545,18,2023-04-28,224.2,1971.67
12546,18,2023-04-29,196.8,2839.15
12547,18,2023-04-30,186.2,1753.61
12548,18,2023-05-01,188.0,1726.73
12549,18,2023-05-02,154.4,2262.63
12550,18,2023-05-03,191.0,2024.37
12551,18,2023-05-04,184.4,1783.45
12552,18,2023-05-05,180.5,2074.07
12553,18,2023-05-06,194.7,2470.25
12554,18,2023-05-07,163.4,2196.75
12555,18,2023-05-08,178.0,1568.51
12556,18,2023-05-09,202.8,2391.92
12557,18,2023-05-10,160.9,2138.36
12558,18,2023-05-11,197.3,2012.7
12559,18,2023-05-12,192.6,2299.31
12560,18,2023-05-13,181.4,2334.69
12561,18,2023-05-14,135.3,1431.09
12562,18,2023-05-15,184.7,1828.89
12563,18,2023-05-16,190.0,1604.71
12564,18,2023-05-17,197.8,1814.05
12565,18,2023-05-18,196.3,2641.02
12566,18,2023-05-19,209.1,2856.0
12567,18,2023-05-20,195.4,1805.13
12568,18,2023-05-21,212.3,1918.45
12569,18,2023-05-22,162.5,1934.22
12570,18,2023-05-23,208.6,2397.09
12571,18,2023-05-24,185.8,1529.22
12572,18,2023-05-25,193.5,2525.42
12573,18,2023-05-26,200.6,2372.6
12574,18,2023-05-27,174.9,2601.07
12575,18,2023-05-28,187.3,2306.86
12576,18,2023-05-29,210.3,1855.35
12577,18,2023-05-30,214.7,2653.57
12578,18,2023-05-31,181.0,2061.56
12579,18,2023-06-01,199.4,1976.29
12580,18,2023-06-02,184.1,2529.65
12581,18,2023-06-03,167.5,1387.84
12582,18,2023-06-04,213.3,2053.7
12583,18,2023-06-05,174.7,2188.89
12584,18,2023-06-06,230.1,2592.09
12585,18,2023-06-07,170.5,2364.87
12586,18,2023-06-08,207.8,2683.9
12587,18,2023-06-09,206.9,2361.26
12588,18,2023-06-10,184.0,1697.26
12589,18,2023-06-11,195.3,2744.53
12590,18,2023-06-12,184.4,2517.44
12591,18,2023-06-13,177.5,1537.23
12592,18,2023-06-14,197.9,2060.98
12593,18,2023-06-15,204.0,2451.28
12594,18,2023-06-16,179.6,1476.45
12595,18,2023-06-17,213.1,2116.69
12596,18,2023-06-18,194.6,2779.86
12597,18,2023-06-19,190.4,1736.33
12598,18,2023-06-20,190.8,2644.82
12599,18,2023-06-21,212.5,2490.02
12600,18,2023-06-22,185.7,2110.72
12601,18,2023-06-23,186.4,2538.14
12602,18,2023-06-24,212.0,1845.43
12603,18,2023-06-25,213.4,3050.48
12604,18,2023-06-26,206.2,1973.63
12605,18,2023-06-27,171.6,1832.35
12606,18,2023-06-28,222.5,1946.09
12607,18,2023-06-29,193.0,2556.44
12608,18,2023-06-30,189.7,2025.57
12609,18,2023-07-01,206.2,2860.48
12610,18,2023-07-02,196.4,2083.53
12611,18,2023-07-03,184.1,2555.41
12612,18,2023-07-04,215.8,2528.38
12613,18,2023-07-05,189.5,2298.97
12614,18,2023-07-06,192.4,2280.27
12615,18,2023-07-07,215.6,3110.43
12616,18,2023-07-08,204.9,2766.42
12617,18,2023-07-09,200.4,1774.57
12618,18,2023-07-10,183.3,2264.64
12619,18,2023-07-11,197.0,2271.19
12620,18,2023-07-12,198.0,2012.38
12621,18,2023-07-13,197.6,1859.9
12622,18,2023-07-14,189.8,2288.63
12623,18,2023-07-15,179.0,2667.11
12624,18,2023-07-16,207.2,2384.27
12625,18,2023-07-17,182.5,2682.47
12626,18,2023-07-18,191.3,1764.12
12627,18,2023-07-19,155.1,1692.09
12628,18,2023-07-20,204.2,2553.11
12629,18,2023-07-21,176.3,2027.06
12630,18,2023-07-22,197.8,2677.41
12631,18,2023-07-23,171.8,1750.69
12632,18,2023-07-24,187.7,1780.32
12633,18,2023-07-25,186.2,2194.15
12634,18,2023-07-26,176.4,1500.88
12635,18,2023-07-27,194.2,1796.22
12636,18,2023-07-28,168.6,2333.2
12637,18,2023-07-29,202.1,2770.77
12638,18,2023-07-30,203.0,1935.97
12639,18,2023-07-31,177.7,2251.39
12640,18,2023-08-01,211.4,1871.86
12641,18,2023-08-02,187.8,1884.79
12642,18,2023-08-03,174.9,2386.52
12643,18,2023-08-04,164.2,2137.49
12644,18,2023-08-05,145.7,1534.99
12645,18,2023-08-06,210.3,2830.44
12646,18,2023-08-07,179.4,1453.52
12647,18,2023-08-08,184.8,1933.01
12648,18,2023-08-09,183.3,1840.83
12649,18,2023-08-10,205.9,1923.92
12650,18,2023-08-11,198.4,2369.31
12651,18,2023-08-12,192.1,2371.67
12652,18,2023-08-13,154.6,2203.57
12653,18,2023-08-14,169.5,1549.42
12654,18,2023-08-15,215.7,1902.36
12655,18,2023-08-16,162.4,2433.67
12656,18,2023-08-17,198.7,2154.31
12657,18,2023-08-18,199.1,1933.03
12658,18,2023-08-19,171.1,1960.12
12659,18,2023-08-20,146.0,1981.28
12660,18,2023-08-21,173.7,1652.99
12661,18,2023-08-22,191.4,1977.43
12662,18,2023-08-23,191.8,1776.69
12663,18,2023-08-24,175.8,2091.68
12664,18,2023-08-25,171.2,1424.92
12665,18,2023-08-26,181.3,1776.41
12666,18,2023-08-27,185.2,2567.47
12667,18,2023-08-28,169.4,2389.07
12668,18,2023-08-29,199.0,2707.25
12669,18,2023-08-30,199.9,2466.81
12670,18,2023-08-31,197.3,2270.75
12671,18,2023-09-01,170.1,2024.44
12672,18,2023-09-02,181.0,2574.59
12673,18,2023-09-03,201.9,2119.88
12674,18,2023-09-04,192.7,2479.63
12675,18,2023-09-05,211.0,2640.76
12676,18,2023-09-06,208.3,1989.67
12677,18,2023-09-07,189.3,2078.21
12678,18,2023-09-08,180.5,1899.28
12679,18,2023-09-09,201.0,2882.03
12680,18,2023-09-10,202.7,2182.28
12681,18,2023-09-11,204.7,3061.48
12682,18,2023-09-12,192.3,2843.65
12683,18,2023-09-13,178.6,1458.05
12684,18,2023-09-14,196.8,2710.68
12685,18,2023-09-15,197.5,1966.57
12686,18,2023-09-16,200.4,2500.16
12687,18,2023-09-17,181.9,1941.78
12688,18,2023-09-18,160.2,2305.89
12689,18,2023-09-19,196.5,2068.54
12690,18,2023-09-20,166.7,2107.84
12691,18,2023-09-21,201.8,1758.14
12692,18,2023-09-22,191.6,1828.34
12693,18,2023-09-23,179.7,1646.56
12694,18,2023-09-24,209.9,2418.56
12695,18,2023-09-25,183.7,1844.3
12696,18,2023-09-26,191.6,2618.97
12697,18,2023-09-27,181.2,1807.53
12698,18,2023-09-28,190.0,2369.63
12699,18,2023-09-29,197.5,2514.9
12700,18,2023-09-30,182.3,2060.16
12701,18,2023-10-01,186.5,1798.65
12702,18,2023-10-02,201.3,2542.3
12703,18,2023-10-03,160.7,1672.31
12704,18,2023-10-04,202.3,2182.17
12705,18,2023-10-05,205.5,2580.58
12706,18,2023-10-06,173.5,1923.73
12707,18,2023-10-07,163.5,1632.71
12708,18,2023-10-08,169.8,1460.28
12709,18,2023-10-09,175.4,2076.09
12710,18,2023-10-10,171.3,2298.05
12711,18,2023-10-11,198.5,2737.17
12712,18,2023-10-12,187.2,2787.78
12713,18,2023-10-13,193.8,2362.49
12714,18,2023-10-14,203.8,1815.48
12715,18,2023-10-15,200.1,2311.07
12716,18,2023-10-16,213.3,2742.05
12717,18,2023-10-17,207.0,2233.03
12718,18,2023-10-18,147.5,1921.28
12719,18,2023-10-19,185.4,2635.88
12720,18,2023-10-20,196.0,1838.63
12721,18,2023-10-21,213.9,2669.99
12722,18,2023-10-22,183.1,1998.17
12723,18,2023-10-23,197.3,1959.39
12724,18,2023-10-24,219.1,2743.66
12725,18,2023-10-25,199.1,1597.36
12726,18,2023-10-26,173.7,2056.74
12727,18,2023-10-27,163.8,1901.53
12728,18,2023-10-28,176.3,2207.03
12729,18,2023-10-29,186.2,2001.16
12730,18,2023-10-30,217.2,1787.4
12731,18,2023-10-31,204.4,2184.63
12732,18,2023-11-01,182.7,2051.57
12733,18,2023-11-02,174.3,1469.81
12734,18,2023-11-03,174.1,2141.11
12735,18,2023-11-04,222.5,2632.07
12736,18,2023-11-05,172.3,2342.44
12737,18,2023-11-06,201.4,2315.09
12738,18,2023-11-07,200.4,2100.02
12739,18,2023-11-08,184.7,2271.25
12740,18,2023-11-09,171.1,1378.51
12741,18,2023-11-10,195.9,2231.99
12742,18,2023-11-11,215.5,2362.82
12743,18,2023-11-12,169.3,1482.94
12744,18,2023-11-13,189.8,1903.21
12745,18,2023-11-14,199.4,2265.54
12746,18,2023-11-15,214.2,2570.11
12747,18,2023-11-16,160.2,1391.01
12748,18,2023-11-17,197.3,2817.28
12749,18,2023-11-18,213.7,2403.73
12750,18,2023-11-19,201.3,2675.74
12751,18,2023-11-20,179.0,2547.73
12752,18,2023-11-21,190.3,1929.62
12753,18,2023-11-22,203.6,2627.04
12754,18,2023-11-23,204.8,2951.66
12755,18,2023-11-24,200.9,2477.82
12756,18,2023-11-25,157.8,2344.59
12757,18,2023-11-26,191.7,1733.58
12758,18,2023-11-27,187.0,2496.52
12759,18,2023-11-28,206.0,1689.37
12760,18,2023-11-29,195.7,1673.05
12761,18,2023-11-30,190.7,2330.35
12762,18,2023-12-01,177.4,2544.96
12763,18,2023-12-02,176.5,1671.01
12764,18,2023-12-03,187.4,1509.76
12765,18,2023-12-04,198.1,2968.25
12766,18,2023-12-05,196.8,2142.72
12767,18,2023-12-06,195.8,1708.52
12768,18,2023-12-07,189.6,1678.54
12769,18,2023-12-08,204.2,1991.51
12770,18,2023-12-09,207.5,2840.68
12771,18,2023-12-10,171.6,2006.16
12772,18,2023-12-11,179.6,2300.75
12773,18,2023-12-12,221.3,2335.41
12774,18,2023-12-13,186.2,1526.03
12775,18,2023-12-14,186.6,2322.54
12776,18,2023-12-15,176.0,1642.54
12777,18,2023-12-16,204.5,1933.91
12778,18,2023-12-17,226.1,2032.67
12779,18,2023-12-18,175.9,1708.16
12780,18,2023-12-19,205.5,2705.72
12781,18,2023-12-20,173.9,2452.89
12782,18,2023-12-21,202.8,2599.17
12783,18,2023-12-22,174.1,2278.82
12784,18,2023-12-23,158.6,1503.58
12785,18,2023-12-24,220.8,2600.16
12786,18,2023-12-25,181.1,2220.47
12787,18,2023-12-26,166.1,1805.62
12788,18,2023-12-27,191.1,2240.89
12789,18,2023-12-28,197.8,2173.43
12790,18,2023-12-29,206.1,3053.89
12791,18,2023-12-30,185.0,1922.44
12792,18,2023-12-31,184.1,1767.47
12793,18,2024-01-01,181.2,1674.67
12794,18,2024-01-02,189.5,1904.63
12795,18,2024-01-03,199.5,2711.26
12796,18,2024-01-04,193.4,1793.9
12797,18,2024-01-05,180.6,1836.88
12798,18,2024-01-06,188.6,2572.64
12799,18,2024-01-07,169.3,1874.02
12800,18,2024-01-08,185.3,1739.23
12801,18,2024-01-09,183.2,1913.48
12802,18,2024-01-10,149.1,2170.52
12803,18,2024-01-11,205.9,2744.14
12804,18,2024-01-12,190.8,2409.99
12805,18,2024-01-13,185.4,2279.42
12806,18,2024-01-14,187.4,1966.43
12807,18,2024-01-15,185.1,2434.48
12808,18,2024-01-16,171.7,2529.6
12809,18,2024-01-17,198.9,2776.66
12810,18,2024-01-18,153.4,1585.39
12811,18,2024-01-19,180.5,2580.21
12812,18,2024-01-20,176.1,1605.47
12813,18,2024-01-21,180.8,2518.62
12814,18,2024-01-22,155.9,2270.89
12815,18,2024-01-23,198.4,1811.63
12816,18,2024-01-24,185.3,1686.06
12817,18,2024-01-25,187.4,1743.44
12818,18,2024-01-26,197.4,2253.43
12819,18,2024-01-27,196.2,2755.59
12820,18,2024-01-28,194.9,2336.72
12821,18,2024-01-29,187.6,2298.16
12822,18,2024-01-30,204.5,2721.54
12823,18,2024-01-31,175.4,1833.47
12824,18,2024-02-01,185.0,2288.5
12825,18,2024-02-02,180.9,1818.79
12826,18,2024-02-03,181.7,1494.36
12827,18,2024-02-04,173.5,1539.09
12828,18,2024-02-05,200.6,2586.74
12829,18,2024-02-06,196.4,1948.45
12830,18,2024-02-07,184.5,1757.53
12831,18,2024-02-08,193.7,2670.45
12832,18,2024-02-09,201.6,1906.52
12833,18,2024-02-10,211.6,2988.16
12834,18,2024-02-11,167.2,2111.14
12835,18,2024-02-12,185.4,2413.8
12836,18,2024-02-13,206.2,3063.47
12837,18,2024-02-14,221.1,3127.79
12838,18,2024-02-15,192.2,2088.27
12839,18,2024-02-16,199.9,1626.06
12840,18,2024-02-17,147.5,1692.42
12841,18,2024-02-18,192.9,1661.92
12842,18,2024-02-19,183.7,2060.23
12843,18,2024-02-20,198.2,1974.67
12844,18,2024-02-21,212.5,2245.83
12845,18,2024-02-22,187.0,1919.66
12846,18,2024-02-23,186.2,2359.9
12847,18,2024-02-24,178.2,2118.24
12848,18,2024-02-25,153.1,2084.09
12849,18,2024-02-26,179.4,1598.11
12850,18,2024-02-27,165.9,1415.46
12851,18,2024-02-28,167.3,1408.81
12852,18,2024-02-29,193.0,2755.73
12853,18,2024-03-01,169.2,1417.08
12854,18,2024-03-02,188.1,1662.64
12855,18,2024-03-03,218.3,2726.71
12856,18,2024-03-04,181.0,1631.14
12857,18,2024-03-05,167.3,1882.63
12858,18,2024-03-06,213.2,2902.09
12859,18,2024-03-07,172.4,2433.03
12860,18,2024-03-08,179.7,1704.61
12861,18,2024-03-09,202.6,2589.68
12862,18,2024-03-10,170.2,2314.52
12863,18,2024-03-11,178.4,1584.21
12864,18,2024-03-12,169.3,1995.91
12865,18,2024-03-13,202.2,1618.32
12866,18,2024-03-14,168.7,1420.14
12867,18,2024-03-15,194.8,2772.66
12868,18,2024-03-16,184.9,2766.38
12869,18,2024-03-17,177.4,1799.48
12870,18,2024-03-18,184.6,2349.47
12871,18,2024-03-19,179.7,1508.34
12872,18,2024-03-20,174.4,1974.96
12873,18,2024-03-21,158.5,1864.59
12874,18,2024-03-22,169.6,2246.32
12875,18,2024-03-23,189.4,1549.83
12876,18,2024-03-24,181.6,2016.42
12877,18,2024-03-25,194.2,2334.27
12878,18,2024-03-26,187.6,1709.02
12879,18,2024-03-27,147.6,1676.34
12880,18,2024-03-28,192.4,1804.8
12881,18,2024-03-29,167.3,2209.8
12882,18,2024-03-30,186.0,2260.83
12883,18,2024-03-31,161.9,1346.55
12884,18,2024-04-01,201.1,2498.75
12885,18,2024-04-02,197.7,1629.98
12886,18,2024-04-03,182.2,1507.14
12887,18,2024-04-04,197.0,2774.17
12888,18,2024-04-05,170.3,1482.78
12889,18,2024-04-06,175.9,2014.55
12890,18,2024-04-07,200.5,2709.47
12891,18,2024-04-08,142.3,1149.59
12892,18,2024-04-09,182.6,2187.05
12893,18,2024-04-10,190.9,1872.07
12894,18,2024-04-11,178.2,2267.09
12895,18,2024-04-12,205.0,2022.63
12896,18,2024-04-13,209.8,2070.86
12897,18,2024-04-14,192.0,2634.48
12898,18,2024-04-15,167.1,1755.74
12899,18,2024-04-16,197.1,1665.73
12900,18,2024-04-17,216.5,2673.66
12901,18,2024-04-18,186.3,2031.44
12902,18,2024-04-19,183.2,1477.92
12903,18,2024-04-20,171.0,1820.77
12904,18,2024-04-21,189.9,1866.46
12905,18,2024-04-22,183.6,1930.51
12906,18,2024-04-23,150.2,1782.64
12907,18,2024-04-24,195.9,2737.48
12908,18,2024-04-25,165.2,1581.02
12909,18,2024-04-26,219.7,2625.59
12910,18,2024-04-27,187.2,1976.5
12911,18,2024-04-28,181.7,1924.32
12912,18,2024-04-29,186.4,2186.28
12913,18,2024-04-30,185.4,2332.32
12914,18,2024-05-01,178.9,2381.81
12915,18,2024-05-02,159.9,1557.8
12916,18,2024-05-03,204.9,2461.35
12917,18,2024-05-04,186.1,2350.37
12918,18,2024-05-05,201.3,2114.88
12919,18,2024-05-06,161.6,2090.8
12920,18,2024-05-07,172.8,1817.05
12921,18,2024-05-08,177.5,2480.6
12922,18,2024-05-09,167.0,2198.75
12923,18,2024-05-10,195.5,1666.52
12924,18,2024-05-11,180.8,1509.76
12925,18,2024-05-12,189.0,2307.29
12926,18,2024-05-13,174.9,2192.02
12927,18,2024-05-14,201.9,1908.14
12928,18,2024-05-15,197.4,2438.95
12929,18,2024-05-16,194.9,1875.83
12930,18,2024-05-17,186.7,1570.7
12931,18,2024-05-18,204.6,2042.88
12932,18,2024-05-19,197.5,2369.39
12933,18,2024-05-20,183.5,1592.9
12934,18,2024-05-21,176.2,2327.74
12935,18,2024-05-22,180.6,2239.14
12936,18,2024-05-23,192.0,1592.91
12937,18,2024-05-24,161.1,1546.78
12938,18,2024-05-25,171.8,2149.93
12939,18,2024-05-26,204.2,2970.77
12940,18,2024-05-27,200.0,2918.75
12941,18,2024-05-28,180.6,1868.33
12942,18,2024-05-29,231.5,3011.59
12943,18,2024-05-30,196.3,1898.69
12944,18,2024-05-31,185.7,1888.97
12945,18,2024-06-01,200.2,1740.22
12946,18,2024-06-02,175.3,1961.66
12947,18,2024-06-03,172.9,1880.92
12948,18,2024-06-04,182.6,2117.23
12949,18,2024-06-05,184.8,2719.92
12950,18,2024-06-06,172.9,2568.28
12951,18,2024-06-07,206.4,2063.87
12952,18,2024-06-08,230.4,3451.75
12953,18,2024-06-09,178.9,1434.84
12954,18,2024-06-10,157.6,1646.21
12955,18,2024-06-11,186.3,2221.82
12956,18,2024-06-12,181.2,2175.77
12957,18,2024-06-13,197.9,1587.89
12958,18,2024-06-14,175.2,1811.22
12959,18,2024-06-15,195.0,1879.8
12960,18,2024-06-16,188.5,2221.91
12961,18,2024-06-17,200.9,1678.28
12962,18,2024-06-18,186.0,2040.69
12963,18,2024-06-19,171.9,2075.65
12964,18,2024-06-20,189.2,1935.74
12965,18,2024-06-21,167.8,1839.09
12966,18,2024-06-22,152.1,1924.19
12967,18,2024-06-23,173.0,2502.74
12968,18,2024-06-24,201.9,2941.52
12969,18,2024-06-25,213.1,2119.44
12970,18,2024-06-26,160.2,1572.95
12971,18,2024-06-27,198.7,1822.29
12972,18,2024-06-28,209.7,2975.82
12973,18,2024-06-29,167.2,2138.33
12974,18,2024-06-30,206.2,1811.76
12975,18,2024-07-01,164.2,1361.43
12976,18,2024-07-02,182.1,1888.46
12977,18,2024-07-03,190.0,2416.84
12978,18,2024-07-04,168.3,1521.49
12979,18,2024-07-05,204.9,2842.16
12980,18,2024-07-06,183.6,2400.55
12981,18,2024-07-07,196.9,1914.96
12982,18,2024-07-08,169.0,1606.31
12983,18,2024-07-09,214.0,1791.36
12984,18,2024-07-10,191.8,1615.05
12985,18,2024-07-11,191.1,2337.21
12986,18,2024-07-12,189.6,2085.43
12987,18,2024-07-13,191.3,2306.48
12988,18,2024-07-14,195.1,1997.3
12989,18,2024-07-15,178.2,1783.61
12990,18,2024-07-16,163.1,1692.39
12991,18,2024-07-17,163.7,2234.0
12992,18,2024-07-18,184.7,1665.44
12993,18,2024-07-19,209.8,2391.22
12994,18,2024-07-20,181.7,1912.36
12995,18,2024-07-21,202.3,3020.61
12996,18,2024-07-22,182.3,2263.79
12997,18,2024-07-23,207.5,2404.5
12998,18,2024-07-24,190.7,1907.31
12999,18,2024-07-25,188.2,2269.04
13000,18,2024-07-26,200.4,2528.0
13001,18,2024-07-27,190.4,1804.7
13002,18,2024-07-28,194.1,2186.72
13003,18,2024-07-29,184.1,2682.61
13004,18,2024-07-30,189.2,2590.53
13005,18,2024-07-31,164.7,1668.28
13006,18,2024-08-01,204.1,2552.5
13007,18,2024-08-02,204.7,2727.62
13008,18,2024-08-03,178.6,1818.93
13009,18,2024-08-04,182.6,1873.86
13010,18,2024-08-05,213.0,2319.59
13011,18,2024-08-06,179.0,1791.76
13012,18,2024-08-07,195.6,2046.83
13013,18,2024-08-08,186.9,1687.83
13014,18,2024-08-09,160.4,2201.66
13015,18,2024-08-10,191.0,1694.93
13016,18,2024-08-11,161.7,2400.4
13017,18,2024-08-12,203.5,2722.56
13018,18,2024-08-13,180.3,2343.73
13019,18,2024-08-14,165.1,2229.35
13020,18,2024-08-15,196.9,2894.39
13021,18,2024-08-16,160.9,1425.02
13022,18,2024-08-17,161.7,1405.07
13023,18,2024-08-18,213.7,2414.63
13024,18,2024-08-19,200.4,2532.63
13025,18,2024-08-20,184.7,1561.33
13026,18,2024-08-21,191.3,2190.05
13027,18,2024-08-22,169.0,1519.39
13028,18,2024-08-23,186.3,2631.58
13029,18,2024-08-24,166.3,1781.55
13030,18,2024-08-25,165.9,2449.28
13031,18,2024-08-26,197.6,2952.0
13032,18,2024-08-27,176.3,1840.6
13033,18,2024-08-28,173.8,1707.55
13034,18,2024-08-29,189.5,1787.02
13035,18,2024-08-30,173.2,2424.48
13036,18,2024-08-31,179.6,2517.74
13037,18,2024-09-01,210.5,2629.54
13038,18,2024-09-02,161.3,2136.68
13039,18,2024-09-03,207.2,2573.55
13040,18,2024-09-04,231.7,2993.77
13041,18,2024-09-05,162.3,1604.48
13042,18,2024-09-06,164.2,1944.62
13043,18,2024-09-07,192.3,2084.91
13044,18,2024-09-08,149.4,2069.91
13045,18,2024-09-09,184.6,2221.04
13046,18,2024-09-10,171.0,1826.94
13047,18,2024-09-11,203.5,2027.39
13048,18,2024-09-12,177.1,2497.32
13049,18,2024-09-13,187.1,2508.75
13050,18,2024-09-14,194.4,2389.33
13051,18,2024-09-15,190.6,1902.26
13052,18,2024-09-16,183.0,1661.09
13053,18,2024-09-17,195.1,1814.05
13054,18,2024-09-18,159.1,2284.25
13055,18,2024-09-19,199.7,1946.11
13056,18,2024-09-20,178.1,1814.76
13057,18,2024-09-21,192.9,2068.77
13058,18,2024-09-22,182.2,2273.17
13059,18,2024-09-23,173.4,1997.93
13060,18,2024-09-24,180.9,1530.85
13061,18,2024-09-25,187.3,1995.11
13062,18,2024-09-26,189.9,2369.97
13063,18,2024-09-27,187.6,2580.79
13064,18,2024-09-28,172.2,2367.96
13065,18,2024-09-29,166.9,1943.93
13066,18,2024-09-30,168.2,2484.79
13067,18,2024-10-01,178.8,2406.35
13068,18,2024-10-02,192.5,2780.96
13069,18,2024-10-03,193.6,1911.8
13070,18,2024-10-04,173.9,1809.05
13071,18,2024-10-05,182.7,2539.58
13072,18,2024-10-06,159.9,1870.47
13073,18,2024-10-07,176.6,2108.44
13074,18,2024-10-08,173.7,2098.88
13075,18,2024-10-09,170.1,2258.65
13076,18,2024-10-10,184.2,2646.34
13077,18,2024-10-11,210.3,3028.34
13078,18,2024-10-12,183.4,2291.71
13079,18,2024-10-13,200.5,1970.04
13080,18,2024-10-14,196.6,2374.39
13081,18,2024-10-15,174.3,2489.4
13082,18,2024-10-16,194.7,2403.16
13083,18,2024-10-17,211.3,2285.22
13084,18,2024-10-18,163.5,2267.4
13085,18,2024-10-19,196.5,2272.68
13086,18,2024-10-20,181.2,2287.17
13087,18,2024-10-21,171.8,2383.61
13088,18,2024-10-22,188.4,2293.19
13089,18,2024-10-23,188.8,1732.9
13090,18,2024-10-24,220.4,1962.52
13091,18,2024-10-25,172.3,2432.49
13092,18,2024-10-26,183.1,2498.64
13093,18,2024-10-27,182.7,2734.09
13094,18,2024-10-28,172.2,1789.88
13095,18,2024-10-29,167.9,2135.82
13096,18,2024-10-30,175.8,2202.04
13097,18,2024-10-31,180.4,2285.83
13098,18,2024-11-01,166.9,1911.9
13099,18,2024-11-02,197.2,2523.84
13100,18,2024-11-03,190.2,2341.3
13101,18,2024-11-04,163.6,2244.8
13102,18,2024-11-05,175.4,1665.69
13103,18,2024-11-06,184.0,2469.84
13104,18,2024-11-07,193.3,2085.37
13105,18,2024-11-08,180.4,2295.13
13106,18,2024-11-09,192.3,2463.44
13107,18,2024-11-10,187.0,2232.27
13108,18,2024-11-11,194.2,2518.97
13109,18,2024-11-12,170.0,1490.48
13110,18,2024-11-13,190.5,1623.43
13111,18,2024-11-14,180.8,2225.05
13112,18,2024-11-15,144.7,2127.86
13113,18,2024-11-16,199.3,2336.17
13114,18,2024-11-17,169.6,1617.89
13115,18,2024-11-18,187.2,1660.41
13116,18,2024-11-19,182.7,2110.4
13117,18,2024-11-20,179.1,2210.27
13118,18,2024-11-21,175.8,2440.92
13119,18,2024-11-22,176.8,2540.28
13120,18,2024-11-23,208.1,2105.28
13121,18,2024-11-24,178.5,2551.36
13122,18,2024-11-25,206.6,2805.59
13123,18,2024-11-26,178.9,2268.15
13124,18,2024-11-27,184.1,2425.06
13125,18,2024-11-28,181.5,1466.28
13126,18,2024-11-29,207.6,2040.52
13127,18,2024-11-30,194.6,2702.79
13128,18,2024-12-01,174.2,1520.94
13129,18,2024-12-02,159.4,2235.81
13130,18,2024-12-03,174.5,2311.21
13131,18,2024-12-04,202.1,1878.02
13132,18,2024-12-05,163.8,1749.22
13133,18,2024-12-06,160.0,2261.68
13134,18,2024-12-07,171.1,2181.68
13135,18,2024-12-08,166.1,1349.4
13136,18,2024-12-09,168.2,1753.83
13137,18,2024-12-10,153.1,1974.9
13138,18,2024-12-11,184.1,2003.9
13139,18,2024-12-12,187.2,1841.71
13140,18,2024-12-13,178.1,1921.15
13141,18,2024-12-14,159.4,1517.87
13142,18,2024-12-15,171.0,1730.1
13143,18,2024-12-16,186.6,2382.1
13144,18,2024-12-17,188.7,2113.42
13145,18,2024-12-18,153.4,1307.09
13146,18,2024-12-19,181.5,1873.08
13147,18,2024-12-20,169.7,1462.73
13148,18,2024-12-21,180.5,1776.25
13149,18,2024-12-22,160.3,1414.86
13150,18,2024-12-23,155.3,1488.06
13151,18,2024-12-24,177.5,1824.83
13152,18,2024-12-25,178.8,1521.01
13153,18,2024-12-26,167.2,1719.88
13154,18,2024-12-27,204.3,1814.93
13155,18,2024-12-28,169.2,2520.01
13156,18,2024-12-29,168.9,2338.65
13157,18,2024-12-30,180.8,1770.32
13158,18,2024-12-31,178.8,1561.08
13159,19,2023-01-01,290.1,3605.16
13160,19,2023-01-02,268.8,3193.38
13161,19,2023-01-03,278.8,2246.78
13162,19,2023-01-04,322.7,4240.91
13163,19,2023-01-05,273.7,3099.7
13164,19,2023-01-06,281.4,3820.93
13165,19,2023-01-07,310.0,3662.73
13166,19,2023-01-08,287.5,3236.92
13167,19,2023-01-09,288.7,3873.83
13168,19,2023-01-10,297.5,2885.87
13169,19,2023-01-11,310.4,4443.19
13170,19,2023-01-12,257.2,3098.4
13171,19,2023-01-13,322.0,3160.46
13172,19,2023-01-14,308.9,4260.54
13173,19,2023-01-15,264.8,2767.51
13174,19,2023-01-16,286.4,2784.53
13175,19,2023-01-17,275.9,2557.06
13176,19,2023-01-18,271.5,3441.41
13177,19,2023-01-19,336.8,3504.9
13178,19,2023-01-20,316.9,4242.5
13179,19,2023-01-21,298.3,2961.68
13180,19,2023-01-22,269.1,3146.09
13181,19,2023-01-23,318.5,4535.73
13182,19,2023-01-24,278.4,3673.97
13183,19,2023-01-25,280.5,4049.03
13184,19,2023-01-26,274.7,3038.61
13185,19,2023-01-27,290.0,4252.44
13186,19,2023-01-28,307.6,4454.7
13187,19,2023-01-29,312.1,4430.74
13188,19,2023-01-30,288.9,2690.09
13189,19,2023-01-31,320.3,3857.69
13190,19,2023-02-01,285.3,3974.63
13191,19,2023-02-02,276.0,2829.55
13192,19,2023-02-03,292.4,3057.97
13193,19,2023-02-04,307.6,3945.1
13194,19,2023-02-05,312.1,2544.27
13195,19,2023-02-06,292.5,3628.04
13196,19,2023-02-07,294.4,2482.44
13197,19,2023-02-08,339.8,2838.8
13198,19,2023-02-09,317.0,3180.27
13199,19,2023-02-10,284.3,3951.27
13200,19,2023-02-11,260.0,2543.74
13201,19,2023-02-12,271.2,3461.38
13202,19,2023-02-13,286.6,2780.78
13203,19,2023-02-14,263.2,2819.93
13204,19,2023-02-15,307.0,4297.55
13205,19,2023-02-16,276.9,3393.41
13206,19,2023-02-17,304.2,3772.66
13207,19,2023-02-18,291.3,2861.98
13208,19,2023-02-19,272.2,3068.21
13209,19,2023-02-20,279.9,2481.05
13210,19,2023-02-21,303.6,3000.92
13211,19,2023-02-22,291.7,2858.74
13212,19,2023-02-23,286.6,3573.11
13213,19,2023-02-24,305.3,2910.4
13214,19,2023-02-25,291.8,3535.34
13215,19,2023-02-26,313.6,3402.72
13216,19,2023-02-27,305.6,3914.68
13217,19,2023-02-28,279.1,3982.32
13218,19,2023-03-01,250.9,3674.88
13219,19,2023-03-02,273.4,3757.02
13220,19,2023-03-03,326.5,2671.24
13221,19,2023-03-04,299.7,3008.61
13222,19,2023-03-05,275.7,4041.04
13223,19,2023-03-06,247.8,3158.82
13224,19,2023-03-07,252.1,3370.71
13225,19,2023-03-08,257.8,3457.43
13226,19,2023-03-09,289.7,2967.0
13227,19,2023-03-10,303.2,2617.29
13228,19,2023-03-11,266.6,3946.13
13229,19,2023-03-12,295.4,2664.45
13230,19,2023-03-13,291.6,2415.97
13231,19,2023-03-14,291.7,2502.72
13232,19,2023-03-15,280.5,3250.13
13233,19,2023-03-16,264.6,3293.86
13234,19,2023-03-17,263.2,2405.92
13235,19,2023-03-18,303.1,4365.34
13236,19,2023-03-19,326.8,3449.13
13237,19,2023-03-20,293.5,4348.55
13238,19,2023-03-21,299.5,2452.46
13239,19,2023-03-22,311.4,2607.21
13240,19,2023-03-23,306.1,3688.99
13241,19,2023-03-24,298.8,2524.27
13242,19,2023-03-25,324.4,4170.24
13243,19,2023-03-26,311.6,4623.02
13244,19,2023-03-27,259.7,2291.98
13245,19,2023-03-28,283.8,3931.83
13246,19,2023-03-29,269.2,3033.96
13247,19,2023-03-30,307.3,3018.94
13248,19,2023-03-31,248.3,2683.5
13249,19,2023-04-01,317.1,4588.24
13250,19,2023-04-02,278.5,3708.52
13251,19,2023-04-03,297.0,2636.04
13252,19,2023-04-04,224.1,2964.44
13253,19,2023-04-05,312.0,2934.26
13254,19,2023-04-06,296.9,3953.73
13255,19,2023-04-07,265.5,3364.68
13256,19,2023-04-08,313.0,4529.32
13257,19,2023-04-09,297.2,2477.88
13258,19,2023-04-10,301.9,4258.74
13259,19,2023-04-11,261.6,2435.75
13260,19,2023-04-12,317.3,2796.3
13261,19,2023-04-13,282.1,2591.22
13262,19,2023-04-14,233.9,1942.96
13263,19,2023-04-15,305.4,2619.44
13264,19,2023-04-16,268.4,3190.22
13265,19,2023-04-17,283.8,3051.29
13266,19,2023-04-18,282.5,2459.14
13267,19,2023-04-19,280.5,2891.6
13268,19,2023-04-20,267.3,3541.0
13269,19,2023-04-21,305.0,3100.71
13270,19,2023-04-22,307.5,4231.21
13271,19,2023-04-23,287.1,2387.03
13272,19,2023-04-24,287.8,4194.62
13273,19,2023-04-25,304.1,3013.31
13274,19,2023-04-26,286.0,4104.94
13275,19,2023-04-27,318.0,4659.77
13276,19,2023-04-28,291.4,2993.19
13277,19,2023-04-29,330.1,3334.91
13278,19,2023-04-30,277.4,3682.76
13279,19,2023-05-01,292.6,2591.6
13280,19,2023-05-02,272.9,2743.4
13281,19,2023-05-03,308.0,2881.06
13282,19,2023-05-04,279.8,3822.44
13283,19,2023-05-05,291.4,2808.09
13284,19,2023-05-06,325.8,3123.69
13285,19,2023-05-07,285.7,3348.12
13286,19,2023-05-08,291.0,4269.49
13287,19,2023-05-09,297.2,4378.59
13288,19,2023-05-10,264.3,3706.03
13289,19,2023-05-11,298.5,3033.63
13290,19,2023-05-12,299.1,4257.51
13291,19,2023-05-13,291.2,3052.37
13292,19,2023-05-14,308.0,3356.57
13293,19,2023-05-15,265.2,3270.15
13294,19,2023-05-16,276.3,3298.08
13295,19,2023-05-17,269.9,3664.63
13296,19,2023-05-18,289.3,2668.47
13297,19,2023-05-19,297.8,3213.66
13298,19,2023-05-20,270.6,2278.11
13299,19,2023-05-21,320.1,3939.83
13300,19,2023-05-22,275.8,2906.82
13301,19,2023-05-23,302.9,4304.46
13302,19,2023-05-24,263.8,3303.67
13303,19,2023-05-25,293.3,3820.79
13304,19,2023-05-26,323.1,4612.48
13305,19,2023-05-27,295.9,3259.95
13306,19,2023-05-28,294.3,4216.56
13307,19,2023-05-29,313.4,2593.36
13308,19,2023-05-30,298.4,3760.78
13309,19,2023-05-31,284.0,3587.31
13310,19,2023-06-01,298.5,4111.51
13311,19,2023-06-02,274.2,3286.2
13312,19,2023-06-03,253.3,2947.32
13313,19,2023-06-04,284.4,2764.97
13314,19,2023-06-05,280.0,3694.7
13315,19,2023-06-06,326.1,2768.1
13316,19,2023-06-07,300.6,3425.3
13317,19,2023-06-08,311.6,4036.45
13318,19,2023-06-09,280.4,3948.99
13319,19,2023-06-10,321.2,3709.6
13320,19,2023-06-11,294.5,3469.87
13321,19,2023-06-12,294.2,2916.11
13322,19,2023-06-13,281.6,2291.54
13323,19,2023-06-14,311.3,4582.21
13324,19,2023-06-15,282.1,4119.14
13325,19,2023-06-16,272.5,3399.03
13326,19,2023-06-17,279.6,3192.54
13327,19,2023-06-18,297.5,3552.38
13328,19,2023-06-19,275.1,3862.43
13329,19,2023-06-20,321.1,3558.95
13330,19,2023-06-21,335.5,3771.36
13331,19,2023-06-22,337.4,3721.88
13332,19,2023-06-23,274.4,2738.94
13333,19,2023-06-24,267.8,2786.68
13334,19,2023-06-25,272.3,3840.33
13335,19,2023-06-26,252.4,2698.88
13336,19,2023-06-27,291.2,2545.55
13337,19,2023-06-28,285.9,4249.58
13338,19,2023-06-29,310.3,3237.35
13339,19,2023-06-30,278.5,2376.57
13340,19,2023-07-01,306.8,2522.48
13341,19,2023-07-02,252.8,2807.73
13342,19,2023-07-03,311.5,4276.77
13343,19,2023-07-04,271.1,3772.53
13344,19,2023-07-05,265.0,3033.56
13345,19,2023-07-06,280.3,3023.67
13346,19,2023-07-07,316.4,2901.39
13347,19,2023-07-08,289.2,3971.0
13348,19,2023-07-09,295.3,3220.26
13349,19,2023-07-10,319.9,2956.29
13350,19,2023-07-11,286.1,2729.71
13351,19,2023-07-12,314.5,3336.27
13352,19,2023-07-13,274.5,2884.21
13353,19,2023-07-14,305.8,4163.0
13354,19,2023-07-15,258.0,2189.6
13355,19,2023-07-16,280.7,3279.76
13356,19,2023-07-17,292.5,2865.83
13357,19,2023-07-18,282.4,4092.0
13358,19,2023-07-19,245.2,3180.87
13359,19,2023-07-20,294.3,2369.39
13360,19,2023-07-21,301.8,2975.88
13361,19,2023-07-22,296.0,4402.43
13362,19,2023-07-23,307.1,2792.2
13363,19,2023-07-24,267.7,2753.26
13364,19,2023-07-25,257.0,2509.79
13365,19,2023-07-26,337.4,3434.7
13366,19,2023-07-27,271.0,2318.9
13367,19,2023-07-28,281.4,3347.95
13368,19,2023-07-29,332.5,3720.1
13369,19,2023-07-30,293.2,4240.58
13370,19,2023-07-31,312.4,3615.66
13371,19,2023-08-01,267.5,3118.25
13372,19,2023-08-02,257.9,3019.65
13373,19,2023-08-03,264.9,3341.34
13374,19,2023-08-04,306.6,4123.18
13375,19,2023-08-05,284.8,4255.12
13376,19,2023-08-06,337.3,3653.95
13377,19,2023-08-07,305.8,2829.64
13378,19,2023-08-08,267.8,2174.0
13379,19,2023-08-09,280.5,2453.35
13380,19,2023-08-10,264.4,2481.2
13381,19,2023-08-11,307.3,4217.26
13382,19,2023-08-12,307.0,4263.09
13383,19,2023-08-13,314.1,3668.68
13384,19,2023-08-14,284.2,3209.67
13385,19,2023-08-15,268.1,3625.9
13386,19,2023-08-16,305.8,3365.91
13387,19,2023-08-17,266.8,3673.25
13388,19,2023-08-18,272.7,2580.98
13389,19,2023-08-19,294.6,4207.51
13390,19,2023-08-20,302.7,3595.18
13391,19,2023-08-21,311.7,4306.85
13392,19,2023-08-22,325.0,4501.04
13393,19,2023-08-23,330.9,4782.25
13394,19,2023-08-24,317.5,4606.09
13395,19,2023-08-25,301.5,3628.75
13396,19,2023-08-26,256.5,2571.27
13397,19,2023-08-27,304.6,4431.68
13398,19,2023-08-28,272.2,2278.38
13399,19,2023-08-29,297.5,4055.57
13400,19,2023-08-30,267.7,3624.25
13401,19,2023-08-31,303.1,2885.74
13402,19,2023-09-01,297.0,2599.34
13403,19,2023-09-02,316.4,3820.09
13404,19,2023-09-03,298.9,4405.47
13405,19,2023-09-04,304.4,2563.61
13406,19,2023-09-05,311.6,2727.93
13407,19,2023-09-06,274.3,2249.52
13408,19,2023-09-07,303.0,4355.17
13409,19,2023-09-08,283.7,3818.78
13410,19,2023-09-09,296.4,2470.43
13411,19,2023-09-10,308.6,4117.48
13412,19,2023-09-11,254.8,2056.92
13413,19,2023-09-12,263.4,3949.18
13414,19,2023-09-13,273.4,3471.21
13415,19,2023-09-14,271.7,3312.24
13416,19,2023-09-15,285.0,3560.71
13417,19,2023-09-16,275.2,4091.99
13418,19,2023-09-17,309.3,3425.4
13419,19,2023-09-18,265.7,3092.33
13420,19,2023-09-19,257.7,3751.57
13421,19,2023-09-20,301.1,2751.51
13422,19,2023-09-21,326.2,2950.86
13423,19,2023-09-22,330.3,4379.07
13424,19,2023-09-23,289.1,2769.98
13425,19,2023-09-24,283.1,4084.2
13426,19,2023-09-25,269.3,3182.61
13427,19,2023-09-26,261.4,2332.68
13428,19,2023-09-27,260.8,2950.42
13429,19,2023-09-28,258.6,3304.91
13430,19,2023-09-29,288.7,3839.32
13431,19,2023-09-30,286.0,3410.5
13432,19,2023-10-01,318.7,4141.22
13433,19,2023-10-02,279.9,3308.09
13434,19,2023-10-03,325.3,4361.25
13435,19,2023-10-04,317.2,3520.14
13436,19,2023-10-05,270.1,2873.77
13437,19,2023-10-06,293.3,3931.32
13438,19,2023-10-07,286.7,2333.93
13439,19,2023-10-08,311.0,3830.51
13440,19,2023-10-09,253.4,2516.87
13441,19,2023-10-10,254.6,2126.83
13442,19,2023-10-11,282.0,3276.17
13443,19,2023-10-12,301.9,4415.62
13444,19,2023-10-13,239.8,2159.11
13445,19,2023-10-14,331.4,3998.06
13446,19,2023-10-15,280.5,3215.67
13447,19,2023-10-16,256.3,2725.02
13448,19,2023-10-17,263.6,3237.87
13449,19,2023-10-18,299.8,3606.19
13450,19,2023-10-19,273.9,2707.45
13451,19,2023-10-20,301.2,2453.16
13452,19,2023-10-21,288.2,2707.86
13453,19,2023-10-22,336.8,3194.61
13454,19,2023-10-23,270.0,3919.69
13455,19,2023-10-24,308.5,3178.77
13456,19,2023-10-25,295.8,4082.27
13457,19,2023-10-26,255.5,3674.1
13458,19,2023-10-27,272.0,2351.4
13459,19,2023-10-28,286.5,4282.71
13460,19,2023-10-29,304.0,3580.19
13461,19,2023-10-30,328.5,4428.72
13462,19,2023-10-31,287.4,2616.89
13463,19,2023-11-01,247.6,2160.12
13464,19,2023-11-02,247.5,2747.51
13465,19,2023-11-03,273.6,3016.98
13466,19,2023-11-04,309.8,4563.01
13467,19,2023-11-05,289.8,3826.42
13468,19,2023-11-06,277.8,3702.48
13469,19,2023-11-07,311.1,2617.37
13470,19,2023-11-08,310.0,3639.13
13471,19,2023-11-09,283.8,2294.54
13472,19,2023-11-10,290.5,3980.18
13473,19,2023-11-11,271.9,3964.57
13474,19,2023-11-12,326.0,4357.84
13475,19,2023-11-13,326.1,4136.77
13476,19,2023-11-14,284.8,3896.59
13477,19,2023-11-15,276.0,2659.19
13478,19,2023-11-16,297.3,2931.52
13479,19,2023-11-17,298.8,3426.64
13480,19,2023-11-18,299.1,3608.61
13481,19,2023-11-19,275.1,2297.59
13482,19,2023-11-20,309.2,3518.62
13483,19,2023-11-21,273.7,3410.39
13484,19,2023-11-22,283.3,3920.97
13485,19,2023-11-23,267.9,2374.34
13486,19,2023-11-24,330.6,4752.69
13487,19,2023-11-25,266.1,3648.7
13488,19,2023-11-26,270.1,4015.67
13489,19,2023-11-27,314.8,3222.79
13490,19,2023-11-28,322.6,2626.92
13491,19,2023-11-29,295.7,2678.59
13492,19,2023-11-30,257.0,3645.8
13493,19,2023-12-01,289.6,3354.74
13494,19,2023-12-02,255.1,3119.84
13495,19,2023-12-03,306.1,3401.15
13496,19,2023-12-04,278.6,3593.61
13497,19,2023-12-05,267.0,3300.21
13498,19,2023-12-06,294.4,3489.98
13499,19,2023-12-07,325.2,3098.2
13500,19,2023-12-08,315.3,3022.68
13501,19,2023-12-09,266.5,2271.3
13502,19,2023-12-10,283.6,2444.18
13503,19,2023-12-11,242.1,2434.59
13504,19,2023-12-12,319.2,3259.43
13505,19,2023-12-13,277.5,2614.77
13506,19,2023-12-14,255.5,3292.29
13507,19,2023-12-15,298.8,4299.07
13508,19,2023-12-16,308.8,2771.09
13509,19,2023-12-17,274.1,2662.32
13510,19,2023-12-18,270.1,2748.58
13511,19,2023-12-19,277.1,2958.01
13512,19,2023-12-20,288.5,2805.82
13513,19,2023-12-21,290.6,3378.17
13514,19,2023-12-22,287.7,3159.06
13515,19,2023-12-23,316.0,2687.29
13516,19,2023-12-24,273.4,4023.88
13517,19,2023-12-25,246.0,3645.86
13518,19,2023-12-26,268.8,3911.96
13519,19,2023-12-27,268.1,2873.78
13520,19,2023-12-28,315.0,2870.03
13521,19,2023-12-29,326.2,3233.31
13522,19,2023-12-30,290.5,4233.3
13523,19,2023-12-31,309.7,4544.12
13524,19,2024-01-01,296.2,3960.3
13525,19,2024-01-02,330.3,3665.31
13526,19,2024-01-03,332.8,4955.71
13527,19,2024-01-04,290.5,2741.38
13528,19,2024-01-05,273.3,3195.21
13529,19,2024-01-06,269.9,2901.86
13530,19,2024-01-07,305.1,4471.04
13531,19,2024-01-08,296.4,2831.92
13532,19,2024-01-09,322.0,3534.25
13533,19,2024-01-10,301.3,2926.03
13534,19,2024-01-11,299.1,3779.12
13535,19,2024-01-12,251.2,2148.31
13536,19,2024-01-13,292.7,3836.83
13537,19,2024-01-14,320.5,4053.15
13538,19,2024-01-15,286.2,3751.53
13539,19,2024-01-16,260.8,3182.94
13540,19,2024-01-17,265.5,2496.03
13541,19,2024-01-18,288.7,2768.01
13542,19,2024-01-19,318.1,3936.79
13543,19,2024-01-20,275.5,3301.6
13544,19,2024-01-21,236.7,2733.71
13545,19,2024-01-22,289.4,4307.56
13546,19,2024-01-23,291.0,3298.45
13547,19,2024-01-24,282.6,2737.14
13548,19,2024-01-25,300.8,2882.39
13549,19,2024-01-26,255.8,3251.35
13550,19,2024-01-27,285.4,3019.25
13551,19,2024-01-28,276.0,3256.57
13552,19,2024-01-29,239.8,2156.9
13553,19,2024-01-30,301.5,2998.33
13554,19,2024-01-31,294.4,2727.18
13555,19,2024-02-01,269.9,2237.06
13556,19,2024-02-02,299.4,3692.85
13557,19,2024-02-03,270.5,4023.1
13558,19,2024-02-04,273.7,2748.99
13559,19,2024-02-05,286.2,2447.05
13560,19,2024-02-06,317.5,4170.65
13561,19,2024-02-07,276.2,3667.27
13562,19,2024-02-08,326.0,4236.77
13563,19,2024-02-09,303.5,3154.72
13564,19,2024-02-10,284.7,3531.2
13565,19,2024-02-11,322.4,4620.24
13566,19,2024-02-12,303.3,2737.57
13567,19,2024-02-13,297.3,3886.94
13568,19,2024-02-14,268.0,3425.5
13569,19,2024-02-15,269.2,3409.66
13570,19,2024-02-16,269.9,2511.34
13571,19,2024-02-17,283.5,3034.74
13572,19,2024-02-18,335.7,3390.72
13573,19,2024-02-19,286.0,3411.66
13574,19,2024-02-20,301.3,4413.08
13575,19,2024-02-21,294.0,2570.63
13576,19,2024-02-22,288.4,4017.03
13577,19,2024-02-23,310.3,4341.22
13578,19,2024-02-24,272.5,2698.23
13579,19,2024-02-25,322.6,2804.33
13580,19,2024-02-26,270.7,3596.76
13581,19,2024-02-27,298.6,2633.75
13582,19,2024-02-28,246.9,2441.33
13583,19,2024-02-29,277.5,2219.87
13584,19,2024-03-01,225.8,3210.8
13585,19,2024-03-02,333.1,3150.37
13586,19,2024-03-03,226.8,2778.62
13587,19,2024-03-04,256.2,2476.3
13588,19,2024-03-05,288.7,2444.52
13589,19,2024-03-06,301.7,3080.99
13590,19,2024-03-07,260.1,2704.66
13591,19,2024-03-08,290.4,3018.81
13592,19,2024-03-09,260.7,3319.94
13593,19,2024-03-10,298.1,2960.51
13594,19,2024-03-11,321.6,3718.13
13595,19,2024-03-12,294.7,3938.44
13596,19,2024-03-13,279.5,3200.18
13597,19,2024-03-14,286.5,2950.39
13598,19,2024-03-15,297.3,2577.04
13599,19,2024-03-16,311.6,4383.53
13600,19,2024-03-17,288.4,3527.53
13601,19,2024-03-18,323.5,4313.9
13602,19,2024-03-19,258.0,2806.9
13603,19,2024-03-20,332.0,4693.11
13604,19,2024-03-21,278.9,3776.01
13605,19,2024-03-22,290.6,3115.61
13606,19,2024-03-23,290.9,3516.76
13607,19,2024-03-24,269.6,3535.36
13608,19,2024-03-25,300.0,2612.68
13609,19,2024-03-26,310.6,4173.35
13610,19,2024-03-27,322.6,3826.55
13611,19,2024-03-28,288.3,3079.61
13612,19,2024-03-29,277.8,2845.24
13613,19,2024-03-30,285.0,3698.29
13614,19,2024-03-31,285.5,3335.9
13615,19,2024-04-01,302.5,3812.09
13616,19,2024-04-02,303.8,4551.92
13617,19,2024-04-03,327.8,4453.44
13618,19,2024-04-04,276.4,2939.14
13619,19,2024-04-05,296.2,2436.77
13620,19,2024-04-06,283.7,2935.85
13621,19,2024-04-07,282.4,4036.37
13622,19,2024-04-08,284.7,2847.8
13623,19,2024-04-09,302.3,3006.43
13624,19,2024-04-10,271.4,3420.79
13625,19,2024-04-11,296.5,3995.32
13626,19,2024-04-12,297.7,2566.18
13627,19,2024-04-13,279.1,2303.43
13628,19,2024-04-14,272.7,3136.64
13629,19,2024-04-15,311.4,3142.52
13630,19,2024-04-16,235.1,2680.53
13631,19,2024-04-17,259.5,3256.05
13632,19,2024-04-18,271.0,3445.17
13633,19,2024-04-19,286.2,3701.3
13634,19,2024-04-20,286.0,3664.4
13635,19,2024-04-21,271.0,2842.1
13636,19,2024-04-22,300.3,2707.68
13637,19,2024-04-23,298.4,2934.33
13638,19,2024-04-24,269.0,2996.99
13639,19,2024-04-25,295.0,3863.92
13640,19,2024-04-26,263.6,2776.43
13641,19,2024-04-27,268.2,3444.5
13642,19,2024-04-28,302.0,3959.65
13643,19,2024-04-29,278.5,2467.16
13644,19,2024-04-30,274.3,2519.79
13645,19,2024-05-01,262.8,3764.87
13646,19,2024-05-02,242.8,2275.14
13647,19,2024-05-03,302.4,3346.0
13648,19,2024-05-04,300.1,3473.65
13649,19,2024-05-05,280.0,2322.48
13650,19,2024-05-06,299.0,3988.27
13651,19,2024-05-07,314.4,2681.64
13652,19,2024-05-08,291.2,3595.55
13653,19,2024-05-09,293.0,2569.63
13654,19,2024-05-10,278.5,3871.98
13655,19,2024-05-11,266.9,3306.06
13656,19,2024-05-12,256.8,2291.52
13657,19,2024-05-13,251.4,3516.32
13658,19,2024-05-14,277.1,2304.04
13659,19,2024-05-15,314.8,4529.9
13660,19,2024-05-16,250.2,3522.5
13661,19,2024-05-17,294.5,4216.74
13662,19,2024-05-18,296.8,3021.83
13663,19,2024-05-19,279.5,3476.58
13664,19,2024-05-20,302.6,3319.35
13665,19,2024-05-21,317.7,3332.98
13666,19,2024-05-22,231.4,3135.51
13667,19,2024-05-23,317.5,3053.79
13668,19,2024-05-24,307.5,4547.73
13669,19,2024-05-25,258.2,3422.43
13670,19,2024-05-26,297.3,2739.97
13671,19,2024-05-27,284.8,3382.41
13672,19,2024-05-28,266.6,2485.28
13673,19,2024-05-29,294.6,2944.88
13674,19,2024-05-30,280.0,2544.8
13675,19,2024-05-31,257.9,3056.29
13676,19,2024-06-01,301.0,3221.61
13677,19,2024-06-02,281.9,3407.39
13678,19,2024-06-03,295.9,4323.93
13679,19,2024-06-04,274.4,3338.07
13680,19,2024-06-05,309.6,3289.56
13681,19,2024-06-06,257.1,3088.08
13682,19,2024-06-07,275.9,3262.86
13683,19,2024-06-08,287.8,4262.81
13684,19,2024-06-09,251.6,3271.53
13685,19,2024-06-10,303.6,3651.03
13686,19,2024-06-11,282.5,2527.43
13687,19,2024-06-12,252.6,3378.37
13688,19,2024-06-13,288.0,4253.93
13689,19,2024-06-14,261.8,2866.35
13690,19,2024-06-15,237.1,2370.24
13691,19,2024-06-16,295.2,2493.65
13692,19,2024-06-17,312.8,4339.55
13693,19,2024-06-18,316.9,2707.81
13694,19,2024-06-19,247.7,2579.61
13695,19,2024-06-20,280.8,4024.19
13696,19,2024-06-21,316.4,3805.43
13697,19,2024-06-22,335.3,4641.4
13698,19,2024-06-23,246.4,2353.44
13699,19,2024-06-24,289.5,3785.82
13700,19,2024-06-25,307.8,2634.83
13701,19,2024-06-26,265.4,3618.8
13702,19,2024-06-27,308.2,3563.61
13703,19,2024-06-28,316.3,3884.62
13704,19,2024-06-29,253.0,3241.1
13705,19,2024-06-30,279.4,4113.99
13706,19,2024-07-01,302.8,2875.37
13707,19,2024-07-02,271.1,3889.95
13708,19,2024-07-03,315.0,3723.12
13709,19,2024-07-04,268.2,3331.05
13710,19,2024-07-05,289.6,4098.95
13711,19,2024-07-06,296.2,2421.97
13712,19,2024-07-07,265.1,3839.13
13713,19,2024-07-08,290.1,2381.24
13714,19,2024-07-09,265.2,3016.74
13715,19,2024-07-10,278.1,2260.11
13716,19,2024-07-11,241.7,2020.6
13717,19,2024-07-12,283.5,3379.06
13718,19,2024-07-13,280.3,2699.79
13719,19,2024-07-14,302.2,3004.53
13720,19,2024-07-15,290.2,4011.65
13721,19,2024-07-16,277.8,2951.44
13722,19,2024-07-17,284.5,3287.02
13723,19,2024-07-18,261.1,3884.35
13724,19,2024-07-19,306.3,3917.8
13725,19,2024-07-20,264.3,2449.76
13726,19,2024-07-21,276.9,3159.79
13727,19,2024-07-22,319.8,4184.09
13728,19,2024-07-23,281.9,2652.22
13729,19,2024-07-24,275.6,2973.9
13730,19,2024-07-25,284.0,3790.54
13731,19,2024-07-26,309.4,4589.93
13732,19,2024-07-27,274.5,3362.66
13733,19,2024-07-28,274.4,2213.53
13734,19,2024-07-29,258.6,3159.69
13735,19,2024-07-30,293.1,3958.13
13736,19,2024-07-31,308.8,4199.98
13737,19,2024-08-01,271.7,3830.35
13738,19,2024-08-02,298.6,3756.12
13739,19,2024-08-03,284.7,3958.32
13740,19,2024-08-04,296.4,2913.91
13741,19,2024-08-05,252.7,2942.0
13742,19,2024-08-06,274.5,3148.71
13743,19,2024-08-07,297.7,2626.69
13744,19,2024-08-08,256.8,2165.37
13745,19,2024-08-09,250.1,2560.68
13746,19,2024-08-10,241.2,2365.13
13747,19,2024-08-11,259.3,2806.7
13748,19,2024-08-12,271.2,3887.37
13749,19,2024-08-13,299.0,2688.46
13750,19,2024-08-14,257.1,2694.03
13751,19,2024-08-15,292.6,3217.09
13752,19,2024-08-16,277.9,3566.1
13753,19,2024-08-17,257.7,3755.98
13754,19,2024-08-18,289.1,3012.52
13755,19,2024-08-19,280.6,2904.36
13756,19,2024-08-20,278.8,2410.98
13757,19,2024-08-21,246.1,3052.14
13758,19,2024-08-22,310.2,2496.15
13759,19,2024-08-23,311.9,2869.53
13760,19,2024-08-24,304.0,2669.99
13761,19,2024-08-25,271.2,2488.89
13762,19,2024-08-26,267.2,3397.78
13763,19,2024-08-27,308.7,2571.51
13764,19,2024-08-28,225.9,3169.04
13765,19,2024-08-29,271.3,2306.53
13766,19,2024-08-30,256.8,2300.49
13767,19,2024-08-31,311.2,3963.89
13768,19,2024-09-01,307.1,3643.35
13769,19,2024-09-02,282.0,3143.53
13770,19,2024-09-03,296.6,2887.02
13771,19,2024-09-04,284.3,2901.56
13772,19,2024-09-05,260.2,3035.81
13773,19,2024-09-06,293.5,4401.62
13774,19,2024-09-07,271.5,2784.5
13775,19,2024-09-08,263.2,3256.25
13776,19,2024-09-09,299.1,3869.1
13777,19,2024-09-10,262.6,3660.3
13778,19,2024-09-11,297.3,3254.87
13779,19,2024-09-12,286.8,4027.69
13780,19,2024-09-13,246.9,3646.59
13781,19,2024-09-14,275.9,2860.59
13782,19,2024-09-15,262.1,2305.64
13783,19,2024-09-16,288.0,3909.26
13784,19,2024-09-17,302.9,3210.54
13785,19,2024-09-18,241.4,2672.49
13786,19,2024-09-19,261.8,3212.4
13787,19,2024-09-20,310.9,4445.74
13788,19,2024-09-21,280.8,3169.71
13789,19,2024-09-22,300.1,3966.72
13790,19,2024-09-23,312.7,2668.34
13791,19,2024-09-24,275.5,2507.33
13792,19,2024-09-25,255.2,3567.96
13793,19,2024-09-26,237.3,2014.09
13794,19,2024-09-27,307.4,3730.89
13795,19,2024-09-28,289.1,3937.32
13796,19,2024-09-29,268.9,3175.52
13797,19,2024-09-30,290.6,2951.17
13798,19,2024-10-01,269.8,2578.56
13799,19,2024-10-02,300.3,3027.5
13800,19,2024-10-03,279.8,4012.78
13801,19,2024-10-04,259.2,2648.15
13802,19,2024-10-05,295.2,2643.66
13803,19,2024-10-06,252.3,3319.29
13804,19,2024-10-07,259.1,3346.11
13805,19,2024-10-08,306.8,4349.97
13806,19,2024-10-09,306.8,3090.73
13807,19,2024-10-10,305.8,2936.0
13808,19,2024-10-11,260.5,3747.02
13809,19,2024-10-12,237.0,3183.36
13810,19,2024-10-13,288.6,2940.15
13811,19,2024-10-14,263.0,2588.86
13812,19,2024-10-15,288.7,3350.98
13813,19,2024-10-16,273.4,2386.88
13814,19,2024-10-17,289.3,2465.25
13815,19,2024-10-18,305.0,2530.05
13816,19,2024-10-19,281.3,2668.44
13817,19,2024-10-20,302.2,4124.91
13818,19,2024-10-21,293.5,3960.37
13819,19,2024-10-22,274.3,4085.83
13820,19,2024-10-23,257.5,3842.7
13821,19,2024-10-24,317.7,4656.88
13822,19,2024-10-25,298.8,3331.59
13823,19,2024-10-26,290.1,4269.99
13824,19,2024-10-27,260.6,3356.78
13825,19,2024-10-28,272.7,2366.04
13826,19,2024-10-29,311.9,2863.53
13827,19,2024-10-30,280.5,2267.73
13828,19,2024-10-31,289.4,4251.25
13829,19,2024-11-01,310.2,3672.83
13830,19,2024-11-02,280.4,2442.69
13831,19,2024-11-03,267.4,2837.13
13832,19,2024-11-04,247.8,3541.6
13833,19,2024-11-05,210.3,2886.71
13834,19,2024-11-06,286.5,2389.77
13835,19,2024-11-07,286.7,4052.15
13836,19,2024-11-08,326.3,3749.59
13837,19,2024-11-09,295.6,2974.29
13838,19,2024-11-10,266.6,3878.36
13839,19,2024-11-11,264.2,3026.23
13840,19,2024-11-12,268.2,2240.69
13841,19,2024-11-13,280.2,2663.97
13842,19,2024-11-14,267.4,2156.78
13843,19,2024-11-15,275.4,2963.56
13844,19,2024-11-16,236.2,2113.38
13845,19,2024-11-17,319.6,4068.09
13846,19,2024-11-18,295.2,3174.77
13847,19,2024-11-19,280.2,3988.12
13848,19,2024-11-20,253.5,2860.13
13849,19,2024-11-21,253.5,3617.06
13850,19,2024-11-22,255.8,2364.45
13851,19,2024-11-23,322.6,3476.41
13852,19,2024-11-24,287.1,2377.09
13853,19,2024-11-25,286.8,3345.03
13854,19,2024-11-26,275.5,3777.26
13855,19,2024-11-27,295.7,4247.28
13856,19,2024-11-28,282.0,3209.44
13857,19,2024-11-29,301.5,3836.8
13858,19,2024-11-30,241.6,2775.6
13859,19,2024-12-01,269.5,2786.93
13860,19,2024-12-02,290.7,3721.79
13861,19,2024-12-03,271.2,3998.86
13862,19,2024-12-04,243.0,3008.23
13863,19,2024-12-05,295.1,2654.15
13864,19,2024-12-06,316.9,3688.26
13865,19,2024-12-07,259.2,3205.08
13866,19,2024-12-08,261.9,3032.28
13867,19,2024-12-09,278.1,2509.46
13868,19,2024-12-10,312.1,3513.64
13869,19,2024-12-11,260.6,3831.86
13870,19,2024-12-12,262.6,2766.61
13871,19,2024-12-13,264.3,2870.58
13872,19,2024-12-14,298.3,4187.44
13873,19,2024-12-15,301.3,3538.64
13874,19,2024-12-16,234.0,2529.52
13875,19,2024-12-17,269.8,2198.14
13876,19,2024-12-18,331.5,4541.64
13877,19,2024-12-19,277.5,3345.93
13878,19,2024-12-20,256.1,3313.48
13879,19,2024-12-21,316.0,2818.79
13880,19,2024-12-22,265.8,3342.01
13881,19,2024-12-23,238.5,2180.7
13882,19,2024-12-24,297.0,3094.44
13883,19,2024-12-25,246.9,3621.01
13884,19,2024-12-26,283.8,4052.62
13885,19,2024-12-27,281.0,3800.42
13886,19,2024-12-28,268.1,2605.22
13887,19,2024-12-29,221.1,2072.6
13888,19,2024-12-30,294.3,3620.33
13889,19,2024-12-31,233.9,3307.1
13890,20,2023-01-01,174.9,1488.91
13891,20,2023-01-02,167.5,2105.01
13892,20,2023-01-03,173.4,1769.96
13893,20,2023-01-04,187.2,1511.52
13894,20,2023-01-05,177.7,1464.07
13895,20,2023-01-06,166.5,2423.32
13896,20,2023-01-07,171.0,2241.32
13897,20,2023-01-08,153.2,2274.23
13898,20,2023-01-09,161.9,1957.15
13899,20,2023-01-10,174.7,1510.13
13900,20,2023-01-11,153.5,2160.15
13901,20,2023-01-12,164.5,1421.04
13902,20,2023-01-13,163.2,1423.94
13903,20,2023-01-14,192.9,2608.14
13904,20,2023-01-15,170.1,2187.85
13905,20,2023-01-16,178.1,2581.42
13906,20,2023-01-17,139.5,1494.45
13907,20,2023-01-18,168.4,1697.69
13908,20,2023-01-19,144.4,1419.41
13909,20,2023-01-20,171.0,1969.33
13910,20,2023-01-21,169.7,2284.28
13911,20,2023-01-22,169.3,2108.36
13912,20,2023-01-23,148.7,1700.31
13913,20,2023-01-24,171.1,2373.91
13914,20,2023-01-25,159.0,1979.5
13915,20,2023-01-26,173.2,2068.43
13916,20,2023-01-27,177.6,2526.65
13917,20,2023-01-28,170.9,1542.22
13918,20,2023-01-29,158.4,1335.15
13919,20,2023-01-30,158.3,1912.85
13920,20,2023-01-31,165.3,1553.72
13921,20,2023-02-01,155.7,1483.4
13922,20,2023-02-02,168.8,2071.57
13923,20,2023-02-03,171.8,2336.14
13924,20,2023-02-04,138.7,1879.52
13925,20,2023-02-05,175.3,1646.62
13926,20,2023-02-06,170.9,1578.98
13927,20,2023-02-07,158.0,1830.81
13928,20,2023-02-08,180.0,2377.34
13929,20,2023-02-09,153.0,1951.93
13930,20,2023-02-10,162.5,2229.32
13931,20,2023-02-11,166.6,1880.6
13932,20,2023-02-12,162.6,1596.55
13933,20,2023-02-13,161.0,2104.54
13934,20,2023-02-14,160.5,1886.33
13935,20,2023-02-15,166.4,1500.97
13936,20,2023-02-16,174.1,1573.14
13937,20,2023-02-17,181.3,2399.33
13938,20,2023-02-18,171.0,2153.2
13939,20,2023-02-19,170.9,1654.42
13940,20,2023-02-20,169.3,2295.99
13941,20,2023-02-21,157.5,1507.52
13942,20,2023-02-22,155.8,1303.01
13943,20,2023-02-23,159.4,1727.47
13944,20,2023-02-24,150.1,1525.58
13945,20,2023-02-25,134.5,1989.23
13946,20,2023-02-26,169.7,2316.28
13947,20,2023-02-27,167.2,2131.27
13948,20,2023-02-28,175.7,1610.97
13949,20,2023-03-01,155.0,1398.39
13950,20,2023-03-02,176.1,1460.75
13951,20,2023-03-03,141.4,2108.45
13952,20,2023-03-04,162.6,1585.06
13953,20,2023-03-05,160.4,2124.43
13954,20,2023-03-06,176.4,2225.56
13955,20,2023-03-07,138.8,1762.31
13956,20,2023-03-08,185.7,2014.69
13957,20,2023-03-09,195.4,1928.58
13958,20,2023-03-10,181.6,1884.18
13959,20,2023-03-11,156.2,1645.44
13960,20,2023-03-12,173.2,1896.34
13961,20,2023-03-13,180.0,2354.34
13962,20,2023-03-14,157.5,2106.32
13963,20,2023-03-15,168.2,2068.91
13964,20,2023-03-16,176.7,2307.0
13965,20,2023-03-17,176.1,2357.79
13966,20,2023-03-18,170.7,1509.17
13967,20,2023-03-19,168.3,1495.78
13968,20,2023-03-20,172.0,2305.12
13969,20,2023-03-21,180.6,2653.25
13970,20,2023-03-22,158.4,1549.78
13971,20,2023-03-23,170.6,2166.92
13972,20,2023-03-24,172.2,1842.02
13973,20,2023-03-25,164.8,1440.23
13974,20,2023-03-26,152.0,1748.67
13975,20,2023-03-27,157.6,2154.71
13976,20,2023-03-28,157.3,1774.55
13977,20,2023-03-29,166.7,2192.69
13978,20,2023-03-30,167.4,1458.99
13979,20,2023-03-31,164.8,1568.87
13980,20,2023-04-01,164.1,2130.77
13981,20,2023-04-02,182.1,2494.08
13982,20,2023-04-03,129.1,1465.75
13983,20,2023-04-04,181.3,1997.39
13984,20,2023-04-05,167.2,1435.2
13985,20,2023-04-06,199.7,2313.3
13986,20,2023-04-07,174.5,1711.69
13987,20,2023-04-08,157.1,1439.26
13988,20,2023-04-09,148.1,1874.93
13989,20,2023-04-10,185.7,1777.87
13990,20,2023-04-11,182.9,1778.99
13991,20,2023-04-12,174.0,2457.61
13992,20,2023-04-13,178.6,1932.8
13993,20,2023-04-14,187.2,2773.79
13994,20,2023-04-15,169.3,2527.62
13995,20,2023-04-16,151.2,1269.7
13996,20,2023-04-17,175.4,2258.87
13997,20,2023-04-18,174.9,1846.31
13998,20,2023-04-19,181.0,2095.05
13999,20,2023-04-20,166.4,1919.3
14000,20,2023-04-21,167.8,2039.86
14001,20,2023-04-22,162.5,1415.77
14002,20,2023-04-23,174.0,1788.61
14003,20,2023-04-24,143.4,1678.63
14004,20,2023-04-25,156.8,1588.64
14005,20,2023-04-26,167.6,1709.38
14006,20,2023-04-27,174.0,1838.74
14007,20,2023-04-28,192.1,2320.23
14008,20,2023-04-29,163.6,2376.77
14009,20,2023-04-30,174.6,1403.22
14010,20,2023-05-01,167.6,2386.27
14011,20,2023-05-02,153.9,1514.23
14012,20,2023-05-03,171.8,2027.17
14013,20,2023-05-04,168.5,2280.85
14014,20,2023-05-05,159.3,1610.48
14015,20,2023-05-06,163.5,1686.06
14016,20,2023-05-07,163.9,2423.33
14017,20,2023-05-08,163.2,1653.94
14018,20,2023-05-09,183.9,2016.05
14019,20,2023-05-10,165.0,1973.75
14020,20,2023-05-11,151.8,1216.59
14021,20,2023-05-12,149.7,2227.49
14022,20,2023-05-13,164.1,1325.16
14023,20,2023-05-14,168.0,1710.0
14024,20,2023-05-15,162.0,1375.13
14025,20,2023-05-16,163.6,1974.52
14026,20,2023-05-17,164.2,1697.57
14027,20,2023-05-18,144.8,1694.48
14028,20,2023-05-19,155.3,1492.32
14029,20,2023-05-20,154.7,1487.27
14030,20,2023-05-21,161.7,1644.87
14031,20,2023-05-22,130.6,1930.8
14032,20,2023-05-23,156.3,1447.04
14033,20,2023-05-24,148.0,1751.85
14034,20,2023-05-25,171.1,2033.14
14035,20,2023-05-26,163.0,1830.36
14036,20,2023-05-27,153.5,1571.02
14037,20,2023-05-28,151.9,1221.3
14038,20,2023-05-29,154.2,1235.48
14039,20,2023-05-30,142.2,1304.85
14040,20,2023-05-31,173.4,2218.19
14041,20,2023-06-01,175.4,2423.72
14042,20,2023-06-02,164.8,2156.19
14043,20,2023-06-03,168.8,2170.55
14044,20,2023-06-04,153.0,2040.95
14045,20,2023-06-05,174.4,2150.23
14046,20,2023-06-06,146.1,1563.07
14047,20,2023-06-07,155.3,1942.39
14048,20,2023-06-08,167.2,2047.03
14049,20,2023-06-09,171.5,2421.6
14050,20,2023-06-10,156.8,1485.66
14051,20,2023-06-11,166.1,1886.99
14052,20,2023-06-12,154.2,1695.08
14053,20,2023-06-13,160.9,1958.71
14054,20,2023-06-14,163.6,2057.61
14055,20,2023-06-15,157.5,1838.45
14056,20,2023-06-16,170.4,1896.65
14057,20,2023-06-17,157.0,2227.94
14058,20,2023-06-18,166.1,1923.59
14059,20,2023-06-19,159.0,1998.89
14060,20,2023-06-20,174.6,2566.02
14061,20,2023-06-21,162.1,1366.07
14062,20,2023-06-22,156.8,1593.62
14063,20,2023-06-23,169.1,2277.45
14064,20,2023-06-24,148.4,1720.04
14065,20,2023-06-25,157.6,1769.56
14066,20,2023-06-26,169.3,1879.31
14067,20,2023-06-27,161.7,2029.71
14068,20,2023-06-28,162.4,1871.22
14069,20,2023-06-29,155.6,2089.7
14070,20,2023-06-30,164.5,1583.82
14071,20,2023-07-01,148.0,2164.16
14072,20,2023-07-02,154.0,1414.08
14073,20,2023-07-03,151.3,1660.39
14074,20,2023-07-04,174.3,2610.06
14075,20,2023-07-05,165.0,1331.37
14076,20,2023-07-06,167.1,2296.44
14077,20,2023-07-07,160.7,2059.87
14078,20,2023-07-08,179.4,2044.38
14079,20,2023-07-09,180.2,2412.4
14080,20,2023-07-10,143.5,1786.55
14081,20,2023-07-11,157.7,1674.47
14082,20,2023-07-12,168.7,1718.3
14083,20,2023-07-13,159.8,2338.37
14084,20,2023-07-14,145.0,1706.37
14085,20,2023-07-15,150.9,1854.34
14086,20,2023-07-16,145.2,1519.82
14087,20,2023-07-17,139.8,1456.78
14088,20,2023-07-18,167.0,2160.89
14089,20,2023-07-19,151.7,2247.68
14090,20,2023-07-20,165.3,1379.88
14091,20,2023-07-21,166.2,2153.25
14092,20,2023-07-22,156.3,1271.13
14093,20,2023-07-23,159.0,2340.92
14094,20,2023-07-24,164.1,2112.89
14095,20,2023-07-25,157.5,1888.07
14096,20,2023-07-26,157.9,1963.82
14097,20,2023-07-27,177.4,2093.3
14098,20,2023-07-28,158.3,1787.67
14099,20,2023-07-29,154.6,1523.8
14100,20,2023-07-30,166.9,2289.86
14101,20,2023-07-31,174.8,1507.14
14102,20,2023-08-01,162.9,1660.38
14103,20,2023-08-02,149.4,2227.6
14104,20,2023-08-03,137.8,1402.4
14105,20,2023-08-04,200.3,2683.03
14106,20,2023-08-05,182.2,2117.51
14107,20,2023-08-06,181.8,1582.7
14108,20,2023-08-07,170.6,2515.52
14109,20,2023-08-08,158.0,2069.77
14110,20,2023-08-09,177.0,2359.86
14111,20,2023-08-10,158.1,2043.26
14112,20,2023-08-11,167.6,1380.1
14113,20,2023-08-12,166.2,2275.35
14114,20,2023-08-13,157.4,1912.35
14115,20,2023-08-14,182.9,2623.0
14116,20,2023-08-15,169.2,1851.85
14117,20,2023-08-16,150.8,1855.3
14118,20,2023-08-17,157.4,1896.16
14119,20,2023-08-18,177.6,1759.72
14120,20,2023-08-19,161.3,1305.42
14121,20,2023-08-20,133.1,1823.51
14122,20,2023-08-21,172.8,2347.62
14123,20,2023-08-22,143.2,1568.84
14124,20,2023-08-23,157.9,1972.09
14125,20,2023-08-24,170.0,1753.65
14126,20,2023-08-25,153.5,2229.81
14127,20,2023-08-26,178.4,2196.07
14128,20,2023-08-27,162.8,1934.32
14129,20,2023-08-28,175.4,2194.45
14130,20,2023-08-29,169.9,2307.4
14131,20,2023-08-30,154.1,1480.19
14132,20,2023-08-31,150.9,2049.89
14133,20,2023-09-01,152.5,1672.96
14134,20,2023-09-02,159.6,1612.25
14135,20,2023-09-03,152.3,1534.52
14136,20,2023-09-04,195.0,2736.6
14137,20,2023-09-05,151.8,2114.23
14138,20,2023-09-06,129.5,1116.46
14139,20,2023-09-07,142.5,1634.04
14140,20,2023-09-08,139.8,1222.43
14141,20,2023-09-09,159.5,1312.63
14142,20,2023-09-10,150.0,1468.03
14143,20,2023-09-11,161.3,1302.68
14144,20,2023-09-12,142.8,1817.52
14145,20,2023-09-13,167.8,2303.78
14146,20,2023-09-14,172.1,2151.64
14147,20,2023-09-15,141.6,1409.85
14148,20,2023-09-16,162.4,1660.08
14149,20,2023-09-17,142.9,1827.09
14150,20,2023-09-18,194.9,2382.04
14151,20,2023-09-19,166.5,2041.55
14152,20,2023-09-20,150.7,1765.98
14153,20,2023-09-21,168.7,2353.39
14154,20,2023-09-22,160.2,1937.91
14155,20,2023-09-23,161.5,2083.55
14156,20,2023-09-24,160.1,1412.43
14157,20,2023-09-25,144.7,1500.15
14158,20,2023-09-26,156.5,1281.22
14159,20,2023-09-27,159.9,2284.59
14160,20,2023-09-28,147.4,1685.82
14161,20,2023-09-29,181.0,1786.94
14162,20,2023-09-30,158.4,1372.59
14163,20,2023-10-01,169.9,2164.41
14164,20,2023-10-02,153.2,1323.63
14165,20,2023-10-03,168.4,1400.45
14166,20,2023-10-04,164.2,2021.66
14167,20,2023-10-05,161.7,1891.82
14168,20,2023-10-06,129.6,1736.28
14169,20,2023-10-07,189.5,1957.91
14170,20,2023-10-08,178.6,1586.4
14171,20,2023-10-09,146.7,1572.1
14172,20,2023-10-10,152.4,1551.41
14173,20,2023-10-11,147.5,1759.11
14174,20,2023-10-12,173.1,1937.03
14175,20,2023-10-13,157.0,2205.42
14176,20,2023-10-14,179.3,1434.4
14177,20,2023-10-15,148.4,1581.7
14178,20,2023-10-16,171.6,1830.17
14179,20,2023-10-17,175.8,1557.33
14180,20,2023-10-18,159.6,1751.72
14181,20,2023-10-19,149.5,1931.14
14182,20,2023-10-20,139.8,1204.33
14183,20,2023-10-21,162.2,2167.29
14184,20,2023-10-22,162.3,1343.12
14185,20,2023-10-23,133.7,1175.05
14186,20,2023-10-24,163.7,1702.72
14187,20,2023-10-25,144.6,1606.36
14188,20,2023-10-26,169.9,1840.38
14189,20,2023-10-27,163.0,2009.93
14190,20,2023-10-28,154.1,2275.74
14191,20,2023-10-29,151.9,1644.45
14192,20,2023-10-30,138.3,1997.44
14193,20,2023-10-31,143.4,1400.18
14194,20,2023-11-01,132.9,1064.07
14195,20,2023-11-02,165.3,2112.66
14196,20,2023-11-03,152.4,1563.19
14197,20,2023-11-04,135.8,1781.35
14198,20,2023-11-05,157.5,2188.89
14199,20,2023-11-06,143.4,1785.63
14200,20,2023-11-07,178.4,2286.9
14201,20,2023-11-08,149.2,1827.21
14202,20,2023-11-09,157.7,2147.76
14203,20,2023-11-10,152.2,1879.35
14204,20,2023-11-11,157.9,1638.22
14205,20,2023-11-12,159.3,1742.5
14206,20,2023-11-13,184.0,1920.54
14207,20,2023-11-14,160.0,1358.11
14208,20,2023-11-15,190.9,2253.51
14209,20,2023-11-16,160.9,2373.41
14210,20,2023-11-17,151.6,1538.66
14211,20,2023-11-18,173.2,1876.7
14212,20,2023-11-19,172.1,2091.14
14213,20,2023-11-20,136.4,1812.15
14214,20,2023-11-21,157.4,2033.68
14215,20,2023-11-22,163.7,1755.11
14216,20,2023-11-23,171.4,2227.29
14217,20,2023-11-24,180.1,2511.64
14218,20,2023-11-25,180.4,2593.62
14219,20,2023-11-26,153.0,1921.05
14220,20,2023-11-27,147.7,1757.94
14221,20,2023-11-28,149.1,1623.24
14222,20,2023-11-29,186.0,1641.32
14223,20,2023-11-30,145.3,1844.27
14224,20,2023-12-01,166.1,2452.84
14225,20,2023-12-02,151.9,1241.02
14226,20,2023-12-03,154.6,1646.47
14227,20,2023-12-04,159.7,1863.6
14228,20,2023-12-05,140.2,1464.92
14229,20,2023-12-06,165.3,1567.07
14230,20,2023-12-07,163.3,2262.8
14231,20,2023-12-08,155.5,1854.88
14232,20,2023-12-09,153.8,1560.19
14233,20,2023-12-10,170.6,1491.93
14234,20,2023-12-11,172.6,1778.52
14235,20,2023-12-12,153.8,1409.22
14236,20,2023-12-13,153.2,1323.23
14237,20,2023-12-14,133.3,1913.8
14238,20,2023-12-15,164.0,1527.01
14239,20,2023-12-16,171.3,1426.91
14240,20,2023-12-17,162.9,1891.84
14241,20,2023-12-18,170.2,2151.91
14242,20,2023-12-19,158.8,1658.41
14243,20,2023-12-20,168.6,1758.32
14244,20,2023-12-21,182.0,2456.81
14245,20,2023-12-22,156.1,1953.97
14246,20,2023-12-23,173.4,1868.74
14247,20,2023-12-24,164.2,1979.97
14248,20,2023-12-25,170.9,2539.91
14249,20,2023-12-26,155.9,1810.8
14250,20,2023-12-27,157.8,1731.24
14251,20,2023-12-28,188.9,2324.43
14252,20,2023-12-29,148.7,1597.71
14253,20,2023-12-30,164.8,2344.78
14254,20,2023-12-31,171.8,2472.65
14255,20,2024-01-01,166.4,1701.28
14256,20,2024-01-02,147.3,2040.71
14257,20,2024-01-03,148.6,2165.63
14258,20,2024-01-04,168.2,2149.94
14259,20,2024-01-05,164.7,1953.89
14260,20,2024-01-06,170.7,2345.93
14261,20,2024-01-07,178.9,1748.67
14262,20,2024-01-08,174.7,2396.49
14263,20,2024-01-09,172.6,1805.82
14264,20,2024-01-10,165.2,1705.52
14265,20,2024-01-11,143.3,1836.81
14266,20,2024-01-12,143.5,1402.39
14267,20,2024-01-13,160.6,2374.06
14268,20,2024-01-14,171.2,1461.77
14269,20,2024-01-15,144.5,1894.26
14270,20,2024-01-16,138.8,1317.32
14271,20,2024-01-17,169.4,1490.81
14272,20,2024-01-18,156.3,2066.2
14273,20,2024-01-19,149.6,1918.37
14274,20,2024-01-20,164.6,1973.7
14275,20,2024-01-21,146.0,2018.78
14276,20,2024-01-22,144.3,1387.49
14277,20,2024-01-23,186.1,1657.88
14278,20,2024-01-24,161.1,2340.69
14279,20,2024-01-25,147.7,1870.33
14280,20,2024-01-26,144.0,1230.66
14281,20,2024-01-27,168.7,1643.75
14282,20,2024-01-28,162.1,1707.25
14283,20,2024-01-29,167.9,1540.21
14284,20,2024-01-30,151.8,1582.34
14285,20,2024-01-31,138.3,1170.09
14286,20,2024-02-01,181.1,2649.59
14287,20,2024-02-02,150.3,1378.32
14288,20,2024-02-03,132.8,1866.77
14289,20,2024-02-04,134.0,1817.68
14290,20,2024-02-05,174.2,2286.61
14291,20,2024-02-06,162.6,1337.37
14292,20,2024-02-07,141.5,1567.81
14293,20,2024-02-08,150.3,1326.1
14294,20,2024-02-09,180.8,1524.13
14295,20,2024-02-10,145.7,2163.05
14296,20,2024-02-11,152.7,1804.98
14297,20,2024-02-12,181.5,1666.26
14298,20,2024-02-13,156.7,1889.25
14299,20,2024-02-14,166.5,2440.29
14300,20,2024-02-15,184.7,1811.66
14301,20,2024-02-16,153.1,1685.15
14302,20,2024-02-17,169.5,1608.96
14303,20,2024-02-18,154.8,2169.22
14304,20,2024-02-19,163.4,1828.6
14305,20,2024-02-20,151.8,1355.77
14306,20,2024-02-21,168.4,2001.91
14307,20,2024-02-22,128.9,1629.11
14308,20,2024-02-23,160.6,1391.75
14309,20,2024-02-24,141.8,1262.21
14310,20,2024-02-25,165.7,2381.06
14311,20,2024-02-26,179.5,1548.28
14312,20,2024-02-27,155.4,1305.39
14313,20,2024-02-28,131.9,1059.51
14314,20,2024-02-29,157.8,1464.64
14315,20,2024-03-01,149.0,2107.0
14316,20,2024-03-02,145.8,1595.91
14317,20,2024-03-03,150.8,1532.14
14318,20,2024-03-04,167.8,1395.21
14319,20,2024-03-05,173.0,1842.72
14320,20,2024-03-06,154.7,2221.01
14321,20,2024-03-07,165.9,1361.46
14322,20,2024-03-08,154.8,2068.4
14323,20,2024-03-09,160.6,2121.35
14324,20,2024-03-10,161.8,2248.97
14325,20,2024-03-11,147.0,1240.75
14326,20,2024-03-12,182.6,2467.94
14327,20,2024-03-13,158.6,1860.11
14328,20,2024-03-14,170.5,1845.0
14329,20,2024-03-15,168.4,1469.27
14330,20,2024-03-16,161.3,2373.77
14331,20,2024-03-17,128.0,1656.95
14332,20,2024-03-18,148.5,1519.4
14333,20,2024-03-19,142.1,1154.81
14334,20,2024-03-20,165.5,2162.5
14335,20,2024-03-21,154.2,1321.18
14336,20,2024-03-22,172.5,2163.81
14337,20,2024-03-23,147.7,1709.45
14338,20,2024-03-24,152.1,1730.26
14339,20,2024-03-25,175.6,2000.1
14340,20,2024-03-26,158.9,2273.0
14341,20,2024-03-27,163.8,1375.66
14342,20,2024-03-28,171.1,2405.38
14343,20,2024-03-29,154.8,1808.0
14344,20,2024-03-30,168.3,1677.07
14345,20,2024-03-31,157.7,1404.47
14346,20,2024-04-01,153.3,1423.46
14347,20,2024-04-02,172.7,2402.16
14348,20,2024-04-03,157.1,2317.53
14349,20,2024-04-04,195.5,2689.24
14350,20,2024-04-05,145.2,1873.37
14351,20,2024-04-06,152.6,2212.97
14352,20,2024-04-07,141.5,1277.17
14353,20,2024-04-08,151.7,2211.76
14354,20,2024-04-09,140.1,1232.16
14355,20,2024-04-10,146.7,1712.18
14356,20,2024-04-11,162.9,1914.48
14357,20,2024-04-12,149.5,1333.03
14358,20,2024-04-13,170.3,1774.15
14359,20,2024-04-14,156.5,1288.15
14360,20,2024-04-15,128.4,1267.78
14361,20,2024-04-16,135.1,1904.42
14362,20,2024-04-17,169.8,2471.24
14363,20,2024-04-18,175.8,2182.2
14364,20,2024-04-19,124.3,1572.02
14365,20,2024-04-20,152.8,1847.67
14366,20,2024-04-21,163.6,2023.66
14367,20,2024-04-22,164.1,2306.96
14368,20,2024-04-23,149.0,1489.38
14369,20,2024-04-24,164.7,1989.37
14370,20,2024-04-25,172.9,1661.95
14371,20,2024-04-26,167.0,1880.33
14372,20,2024-04-27,154.1,1874.25
14373,20,2024-04-28,156.6,1678.3
14374,20,2024-04-29,167.1,2381.37
14375,20,2024-04-30,154.0,1870.14
14376,20,2024-05-01,166.6,2456.92
14377,20,2024-05-02,132.4,1598.6
14378,20,2024-05-03,159.2,2080.93
14379,20,2024-05-04,146.9,1521.32
14380,20,2024-05-05,137.7,1911.28
14381,20,2024-05-06,175.0,2552.21
14382,20,2024-05-07,174.7,1762.53
14383,20,2024-05-08,163.2,1948.94
14384,20,2024-05-09,141.1,1837.52
14385,20,2024-05-10,159.1,1440.34
14386,20,2024-05-11,170.3,2074.94
14387,20,2024-05-12,146.3,2152.98
14388,20,2024-05-13,128.4,1525.67
14389,20,2024-05-14,154.5,1483.19
14390,20,2024-05-15,141.6,1266.74
14391,20,2024-05-16,168.6,1935.93
14392,20,2024-05-17,176.1,1930.41
14393,20,2024-05-18,148.9,1502.82
14394,20,2024-05-19,153.4,2127.99
14395,20,2024-05-20,166.0,1672.45
14396,20,2024-05-21,183.5,1566.6
14397,20,2024-05-22,153.7,2045.77
14398,20,2024-05-23,188.7,2053.95
14399,20,2024-05-24,156.3,1615.23
14400,20,2024-05-25,159.1,2242.46
14401,20,2024-05-26,169.9,1391.79
14402,20,2024-05-27,153.1,1966.56
14403,20,2024-05-28,142.5,1349.57
14404,20,2024-05-29,170.3,2317.94
14405,20,2024-05-30,172.1,2358.99
14406,20,2024-05-31,143.5,2152.09
14407,20,2024-06-01,162.3,1450.75
14408,20,2024-06-02,134.0,1382.59
14409,20,2024-06-03,139.8,1988.7
14410,20,2024-06-04,156.9,2035.69
14411,20,2024-06-05,156.6,1597.7
14412,20,2024-06-06,162.3,1597.88
14413,20,2024-06-07,156.3,1305.27
14414,20,2024-06-08,144.8,1669.26
14415,20,2024-06-09,154.4,1687.19
14416,20,2024-06-10,134.2,1360.66
14417,20,2024-06-11,138.7,1919.51
14418,20,2024-06-12,121.4,1536.71
14419,20,2024-06-13,168.1,2234.25
14420,20,2024-06-14,154.5,1317.64
14421,20,2024-06-15,147.6,1702.18
14422,20,2024-06-16,131.7,1839.12
14423,20,2024-06-17,155.7,1693.66
14424,20,2024-06-18,152.1,2225.42
14425,20,2024-06-19,149.8,1347.23
14426,20,2024-06-20,151.8,1767.06
14427,20,2024-06-21,175.2,1797.48
14428,20,2024-06-22,148.1,1317.72
14429,20,2024-06-23,168.4,1824.87
14430,20,2024-06-24,152.6,2111.46
14431,20,2024-06-25,137.2,1841.75
14432,20,2024-06-26,145.0,1372.42
14433,20,2024-06-27,150.0,1619.74
14434,20,2024-06-28,140.3,1536.03
14435,20,2024-06-29,191.6,1786.42
14436,20,2024-06-30,146.1,1796.29
14437,20,2024-07-01,172.5,2052.36
14438,20,2024-07-02,144.6,1717.65
14439,20,2024-07-03,141.1,1552.95
14440,20,2024-07-04,172.6,2084.5
14441,20,2024-07-05,136.1,1348.52
14442,20,2024-07-06,128.0,1281.5
14443,20,2024-07-07,151.5,2112.78
14444,20,2024-07-08,138.9,1111.01
14445,20,2024-07-09,165.1,2291.05
14446,20,2024-07-10,156.3,1950.19
14447,20,2024-07-11,159.4,2117.04
14448,20,2024-07-12,152.8,1508.3
14449,20,2024-07-13,159.4,2054.71
14450,20,2024-07-14,158.7,1381.32
14451,20,2024-07-15,145.3,2083.83
14452,20,2024-07-16,159.9,1670.95
14453,20,2024-07-17,138.0,1631.88
14454,20,2024-07-18,156.4,2278.39
14455,20,2024-07-19,136.7,1554.19
14456,20,2024-07-20,145.7,2016.38
14457,20,2024-07-21,144.7,1545.36
14458,20,2024-07-22,172.4,2168.71
14459,20,2024-07-23,148.9,1558.08
14460,20,2024-07-24,151.0,2199.0
14461,20,2024-07-25,157.2,1846.11
14462,20,2024-07-26,153.6,1909.41
14463,20,2024-07-27,151.6,1385.66
14464,20,2024-07-28,151.8,1923.32
14465,20,2024-07-29,159.1,1716.36
14466,20,2024-07-30,157.6,1770.53
14467,20,2024-07-31,132.3,1361.9
14468,20,2024-08-01,152.4,2122.22
14469,20,2024-08-02,167.0,1692.75
14470,20,2024-08-03,150.5,1562.08
14471,20,2024-08-04,143.0,2067.0
14472,20,2024-08-05,157.2,2160.92
14473,20,2024-08-06,154.7,2167.53
14474,20,2024-08-07,152.0,1676.78
14475,20,2024-08-08,180.4,1648.7
14476,20,2024-08-09,145.4,1619.47
14477,20,2024-08-10,155.1,2213.02
14478,20,2024-08-11,151.0,1839.18
14479,20,2024-08-12,139.1,1309.51
14480,20,2024-08-13,152.4,1300.48
14481,20,2024-08-14,151.5,1618.96
14482,20,2024-08-15,157.3,2083.81
14483,20,2024-08-16,163.3,1959.21
14484,20,2024-08-17,177.5,1531.89
14485,20,2024-08-18,157.0,1638.03
14486,20,2024-08-19,137.8,1120.36
14487,20,2024-08-20,162.8,1673.64
14488,20,2024-08-21,170.0,1477.21
14489,20,2024-08-22,131.7,1288.85
14490,20,2024-08-23,169.1,2206.21
14491,20,2024-08-24,143.7,1634.39
14492,20,2024-08-25,149.6,2065.0
14493,20,2024-08-26,157.0,1718.24
14494,20,2024-08-27,156.9,2124.55
14495,20,2024-08-28,153.1,1566.26
14496,20,2024-08-29,170.6,2202.69
14497,20,2024-08-30,128.9,1922.42
14498,20,2024-08-31,154.7,2188.8
14499,20,2024-09-01,163.5,2087.45
14500,20,2024-09-02,159.0,1762.27
14501,20,2024-09-03,140.5,1500.44
14502,20,2024-09-04,136.5,1878.11
14503,20,2024-09-05,177.4,2483.54
14504,20,2024-09-06,151.4,1445.53
14505,20,2024-09-07,166.1,2192.79
14506,20,2024-09-08,183.5,2361.86
14507,20,2024-09-09,146.9,1397.92
14508,20,2024-09-10,167.5,2283.42
14509,20,2024-09-11,136.2,1411.16
14510,20,2024-09-12,142.5,1206.5
14511,20,2024-09-13,164.5,1952.96
14512,20,2024-09-14,167.2,2175.84
14513,20,2024-09-15,135.1,1896.65
14514,20,2024-09-16,142.5,1561.22
14515,20,2024-09-17,162.8,1685.22
14516,20,2024-09-18,144.3,1368.76
14517,20,2024-09-19,137.9,1835.14
14518,20,2024-09-20,152.8,2172.42
14519,20,2024-09-21,148.1,1563.05
14520,20,2024-09-22,154.8,1501.6
14521,20,2024-09-23,158.5,1663.06
14522,20,2024-09-24,184.4,2312.5
14523,20,2024-09-25,165.6,2016.87
14524,20,2024-09-26,156.7,1810.08
14525,20,2024-09-27,147.8,1434.54
14526,20,2024-09-28,161.3,2175.58
14527,20,2024-09-29,126.3,1794.64
14528,20,2024-09-30,136.5,1674.71
14529,20,2024-10-01,161.4,1427.24
14530,20,2024-10-02,161.3,2028.09
14531,20,2024-10-03,153.8,2018.79
14532,20,2024-10-04,162.6,1945.27
14533,20,2024-10-05,146.4,1615.37
14534,20,2024-10-06,146.6,1668.31
14535,20,2024-10-07,162.3,1412.34
14536,20,2024-10-08,154.1,1643.66
14537,20,2024-10-09,161.4,1861.32
14538,20,2024-10-10,154.3,2071.39
14539,20,2024-10-11,159.6,1422.98
14540,20,2024-10-12,175.0,1668.0
14541,20,2024-10-13,173.0,1559.06
14542,20,2024-10-14,133.1,1228.16
14543,20,2024-10-15,142.7,1276.43
14544,20,2024-10-16,161.0,2389.72
14545,20,2024-10-17,146.3,1800.39
14546,20,2024-10-18,155.3,1376.11
14547,20,2024-10-19,181.6,1641.98
14548,20,2024-10-20,153.1,1757.95
14549,20,2024-10-21,165.1,2471.16
14550,20,2024-10-22,152.6,1920.5
14551,20,2024-10-23,159.0,2247.71
14552,20,2024-10-24,166.4,1836.33
14553,20,2024-10-25,168.3,2427.32
14554,20,2024-10-26,158.3,1293.43
14555,20,2024-10-27,156.4,2118.49
14556,20,2024-10-28,154.1,2114.67
14557,20,2024-10-29,134.6,1639.91
14558,20,2024-10-30,144.7,2047.49
14559,20,2024-10-31,150.7,2000.39
14560,20,2024-11-01,177.1,2273.19
14561,20,2024-11-02,150.6,1330.86
14562,20,2024-11-03,158.7,1791.89
14563,20,2024-11-04,156.2,1257.57
14564,20,2024-11-05,152.8,2220.02
14565,20,2024-11-06,152.5,2037.96
14566,20,2024-11-07,166.7,1426.22
14567,20,2024-11-08,155.0,2215.75
14568,20,2024-11-09,160.2,2035.7
14569,20,2024-11-10,136.3,1259.97
14570,20,2024-11-11,155.3,1756.43
14571,20,2024-11-12,134.1,1938.34
14572,20,2024-11-13,145.0,1284.81
14573,20,2024-11-14,144.6,2122.36
14574,20,2024-11-15,150.1,1850.03
14575,20,2024-11-16,136.8,1519.21
14576,20,2024-11-17,141.2,1220.01
14577,20,2024-11-18,153.6,2008.88
14578,20,2024-11-19,166.6,1605.28
14579,20,2024-11-20,133.4,1829.74
14580,20,2024-11-21,153.5,2060.45
14581,20,2024-11-22,175.8,1655.92
14582,20,2024-11-23,184.9,2244.93
14583,20,2024-11-24,204.0,2145.97
14584,20,2024-11-25,168.4,2335.24
14585,20,2024-11-26,151.5,1487.26
14586,20,2024-11-27,142.1,1980.08
14587,20,2024-11-28,162.7,1997.56
14588,20,2024-11-29,143.2,2021.87
14589,20,2024-11-30,170.0,2313.45
14590,20,2024-12-01,181.2,2163.17
14591,20,2024-12-02,171.3,2387.42
14592,20,2024-12-03,152.7,2112.79
14593,20,2024-12-04,147.1,1210.69
14594,20,2024-12-05,147.2,2197.23
14595,20,2024-12-06,169.3,1424.84
14596,20,2024-12-07,143.4,1446.93
14597,20,2024-12-08,159.0,1503.31
14598,20,2024-12-09,183.6,2061.74
14599,20,2024-12-10,154.2,1338.57
14600,20,2024-12-11,139.8,1740.76
14601,20,2024-12-12,155.0,1379.73
14602,20,2024-12-13,136.8,1478.26
14603,20,2024-12-14,169.5,2116.53
14604,20,2024-12-15,143.0,2082.68
14605,20,2024-12-16,155.4,2080.87
14606,20,2024-12-17,157.7,1950.99
14607,20,2024-12-18,165.1,1681.41
14608,20,2024-12-19,173.0,1808.98
14609,20,2024-12-20,174.8,1894.89
14610,20,2024-12-21,160.1,1440.82
14611,20,2024-12-22,159.8,1517.45
14612,20,2024-12-23,151.9,1905.75
14613,20,2024-12-24,152.1,2162.66
14614,20,2024-12-25,154.1,2164.69
14615,20,2024-12-26,143.1,1323.26
14616,20,2024-12-27,148.7,1570.25
14617,20,2024-12-28,144.2,1456.19
14618,20,2024-12-29,155.0,1468.54
14619,20,2024-12-30,129.7,1693.22
14620,20,2024-12-31,171.6,2179.43
14621,21,2023-01-01,244.0,2611.04
14622,21,2023-01-02,229.2,3298.27
14623,21,2023-01-03,199.2,2079.85
14624,21,2023-01-04,249.5,2225.64
14625,21,2023-01-05,268.6,3653.16
14626,21,2023-01-06,272.8,2566.57
14627,21,2023-01-07,228.3,2298.59
14628,21,2023-01-08,233.4,2566.36
14629,21,2023-01-09,240.7,3244.09
14630,21,2023-01-10,244.3,2511.36
14631,21,2023-01-11,230.5,2257.44
14632,21,2023-01-12,226.6,2737.7
14633,21,2023-01-13,256.1,3820.9
14634,21,2023-01-14,231.1,2403.64
14635,21,2023-01-15,257.6,2411.78
14636,21,2023-01-16,263.3,3798.8
14637,21,2023-01-17,250.9,2617.91
14638,21,2023-01-18,223.1,2358.44
14639,21,2023-01-19,259.7,2332.81
14640,21,2023-01-20,236.0,1978.51
14641,21,2023-01-21,227.1,2910.43
14642,21,2023-01-22,236.1,3144.78
14643,21,2023-01-23,246.9,3559.57
14644,21,2023-01-24,250.7,3319.28
14645,21,2023-01-25,242.7,3100.12
14646,21,2023-01-26,238.5,3374.87
14647,21,2023-01-27,221.6,1812.97
14648,21,2023-01-28,248.6,2440.85
14649,21,2023-01-29,243.2,3510.43
14650,21,2023-01-30,250.1,2781.99
14651,21,2023-01-31,237.2,2236.99
14652,21,2023-02-01,252.2,2285.06
14653,21,2023-02-02,249.9,2933.0
14654,21,2023-02-03,232.0,2883.03
14655,21,2023-02-04,238.8,3311.62
14656,21,2023-02-05,254.0,2607.53
14657,21,2023-02-06,255.4,2385.84
14658,21,2023-02-07,262.2,2811.58
14659,21,2023-02-08,226.6,2740.07
14660,21,2023-02-09,232.8,3482.21
14661,21,2023-02-10,270.1,2236.83
14662,21,2023-02-11,280.1,2514.21
14663,21,2023-02-12,244.7,3459.85
14664,21,2023-02-13,238.3,2474.11
14665,21,2023-02-14,280.0,3582.87
14666,21,2023-02-15,272.2,3488.68
14667,21,2023-02-16,254.0,2899.0
14668,21,2023-02-17,237.2,2002.89
14669,21,2023-02-18,246.1,2120.29
14670,21,2023-02-19,210.2,2305.29
14671,21,2023-02-20,257.4,2257.5
14672,21,2023-02-21,227.5,2906.97
14673,21,2023-02-22,268.5,2534.37
14674,21,2023-02-23,205.4,2520.1
14675,21,2023-02-24,228.2,3142.15
14676,21,2023-02-25,241.8,3392.75
14677,21,2023-02-26,240.8,2927.44
14678,21,2023-02-27,225.6,1824.38
14679,21,2023-02-28,241.6,2871.88
14680,21,2023-03-01,236.6,3437.86
14681,21,2023-03-02,241.6,2871.27
14682,21,2023-03-03,230.5,2048.84
14683,21,2023-03-04,260.8,3461.66
14684,21,2023-03-05,246.2,2394.1
14685,21,2023-03-06,231.3,3184.8
14686,21,2023-03-07,251.4,2295.5
14687,21,2023-03-08,227.8,1961.99
14688,21,2023-03-09,228.2,3191.32
14689,21,2023-03-10,207.7,2895.36
14690,21,2023-03-11,247.4,3369.37
14691,21,2023-03-12,242.9,3170.07
14692,21,2023-03-13,223.0,2901.48
14693,21,2023-03-14,222.5,2270.63
14694,21,2023-03-15,247.7,3445.52
14695,21,2023-03-16,231.9,1892.24
14696,21,2023-03-17,247.7,3472.52
14697,21,2023-03-18,208.6,2175.51
14698,21,2023-03-19,216.6,2363.6
14699,21,2023-03-20,258.2,2208.14
14700,21,2023-03-21,199.4,2951.38
14701,21,2023-03-22,244.0,2329.27
14702,21,2023-03-23,252.9,2110.8
14703,21,2023-03-24,231.7,2671.38
14704,21,2023-03-25,224.6,3357.81
14705,21,2023-03-26,256.5,3300.25
14706,21,2023-03-27,187.0,1732.98
14707,21,2023-03-28,238.2,2366.67
14708,21,2023-03-29,251.6,3660.28
14709,21,2023-03-30,231.5,2791.66
14710,21,2023-03-31,281.7,3728.85
14711,21,2023-04-01,238.7,3049.61
14712,21,2023-04-02,247.5,3469.23
14713,21,2023-04-03,222.8,2838.69
14714,21,2023-04-04,271.3,3160.65
14715,21,2023-04-05,240.7,2876.5
14716,21,2023-04-06,232.4,3153.92
14717,21,2023-04-07,239.6,3203.0
14718,21,2023-04-08,214.1,3194.11
14719,21,2023-04-09,249.7,2293.15
14720,21,2023-04-10,227.6,2136.31
14721,21,2023-04-11,245.4,3475.09
14722,21,2023-04-12,207.6,2268.83
14723,21,2023-04-13,213.1,2101.93
14724,21,2023-04-14,240.2,2147.19
14725,21,2023-04-15,268.6,2682.48
14726,21,2023-04-16,205.3,2858.77
14727,21,2023-04-17,226.8,2440.19
14728,21,2023-04-18,215.6,3108.23
14729,21,2023-04-19,230.8,1870.05
14730,21,2023-04-20,238.9,2245.13
14731,21,2023-04-21,233.5,3238.06
14732,21,2023-04-22,198.5,2025.71
14733,21,2023-04-23,208.0,1676.68
14734,21,2023-04-24,215.9,3170.8
14735,21,2023-04-25,228.6,2035.35
14736,21,2023-04-26,222.8,2547.75
14737,21,2023-04-27,229.3,3071.29
14738,21,2023-04-28,235.7,2944.09
14739,21,2023-04-29,231.6,3324.82
14740,21,2023-04-30,272.7,2963.62
14741,21,2023-05-01,273.5,3184.97
14742,21,2023-05-02,239.2,2231.03
14743,21,2023-05-03,224.9,2479.88
14744,21,2023-05-04,231.3,2836.98
14745,21,2023-05-05,242.3,3452.3
14746,21,2023-05-06,219.7,2277.17
14747,21,2023-05-07,242.6,3115.39
14748,21,2023-05-08,232.2,2028.54
14749,21,2023-05-09,269.1,3234.66
14750,21,2023-05-10,219.2,2702.53
14751,21,2023-05-11,262.6,2689.62
14752,21,2023-05-12,242.3,3139.73
14753,21,2023-05-13,223.6,2229.9
14754,21,2023-05-14,251.0,3650.3
14755,21,2023-05-15,188.5,2337.82
14756,21,2023-05-16,228.0,2131.34
14757,21,2023-05-17,232.6,2714.85
14758,21,2023-05-18,224.2,2676.17
14759,21,2023-05-19,256.4,2492.55
14760,21,2023-05-20,278.3,3716.17
14761,21,2023-05-21,219.2,2511.05
14762,21,2023-05-22,254.6,2620.23
14763,21,2023-05-23,194.6,2911.83
14764,21,2023-05-24,238.0,2499.87
14765,21,2023-05-25,252.4,3146.92
14766,21,2023-05-26,241.4,2887.89
14767,21,2023-05-27,233.3,3185.74
14768,21,2023-05-28,289.7,2420.21
14769,21,2023-05-29,240.1,3347.59
14770,21,2023-05-30,254.2,2051.83
14771,21,2023-05-31,224.3,2863.96
14772,21,2023-06-01,266.9,3309.36
14773,21,2023-06-02,237.0,2355.95
14774,21,2023-06-03,211.9,2526.93
14775,21,2023-06-04,229.5,2664.48
14776,21,2023-06-05,239.6,2952.12
14777,21,2023-06-06,238.5,2777.2
14778,21,2023-06-07,234.7,2177.04
14779,21,2023-06-08,237.8,2527.1
14780,21,2023-06-09,217.3,2031.29
14781,21,2023-06-10,237.0,2889.58
14782,21,2023-06-11,227.0,2041.61
14783,21,2023-06-12,246.1,3653.56
14784,21,2023-06-13,238.1,3385.07
14785,21,2023-06-14,225.0,2045.98
14786,21,2023-06-15,247.1,2746.13
14787,21,2023-06-16,255.5,2458.8
14788,21,2023-06-17,242.4,2753.28
14789,21,2023-06-18,221.4,2475.09
14790,21,2023-06-19,274.2,2625.83
14791,21,2023-06-20,235.3,2759.73
14792,21,2023-06-21,241.7,2303.45
14793,21,2023-06-22,203.3,1914.55
14794,21,2023-06-23,237.4,2357.42
14795,21,2023-06-24,251.5,2083.51
14796,21,2023-06-25,231.0,1917.82
14797,21,2023-06-26,244.5,2538.52
14798,21,2023-06-27,245.2,3107.58
14799,21,2023-06-28,253.0,2124.02
14800,21,2023-06-29,235.7,3227.74
14801,21,2023-06-30,228.2,2131.95
14802,21,2023-07-01,213.4,2756.85
14803,21,2023-07-02,245.3,3160.71
14804,21,2023-07-03,272.2,3396.23
14805,21,2023-07-04,221.6,2437.83
14806,21,2023-07-05,249.9,2264.29
14807,21,2023-07-06,268.6,3448.41
14808,21,2023-07-07,223.6,2899.69
14809,21,2023-07-08,255.8,2704.27
14810,21,2023-07-09,211.0,3082.94
14811,21,2023-07-10,256.0,3392.42
14812,21,2023-07-11,203.5,2919.7
14813,21,2023-07-12,197.1,2170.21
14814,21,2023-07-13,218.2,2240.12
14815,21,2023-07-14,245.6,2181.73
14816,21,2023-07-15,238.8,2848.46
14817,21,2023-07-16,256.5,3668.81
14818,21,2023-07-17,234.7,2722.63
14819,21,2023-07-18,216.1,1954.69
14820,21,2023-07-19,239.4,3208.98
14821,21,2023-07-20,247.5,2162.95
14822,21,2023-07-21,244.1,2291.39
14823,21,2023-07-22,245.0,3341.81
14824,21,2023-07-23,250.0,3732.29
14825,21,2023-07-24,236.1,2402.64
14826,21,2023-07-25,256.3,3072.67
14827,21,2023-07-26,208.0,2786.73
14828,21,2023-07-27,257.5,2226.88
14829,21,2023-07-28,256.6,2208.36
14830,21,2023-07-29,234.7,2728.16
14831,21,2023-07-30,241.9,2248.03
14832,21,2023-07-31,246.0,2488.85
14833,21,2023-08-01,285.0,3840.11
14834,21,2023-08-02,233.0,2233.82
14835,21,2023-08-03,233.7,2128.26
14836,21,2023-08-04,213.9,2750.45
14837,21,2023-08-05,264.8,2236.17
14838,21,2023-08-06,244.1,3601.4
14839,21,2023-08-07,229.3,1968.58
14840,21,2023-08-08,236.7,2020.74
14841,21,2023-08-09,251.9,2994.26
14842,21,2023-08-10,238.1,2911.21
14843,21,2023-08-11,243.9,3571.1
14844,21,2023-08-12,216.6,2282.36
14845,21,2023-08-13,218.8,2217.31
14846,21,2023-08-14,259.2,2440.04
14847,21,2023-08-15,223.7,2233.29
14848,21,2023-08-16,248.7,3728.44
14849,21,2023-08-17,219.0,3270.5
14850,21,2023-08-18,200.0,2117.07
14851,21,2023-08-19,255.2,2598.87
14852,21,2023-08-20,225.9,2176.73
14853,21,2023-08-21,267.2,2218.35
14854,21,2023-08-22,221.8,2354.7
14855,21,2023-08-23,210.8,2651.26
14856,21,2023-08-24,220.1,2207.58
14857,21,2023-08-25,236.2,2248.79
14858,21,2023-08-26,281.7,2779.53
14859,21,2023-08-27,263.6,2414.79
14860,21,2023-08-28,254.4,3131.69
14861,21,2023-08-29,267.6,2226.69
14862,21,2023-08-30,232.8,3130.69
14863,21,2023-08-31,225.9,2035.32
14864,21,2023-09-01,256.0,2931.73
14865,21,2023-09-02,234.9,1910.95
14866,21,2023-09-03,219.2,2871.07
14867,21,2023-09-04,176.5,1654.78
14868,21,2023-09-05,217.2,2286.88
14869,21,2023-09-06,245.0,2301.69
14870,21,2023-09-07,219.2,2699.39
14871,21,2023-09-08,251.4,2962.11
14872,21,2023-09-09,209.6,2297.78
14873,21,2023-09-10,217.6,2991.85
14874,21,2023-09-11,267.5,3506.6
14875,21,2023-09-12,253.9,3504.47
14876,21,2023-09-13,236.1,2767.24
14877,21,2023-09-14,236.0,2474.98
14878,21,2023-09-15,219.9,2591.03
14879,21,2023-09-16,259.1,3293.99
14880,21,2023-09-17,259.4,3309.24
14881,21,2023-09-18,232.2,2882.36
14882,21,2023-09-19,231.7,2516.05
14883,21,2023-09-20,224.5,2096.85
14884,21,2023-09-21,240.2,2861.06
14885,21,2023-09-22,200.4,2175.61
14886,21,2023-09-23,233.8,1927.71
14887,21,2023-09-24,254.1,2495.18
14888,21,2023-09-25,238.0,1960.22
14889,21,2023-09-26,248.1,2225.15
14890,21,2023-09-27,242.1,2590.9
14891,21,2023-09-28,238.7,3042.25
14892,21,2023-09-29,235.2,3502.76
14893,21,2023-09-30,251.1,2368.88
14894,21,2023-10-01,230.7,2035.6
14895,21,2023-10-02,216.0,2207.87
14896,21,2023-10-03,261.2,3316.52
14897,21,2023-10-04,248.9,2512.45
14898,21,2023-10-05,198.2,2672.76
14899,21,2023-10-06,240.3,1961.56
14900,21,2023-10-07,196.5,2661.4
14901,21,2023-10-08,210.5,2001.17
14902,21,2023-10-09,242.3,2384.02
14903,21,2023-10-10,260.0,2578.92
14904,21,2023-10-11,275.6,3543.96
14905,21,2023-10-12,267.0,3232.51
14906,21,2023-10-13,203.4,1655.38
14907,21,2023-10-14,270.1,2462.53
14908,21,2023-10-15,250.7,2590.1
14909,21,2023-10-16,252.4,2363.14
14910,21,2023-10-17,223.0,2640.18
14911,21,2023-10-18,244.1,3091.56
14912,21,2023-10-19,242.5,2448.69
14913,21,2023-10-20,243.8,3152.22
14914,21,2023-10-21,247.3,2094.87
14915,21,2023-10-22,234.3,3424.42
14916,21,2023-10-23,230.3,3089.28
14917,21,2023-10-24,236.3,2394.62
14918,21,2023-10-25,257.1,3276.31
14919,21,2023-10-26,251.9,3684.25
14920,21,2023-10-27,255.8,2703.81
14921,21,2023-10-28,242.4,3421.49
14922,21,2023-10-29,216.7,2204.34
14923,21,2023-10-30,223.5,3030.34
14924,21,2023-10-31,251.6,2135.71
14925,21,2023-11-01,257.9,2950.04
14926,21,2023-11-02,254.8,3263.47
14927,21,2023-11-03,236.3,3480.01
14928,21,2023-11-04,239.0,2662.43
14929,21,2023-11-05,200.1,2981.66
14930,21,2023-11-06,236.7,1985.27
14931,21,2023-11-07,206.5,2210.31
14932,21,2023-11-08,214.4,3092.15
14933,21,2023-11-09,246.1,2698.07
14934,21,2023-11-10,228.5,3195.46
14935,21,2023-11-11,195.3,2177.17
14936,21,2023-11-12,237.0,2600.15
14937,21,2023-11-13,215.8,2008.04
14938,21,2023-11-14,213.4,2209.04
14939,21,2023-11-15,205.8,2672.03
14940,21,2023-11-16,262.1,3907.61
14941,21,2023-11-17,219.6,2009.38
14942,21,2023-11-18,189.9,2040.87
14943,21,2023-11-19,215.6,1999.92
14944,21,2023-11-20,246.1,2617.41
14945,21,2023-11-21,241.1,3544.21
14946,21,2023-11-22,254.5,3647.25
14947,21,2023-11-23,242.7,2818.03
14948,21,2023-11-24,185.5,1658.57
14949,21,2023-11-25,227.8,1965.43
14950,21,2023-11-26,226.2,3198.51
14951,21,2023-11-27,213.6,2460.2
14952,21,2023-11-28,205.5,2625.79
14953,21,2023-11-29,244.6,2128.16
14954,21,2023-11-30,232.5,3159.18
14955,21,2023-12-01,210.9,2733.61
14956,21,2023-12-02,203.3,2949.62
14957,21,2023-12-03,250.2,3316.78
14958,21,2023-12-04,246.3,2524.01
14959,21,2023-12-05,246.9,2896.69
14960,21,2023-12-06,245.4,2885.58
14961,21,2023-12-07,245.4,2542.34
14962,21,2023-12-08,243.0,3307.27
14963,21,2023-12-09,221.3,2880.57
14964,21,2023-12-10,245.0,2280.05
14965,21,2023-12-11,235.1,3376.44
14966,21,2023-12-12,215.7,1779.38
14967,21,2023-12-13,232.6,3262.15
14968,21,2023-12-14,257.0,3573.6
14969,21,2023-12-15,238.3,3313.02
14970,21,2023-12-16,240.8,2223.11
14971,21,2023-12-17,211.9,2797.0
14972,21,2023-12-18,216.7,1966.68
14973,21,2023-12-19,235.0,3041.48
14974,21,2023-12-20,229.4,3240.48
14975,21,2023-12-21,226.4,2259.69
14976,21,2023-12-22,212.1,1711.23
14977,21,2023-12-23,216.2,1869.23
14978,21,2023-12-24,203.8,2438.73
14979,21,2023-12-25,222.4,2874.76
14980,21,2023-12-26,229.4,3006.02
14981,21,2023-12-27,230.8,3410.68
14982,21,2023-12-28,256.0,3685.66
14983,21,2023-12-29,193.3,1550.38
14984,21,2023-12-30,267.6,3473.06
14985,21,2023-12-31,245.0,2978.63
14986,21,2024-01-01,233.7,3493.3
14987,21,2024-01-02,214.6,2914.37
14988,21,2024-01-03,223.3,3015.09
14989,21,2024-01-04,244.4,2951.08
14990,21,2024-01-05,217.7,1908.43
14991,21,2024-01-06,246.3,2843.81
14992,21,2024-01-07,231.6,3131.99
14993,21,2024-01-08,231.5,2399.74
14994,21,2024-01-09,244.4,3061.0
14995,21,2024-01-10,210.1,2411.73
14996,21,2024-01-11,225.5,2657.18
14997,21,2024-01-12,229.2,2742.64
14998,21,2024-01-13,243.3,3453.85
14999,21,2024-01-14,253.7,3374.27
15000,21,2024-01-15,208.6,2151.35
15001,21,2024-01-16,231.6,2431.34
15002,21,2024-01-17,207.2,2044.49
15003,21,2024-01-18,231.4,3238.53
15004,21,2024-01-19,240.3,2250.72
15005,21,2024-01-20,223.0,2541.66
15006,21,2024-01-21,254.7,3095.51
15007,21,2024-01-22,240.5,2055.02
15008,21,2024-01-23,238.9,3422.74
15009,21,2024-01-24,233.9,2176.89
15010,21,2024-01-25,243.7,3345.87
15011,21,2024-01-26,256.4,3513.24
15012,21,2024-01-27,235.0,2022.98
15013,21,2024-01-28,223.8,3272.63
15014,21,2024-01-29,277.9,2799.79
15015,21,2024-01-30,234.5,2119.89
15016,21,2024-01-31,228.6,2927.58
15017,21,2024-02-01,242.5,2985.86
15018,21,2024-02-02,197.4,2156.36
15019,21,2024-02-03,207.0,2570.66
15020,21,2024-02-04,193.5,2100.13
15021,21,2024-02-05,196.7,2189.13
15022,21,2024-02-06,212.7,2024.14
15023,21,2024-02-07,222.6,2435.44
15024,21,2024-02-08,221.7,2742.42
15025,21,2024-02-09,229.0,2897.25
15026,21,2024-02-10,237.4,2178.18
15027,21,2024-02-11,223.2,2295.29
15028,21,2024-02-12,238.0,2721.92
15029,21,2024-02-13,255.8,2229.32
15030,21,2024-02-14,270.4,2961.43
15031,21,2024-02-15,259.6,2279.69
15032,21,2024-02-16,266.9,2509.57
15033,21,2024-02-17,229.2,3007.41
15034,21,2024-02-18,198.7,2230.68
15035,21,2024-02-19,227.5,2078.94
15036,21,2024-02-20,210.8,2794.99
15037,21,2024-02-21,229.4,2948.8
15038,21,2024-02-22,206.4,1980.9
15039,21,2024-02-23,232.9,1951.19
15040,21,2024-02-24,215.8,2614.06
15041,21,2024-02-25,215.6,2461.98
15042,21,2024-02-26,252.8,3666.46
15043,21,2024-02-27,233.3,2122.98
15044,21,2024-02-28,230.4,2986.3
15045,21,2024-02-29,247.0,2135.93
15046,21,2024-03-01,237.3,2363.45
15047,21,2024-03-02,246.6,2480.63
15048,21,2024-03-03,227.6,2021.98
15049,21,2024-03-04,245.1,3411.62
15050,21,2024-03-05,199.6,2135.55
15051,21,2024-03-06,227.2,2920.4
15052,21,2024-03-07,235.6,3098.09
15053,21,2024-03-08,221.9,3175.0
15054,21,2024-03-09,227.8,3343.58
15055,21,2024-03-10,247.6,2398.5
15056,21,2024-03-11,248.3,2114.57
15057,21,2024-03-12,235.4,3006.36
15058,21,2024-03-13,256.4,3450.43
15059,21,2024-03-14,209.6,2843.49
15060,21,2024-03-15,225.0,2514.29
15061,21,2024-03-16,225.6,2147.83
15062,21,2024-03-17,254.1,2337.39
15063,21,2024-03-18,239.4,2592.86
15064,21,2024-03-19,260.1,2977.06
15065,21,2024-03-20,200.2,2131.7
15066,21,2024-03-21,235.8,2369.02
15067,21,2024-03-22,230.3,2122.02
15068,21,2024-03-23,183.2,1970.55
15069,21,2024-03-24,201.4,3018.52
15070,21,2024-03-25,214.7,1828.1
15071,21,2024-03-26,209.6,2907.95
15072,21,2024-03-27,239.0,3440.82
15073,21,2024-03-28,252.8,2465.01
15074,21,2024-03-29,223.0,2002.4
15075,21,2024-03-30,208.7,2250.44
15076,21,2024-03-31,205.3,2177.95
15077,21,2024-04-01,261.1,2537.49
15078,21,2024-04-02,216.7,1761.45
15079,21,2024-04-03,173.6,1461.76
15080,21,2024-04-04,218.6,1953.5
15081,21,2024-04-05,199.4,2820.03
15082,21,2024-04-06,230.9,2127.45
15083,21,2024-04-07,229.0,3412.54
15084,21,2024-04-08,222.6,2768.67
15085,21,2024-04-09,201.9,2530.46
15086,21,2024-04-10,228.3,2757.78
15087,21,2024-04-11,225.1,2990.88
15088,21,2024-04-12,227.2,2748.5
15089,21,2024-04-13,220.3,2769.71
15090,21,2024-04-14,242.9,2144.67
15091,21,2024-04-15,248.2,3419.39
15092,21,2024-04-16,204.9,2099.49
15093,21,2024-04-17,241.3,2519.77
15094,21,2024-04-18,249.3,3524.47
15095,21,2024-04-19,271.6,3114.73
15096,21,2024-04-20,232.1,2592.53
15097,21,2024-04-21,220.5,1820.62
15098,21,2024-04-22,244.7,3464.09
15099,21,2024-04-23,220.8,2053.16
15100,21,2024-04-24,250.4,3187.69
15101,21,2024-04-25,226.7,1949.99
15102,21,2024-04-26,214.6,2614.39
15103,21,2024-04-27,230.8,2933.82
15104,21,2024-04-28,224.1,2557.37
15105,21,2024-04-29,222.4,2779.33
15106,21,2024-04-30,192.3,1540.19
15107,21,2024-05-01,248.7,2763.52
15108,21,2024-05-02,248.5,2585.69
15109,21,2024-05-03,237.6,3535.78
15110,21,2024-05-04,239.2,2536.81
15111,21,2024-05-05,211.3,2341.99
15112,21,2024-05-06,183.3,2268.4
15113,21,2024-05-07,232.5,2758.41
15114,21,2024-05-08,226.1,3239.93
15115,21,2024-05-09,232.1,3064.65
15116,21,2024-05-10,178.7,1714.05
15117,21,2024-05-11,241.6,2814.5
15118,21,2024-05-12,210.9,2031.78
15119,21,2024-05-13,173.5,2227.28
15120,21,2024-05-14,207.1,1660.32
15121,21,2024-05-15,262.7,3471.91
15122,21,2024-05-16,256.6,3650.17
15123,21,2024-05-17,191.7,1670.67
15124,21,2024-05-18,214.8,2224.64
15125,21,2024-05-19,222.2,2181.68
15126,21,2024-05-20,253.7,2239.56
15127,21,2024-05-21,243.0,2384.16
15128,21,2024-05-22,201.7,1931.64
15129,21,2024-05-23,229.9,2080.53
15130,21,2024-05-24,222.2,1797.04
15131,21,2024-05-25,222.8,2826.14
15132,21,2024-05-26,216.1,2035.01
15133,21,2024-05-27,222.3,2293.83
15134,21,2024-05-28,240.6,2291.69
15135,21,2024-05-29,224.5,2259.14
15136,21,2024-05-30,226.3,3171.49
15137,21,2024-05-31,243.0,2122.0
15138,21,2024-06-01,235.8,2638.76
15139,21,2024-06-02,243.1,3596.02
15140,21,2024-06-03,210.9,2891.03
15141,21,2024-06-04,228.2,1871.2
15142,21,2024-06-05,227.5,1884.37
15143,21,2024-06-06,224.6,2275.07
15144,21,2024-06-07,221.1,2388.54
15145,21,2024-06-08,255.4,2295.65
15146,21,2024-06-09,219.1,1994.71
15147,21,2024-06-10,249.4,2264.32
15148,21,2024-06-11,265.4,3706.85
15149,21,2024-06-12,207.0,2264.8
15150,21,2024-06-13,200.8,2060.18
15151,21,2024-06-14,188.4,1849.57
15152,21,2024-06-15,249.0,3568.6
15153,21,2024-06-16,249.6,2603.18
15154,21,2024-06-17,207.9,2296.13
15155,21,2024-06-18,243.1,3199.64
15156,21,2024-06-19,212.8,1735.58
15157,21,2024-06-20,228.6,2618.04
15158,21,2024-06-21,247.4,3386.56
15159,21,2024-06-22,235.6,2669.64
15160,21,2024-06-23,210.9,2785.09
15161,21,2024-06-24,229.7,2733.18
15162,21,2024-06-25,220.4,3060.47
15163,21,2024-06-26,242.7,3449.12
15164,21,2024-06-27,234.9,2550.43
15165,21,2024-06-28,234.7,3313.39
15166,21,2024-06-29,209.7,1787.85
15167,21,2024-06-30,209.2,1712.86
15168,21,2024-07-01,230.9,2945.77
15169,21,2024-07-02,245.4,3439.04
15170,21,2024-07-03,259.4,2221.76
15171,21,2024-07-04,194.0,2554.68
15172,21,2024-07-05,228.5,3258.18
15173,21,2024-07-06,247.3,2467.02
15174,21,2024-07-07,240.5,2409.89
15175,21,2024-07-08,233.9,2254.54
15176,21,2024-07-09,246.8,2880.39
15177,21,2024-07-10,207.9,2615.76
15178,21,2024-07-11,241.1,1999.78
15179,21,2024-07-12,248.2,2245.18
15180,21,2024-07-13,204.8,1957.27
15181,21,2024-07-14,234.6,2696.07
15182,21,2024-07-15,242.6,2298.54
15183,21,2024-07-16,244.4,2220.74
15184,21,2024-07-17,192.3,2186.61
15185,21,2024-07-18,215.5,1882.83
15186,21,2024-07-19,179.8,1572.47
15187,21,2024-07-20,254.3,3201.89
15188,21,2024-07-21,220.9,1947.61
15189,21,2024-07-22,207.7,2527.93
15190,21,2024-07-23,205.9,2482.83
15191,21,2024-07-24,216.3,2055.76
15192,21,2024-07-25,248.0,2976.44
15193,21,2024-07-26,209.8,2924.47
15194,21,2024-07-27,257.2,3786.96
15195,21,2024-07-28,200.2,2783.37
15196,21,2024-07-29,271.1,2214.96
15197,21,2024-07-30,216.6,3079.85
15198,21,2024-07-31,257.7,2695.44
15199,21,2024-08-01,254.1,2360.79
15200,21,2024-08-02,254.0,2538.43
15201,21,2024-08-03,225.8,1952.54
15202,21,2024-08-04,202.5,2888.34
15203,21,2024-08-05,231.9,2407.13
15204,21,2024-08-06,211.6,2884.72
15205,21,2024-08-07,194.0,2888.22
15206,21,2024-08-08,254.1,2150.48
15207,21,2024-08-09,230.8,2962.52
15208,21,2024-08-10,227.8,3002.26
15209,21,2024-08-11,212.7,2191.38
15210,21,2024-08-12,218.6,2315.42
15211,21,2024-08-13,238.3,3151.54
15212,21,2024-08-14,234.7,2939.43
15213,21,2024-08-15,242.0,2741.56
15214,21,2024-08-16,243.6,2522.0
15215,21,2024-08-17,245.6,3613.49
15216,21,2024-08-18,204.8,2470.96
15217,21,2024-08-19,235.5,2924.78
15218,21,2024-08-20,234.1,3403.61
15219,21,2024-08-21,199.1,1893.15
15220,21,2024-08-22,236.7,2814.72
15221,21,2024-08-23,253.4,2231.73
15222,21,2024-08-24,237.2,2091.37
15223,21,2024-08-25,200.6,1882.97
15224,21,2024-08-26,211.3,1984.43
15225,21,2024-08-27,232.5,2980.22
15226,21,2024-08-28,208.2,2690.47
15227,21,2024-08-29,238.7,3381.18
15228,21,2024-08-30,227.7,3348.06
15229,21,2024-08-31,244.8,3265.18
15230,21,2024-09-01,221.5,2299.58
15231,21,2024-09-02,232.9,2085.4
15232,21,2024-09-03,213.7,2149.07
15233,21,2024-09-04,265.4,3844.29
15234,21,2024-09-05,226.8,2756.45
15235,21,2024-09-06,203.5,2606.82
15236,21,2024-09-07,247.7,2740.31
15237,21,2024-09-08,220.7,2489.06
15238,21,2024-09-09,246.5,2718.43
15239,21,2024-09-10,221.0,2860.41
15240,21,2024-09-11,187.8,2679.35
15241,21,2024-09-12,207.7,2197.14
15242,21,2024-09-13,226.3,2681.93
15243,21,2024-09-14,202.2,1670.04
15244,21,2024-09-15,220.1,2820.31
15245,21,2024-09-16,243.5,2384.12
15246,21,2024-09-17,235.6,2911.62
15247,21,2024-09-18,229.2,3390.39
15248,21,2024-09-19,220.6,3093.87
15249,21,2024-09-20,254.4,3716.02
15250,21,2024-09-21,229.8,2185.45
15251,21,2024-09-22,213.6,3020.12
15252,21,2024-09-23,242.7,2108.52
15253,21,2024-09-24,237.1,2187.16
15254,21,2024-09-25,210.6,1918.09
15255,21,2024-09-26,249.8,2467.73
15256,21,2024-09-27,230.2,3196.82
15257,21,2024-09-28,232.7,2914.55
15258,21,2024-09-29,251.2,2080.55
15259,21,2024-09-30,200.2,1811.58
15260,21,2024-10-01,211.6,2269.78
15261,21,2024-10-02,251.5,3064.66
15262,21,2024-10-03,210.2,3024.52
15263,21,2024-10-04,226.7,2588.68
15264,21,2024-10-05,254.6,2682.37
15265,21,2024-10-06,205.5,1666.76
15266,21,2024-10-07,188.6,1619.08
15267,21,2024-10-08,203.2,2733.81
15268,21,2024-10-09,226.4,2246.1
15269,21,2024-10-10,222.0,2330.42
15270,21,2024-10-11,219.8,1812.83
15271,21,2024-10-12,218.0,2217.78
15272,21,2024-10-13,209.7,2852.54
15273,21,2024-10-14,218.6,1938.69
15274,21,2024-10-15,234.2,2912.63
15275,21,2024-10-16,240.4,2027.64
15276,21,2024-10-17,236.2,3014.68
15277,21,2024-10-18,218.1,2491.55
15278,21,2024-10-19,222.0,2021.79
15279,21,2024-10-20,242.9,3374.93
15280,21,2024-10-21,242.6,2581.73
15281,21,2024-10-22,262.2,2799.23
15282,21,2024-10-23,219.7,2582.39
15283,21,2024-10-24,201.7,2493.34
15284,21,2024-10-25,227.5,2519.31
15285,21,2024-10-26,237.2,2082.26
15286,21,2024-10-27,244.2,2788.7
15287,21,2024-10-28,215.8,2923.01
15288,21,2024-10-29,230.5,2202.43
15289,21,2024-10-30,239.2,2870.75
15290,21,2024-10-31,225.7,2475.73
15291,21,2024-11-01,221.5,2336.47
15292,21,2024-11-02,277.4,4011.63
15293,21,2024-11-03,234.1,2805.02
15294,21,2024-11-04,186.9,2185.65
15295,21,2024-11-05,185.6,2665.09
15296,21,2024-11-06,220.0,2454.29
15297,21,2024-11-07,265.7,2251.83
15298,21,2024-11-08,232.8,3135.33
15299,21,2024-11-09,266.4,3570.73
15300,21,2024-11-10,228.7,3228.64
15301,21,2024-11-11,248.7,2440.52
15302,21,2024-11-12,217.3,2742.9
15303,21,2024-11-13,219.9,1807.23
15304,21,2024-11-14,213.2,2646.12
15305,21,2024-11-15,247.0,2055.11
15306,21,2024-11-16,208.5,1984.27
15307,21,2024-11-17,192.2,1713.64
15308,21,2024-11-18,199.3,2981.45
15309,21,2024-11-19,244.2,2330.18
15310,21,2024-11-20,206.7,2923.51
15311,21,2024-11-21,241.0,2504.26
15312,21,2024-11-22,220.8,1779.5
15313,21,2024-11-23,278.0,2457.32
15314,21,2024-11-24,261.4,2521.44
15315,21,2024-11-25,285.0,3654.11
15316,21,2024-11-26,204.5,1689.39
15317,21,2024-11-27,225.0,3235.78
15318,21,2024-11-28,191.8,1704.5
15319,21,2024-11-29,234.5,2491.71
15320,21,2024-11-30,206.5,2552.75
15321,21,2024-12-01,226.1,3241.18
15322,21,2024-12-02,182.6,1578.68
15323,21,2024-12-03,183.8,1849.48
15324,21,2024-12-04,208.9,3124.9
15325,21,2024-12-05,211.6,2920.34
15326,21,2024-12-06,252.9,2890.34
15327,21,2024-12-07,217.6,2081.56
15328,21,2024-12-08,236.4,2300.88
15329,21,2024-12-09,190.0,1715.9
15330,21,2024-12-10,231.2,3459.9
15331,21,2024-12-11,229.8,3272.69
15332,21,2024-12-12,239.6,3486.37
15333,21,2024-12-13,228.9,3244.0
15334,21,2024-12-14,263.5,3155.07
15335,21,2024-12-15,218.5,2430.29
15336,21,2024-12-16,207.3,3016.15
15337,21,2024-12-17,240.6,3200.59
15338,21,2024-12-18,231.4,2353.2
15339,21,2024-12-19,208.0,2258.07
15340,21,2024-12-20,236.6,3227.53
15341,21,2024-12-21,246.7,2413.47
15342,21,2024-12-22,232.2,3076.01
15343,21,2024-12-23,228.7,2523.18
15344,21,2024-12-24,197.6,2350.73
15345,21,2024-12-25,217.7,2758.37
15346,21,2024-12-26,206.7,2461.57
15347,21,2024-12-27,237.0,3461.93
15348,21,2024-12-28,281.1,4087.46
15349,21,2024-12-29,198.1,2354.2
15350,21,2024-12-30,199.5,1729.87
15351,21,2024-12-31,204.8,1958.32
15352,22,2023-01-01,373.1,2987.91
15353,22,2023-01-02,394.0,4450.82
15354,22,2023-01-03,470.2,6491.35
15355,22,2023-01-04,390.4,4341.97
15356,22,2023-01-05,374.5,3321.03
15357,22,2023-01-06,439.2,5687.57
15358,22,2023-01-07,296.6,3792.9
15359,22,2023-01-08,329.1,3395.45
15360,22,2023-01-09,398.0,3344.91
15361,22,2023-01-10,403.6,4990.21
15362,22,2023-01-11,406.9,4383.35
15363,22,2023-01-12,381.7,3785.29
15364,22,2023-01-13,480.3,4846.21
15365,22,2023-01-14,407.0,3260.22
15366,22,2023-01-15,425.3,4375.11
15367,22,2023-01-16,437.2,5640.64
15368,22,2023-01-17,365.3,4109.31
15369,22,2023-01-18,384.9,4240.93
15370,22,2023-01-19,424.9,4645.5
15371,22,2023-01-20,427.3,4163.59
15372,22,2023-01-21,391.9,5335.74
15373,22,2023-01-22,344.0,4021.47
15374,22,2023-01-23,399.5,3742.58
15375,22,2023-01-24,365.9,5340.26
15376,22,2023-01-25,417.2,3409.19
15377,22,2023-01-26,387.9,5303.8
15378,22,2023-01-27,386.9,5784.48
15379,22,2023-01-28,407.3,5319.7
15380,22,2023-01-29,425.9,4966.37
15381,22,2023-01-30,451.7,6690.75
15382,22,2023-01-31,374.1,3068.56
15383,22,2023-02-01,360.9,3933.65
15384,22,2023-02-02,357.5,4429.26
15385,22,2023-02-03,384.0,4178.41
15386,22,2023-02-04,396.7,4893.41
15387,22,2023-02-05,430.8,4648.67
15388,22,2023-02-06,396.7,3208.7
15389,22,2023-02-07,373.9,3646.18
15390,22,2023-02-08,383.0,4035.2
15391,22,2023-02-09,358.8,5091.38
15392,22,2023-02-10,433.8,4379.7
15393,22,2023-02-11,390.5,5679.25
15394,22,2023-02-12,390.0,4361.37
15395,22,2023-02-13,374.3,4916.41
15396,22,2023-02-14,391.2,5032.13
15397,22,2023-02-15,443.3,4686.34
15398,22,2023-02-16,365.5,3111.29
15399,22,2023-02-17,354.3,3503.74
15400,22,2023-02-18,423.7,6145.56
15401,22,2023-02-19,428.7,5359.22
15402,22,2023-02-20,372.0,4519.3
15403,22,2023-02-21,405.8,3802.06
15404,22,2023-02-22,395.7,4653.07
15405,22,2023-02-23,389.7,4500.47
15406,22,2023-02-24,461.3,5825.36
15407,22,2023-02-25,378.6,5412.07
15408,22,2023-02-26,428.6,4883.1
15409,22,2023-02-27,372.3,4261.41
15410,22,2023-02-28,405.5,3290.11
15411,22,2023-03-01,377.7,5393.01
15412,22,2023-03-02,391.4,4974.12
15413,22,2023-03-03,390.7,5455.18
15414,22,2023-03-04,441.8,6234.6
15415,22,2023-03-05,354.9,4101.48
15416,22,2023-03-06,348.2,2888.57
15417,22,2023-03-07,447.3,4509.65
15418,22,2023-03-08,389.8,3668.36
15419,22,2023-03-09,398.2,3201.18
15420,22,2023-03-10,361.4,4686.75
15421,22,2023-03-11,456.9,4497.15
15422,22,2023-03-12,321.2,2970.68
15423,22,2023-03-13,364.6,4907.95
15424,22,2023-03-14,416.9,3929.89
15425,22,2023-03-15,445.7,5143.28
15426,22,2023-03-16,434.8,6512.44
15427,22,2023-03-17,423.6,3890.37
15428,22,2023-03-18,386.4,4003.15
15429,22,2023-03-19,405.3,5052.7
15430,22,2023-03-20,361.9,4044.1
15431,22,2023-03-21,416.8,5600.39
15432,22,2023-03-22,408.2,3956.29
15433,22,2023-03-23,363.1,3422.6
15434,22,2023-03-24,346.9,3652.58
15435,22,2023-03-25,410.1,5928.17
15436,22,2023-03-26,406.9,5149.85
15437,22,2023-03-27,412.5,3344.7
15438,22,2023-03-28,373.8,3286.51
15439,22,2023-03-29,410.5,4085.28
15440,22,2023-03-30,405.2,3579.54
15441,22,2023-03-31,422.3,4413.53
15442,22,2023-04-01,353.4,5205.21
15443,22,2023-04-02,394.3,3849.3
15444,22,2023-04-03,386.1,4619.85
15445,22,2023-04-04,403.1,3319.29
15446,22,2023-04-05,361.8,3682.17
15447,22,2023-04-06,427.9,3591.77
15448,22,2023-04-07,354.0,4840.97
15449,22,2023-04-08,319.0,3058.1
15450,22,2023-04-09,341.1,3898.92
15451,22,2023-04-10,353.5,3245.61
15452,22,2023-04-11,372.8,4883.6
15453,22,2023-04-12,388.3,4675.1
15454,22,2023-04-13,387.8,3715.84
15455,22,2023-04-14,466.4,4627.64
15456,22,2023-04-15,340.0,3537.91
15457,22,2023-04-16,388.6,5808.42
15458,22,2023-04-17,348.8,3675.94
15459,22,2023-04-18,434.7,5870.17
15460,22,2023-04-19,439.7,5709.34
15461,22,2023-04-20,398.5,3478.59
15462,22,2023-04-21,429.1,4262.17
15463,22,2023-04-22,415.9,4937.95
15464,22,2023-04-23,382.5,4689.02
15465,22,2023-04-24,377.0,3214.87
15466,22,2023-04-25,389.4,4260.71
15467,22,2023-04-26,422.9,3599.51
15468,22,2023-04-27,367.0,4087.07
15469,22,2023-04-28,377.3,3815.53
15470,22,2023-04-29,419.1,5946.14
15471,22,2023-04-30,430.7,4317.89
15472,22,2023-05-01,412.8,6182.66
15473,22,2023-05-02,398.3,4818.3
15474,22,2023-05-03,423.4,5684.35
15475,22,2023-05-04,403.2,5772.64
15476,22,2023-05-05,333.5,2827.52
15477,22,2023-05-06,402.8,5393.48
15478,22,2023-05-07,409.2,3459.39
15479,22,2023-05-08,404.4,5451.47
15480,22,2023-05-09,365.8,3518.83
15481,22,2023-05-10,382.1,4390.8
15482,22,2023-05-11,400.0,4136.82
15483,22,2023-05-12,420.0,3728.84
15484,22,2023-05-13,404.0,4504.96
15485,22,2023-05-14,337.4,3833.34
15486,22,2023-05-15,369.5,5234.05
15487,22,2023-05-16,416.2,6227.55
15488,22,2023-05-17,439.8,3795.63
15489,22,2023-05-18,398.2,4098.7
15490,22,2023-05-19,421.1,5254.99
15491,22,2023-05-20,370.0,4114.71
15492,22,2023-05-21,340.7,3445.89
15493,22,2023-05-22,386.1,3556.06
15494,22,2023-05-23,334.7,4565.01
15495,22,2023-05-24,439.7,3912.05
15496,22,2023-05-25,400.0,5496.84
15497,22,2023-05-26,390.3,3898.31
15498,22,2023-05-27,405.8,5084.33
15499,22,2023-05-28,367.5,5323.63
15500,22,2023-05-29,403.4,4579.57
15501,22,2023-05-30,372.7,3663.55
15502,22,2023-05-31,434.1,3811.3
15503,22,2023-06-01,428.8,6306.76
15504,22,2023-06-02,412.1,3524.67
15505,22,2023-06-03,456.9,5022.82
15506,22,2023-06-04,424.1,5809.99
15507,22,2023-06-05,435.3,6505.64
15508,22,2023-06-06,396.1,4961.59
15509,22,2023-06-07,323.4,3027.56
15510,22,2023-06-08,408.9,5150.82
15511,22,2023-06-09,405.2,4014.29
15512,22,2023-06-10,397.5,5813.22
15513,22,2023-06-11,432.3,3999.85
15514,22,2023-06-12,407.7,4688.65
15515,22,2023-06-13,331.3,3237.55
15516,22,2023-06-14,433.9,6219.5
15517,22,2023-06-15,411.3,4914.98
15518,22,2023-06-16,386.1,4097.89
15519,22,2023-06-17,429.9,3519.71
15520,22,2023-06-18,383.2,3096.02
15521,22,2023-06-19,392.3,4734.56
15522,22,2023-06-20,374.1,4628.45
15523,22,2023-06-21,367.8,3617.53
15524,22,2023-06-22,412.8,4005.8
15525,22,2023-06-23,379.5,4665.85
15526,22,2023-06-24,374.2,3953.53
15527,22,2023-06-25,400.2,3795.69
15528,22,2023-06-26,442.8,4991.45
15529,22,2023-06-27,426.0,5894.52
15530,22,2023-06-28,401.7,4413.3
15531,22,2023-06-29,350.8,4360.32
15532,22,2023-06-30,424.6,6109.18
15533,22,2023-07-01,346.4,4333.22
15534,22,2023-07-02,423.2,6059.24
15535,22,2023-07-03,391.6,4012.93
15536,22,2023-07-04,357.5,3464.04
15537,22,2023-07-05,343.3,3251.79
15538,22,2023-07-06,344.3,3727.24
15539,22,2023-07-07,385.9,5759.06
15540,22,2023-07-08,395.3,3981.53
15541,22,2023-07-09,347.2,3734.1
15542,22,2023-07-10,419.5,4968.67
15543,22,2023-07-11,436.1,5906.06
15544,22,2023-07-12,410.9,4779.44
15545,22,2023-07-13,396.5,4497.7
15546,22,2023-07-14,368.3,3502.05
15547,22,2023-07-15,389.3,5189.24
15548,22,2023-07-16,339.0,3753.51
15549,22,2023-07-17,409.1,5839.16
15550,22,2023-07-18,350.2,4449.08
15551,22,2023-07-19,425.7,5398.72
15552,22,2023-07-20,411.6,5480.03
15553,22,2023-07-21,385.2,5541.46
15554,22,2023-07-22,403.5,3979.38
15555,22,2023-07-23,416.3,3650.1
15556,22,2023-07-24,390.5,5161.38
15557,22,2023-07-25,383.2,5584.77
15558,22,2023-07-26,390.7,3447.75
15559,22,2023-07-27,375.1,5128.65
15560,22,2023-07-28,435.0,5764.58
15561,22,2023-07-29,410.6,3569.16
15562,22,2023-07-30,398.2,5411.48
15563,22,2023-07-31,354.1,4186.31
15564,22,2023-08-01,428.4,5360.28
15565,22,2023-08-02,367.7,3204.85
15566,22,2023-08-03,411.6,3586.75
15567,22,2023-08-04,367.3,4315.62
15568,22,2023-08-05,377.5,4175.34
15569,22,2023-08-06,402.7,3802.0
15570,22,2023-08-07,410.8,3418.2
15571,22,2023-08-08,417.7,5391.15
15572,22,2023-08-09,407.8,5099.73
15573,22,2023-08-10,391.4,5118.03
15574,22,2023-08-11,339.8,3178.38
15575,22,2023-08-12,359.9,4216.43
15576,22,2023-08-13,390.5,4692.03
15577,22,2023-08-14,328.6,3980.23
15578,22,2023-08-15,466.5,6987.26
15579,22,2023-08-16,435.9,4073.23
15580,22,2023-08-17,413.5,4842.22
15581,22,2023-08-18,380.6,4578.04
15582,22,2023-08-19,329.4,4682.93
15583,22,2023-08-20,368.8,4869.36
15584,22,2023-08-21,424.4,5027.8
15585,22,2023-08-22,378.2,3269.25
15586,22,2023-08-23,436.6,5382.57
15587,22,2023-08-24,411.2,3755.9
15588,22,2023-08-25,394.7,4969.82
15589,22,2023-08-26,318.9,4324.63
15590,22,2023-08-27,376.5,5148.84
15591,22,2023-08-28,377.8,3935.12
15592,22,2023-08-29,399.6,3327.82
15593,22,2023-08-30,432.3,5027.65
15594,22,2023-08-31,349.8,4519.59
15595,22,2023-09-01,456.3,5281.95
15596,22,2023-09-02,451.2,4760.66
15597,22,2023-09-03,360.9,4995.89
15598,22,2023-09-04,387.8,5516.01
15599,22,2023-09-05,406.6,4872.65
15600,22,2023-09-06,438.3,4949.6
15601,22,2023-09-07,373.6,5577.13
15602,22,2023-09-08,349.3,3151.26
15603,22,2023-09-09,426.8,4767.3
15604,22,2023-09-10,396.0,4846.87
15605,22,2023-09-11,397.8,5219.16
15606,22,2023-09-12,432.3,4508.86
15607,22,2023-09-13,404.5,4507.57
15608,22,2023-09-14,359.9,4966.68
15609,22,2023-09-15,429.6,3855.19
15610,22,2023-09-16,369.5,5362.07
15611,22,2023-09-17,345.7,4675.28
15612,22,2023-09-18,377.8,5529.5
15613,22,2023-09-19,387.9,4927.88
15614,22,2023-09-20,398.0,4706.98
15615,22,2023-09-21,388.5,4385.01
15616,22,2023-09-22,448.3,6356.56
15617,22,2023-09-23,401.4,5192.32
15618,22,2023-09-24,404.3,5153.64
15619,22,2023-09-25,347.2,4770.66
15620,22,2023-09-26,422.7,5845.02
15621,22,2023-09-27,387.4,4594.06
15622,22,2023-09-28,413.9,5936.72
15623,22,2023-09-29,424.0,6336.61
15624,22,2023-09-30,371.5,4667.6
15625,22,2023-10-01,391.9,3555.2
15626,22,2023-10-02,403.0,3719.2
15627,22,2023-10-03,362.0,5389.91
15628,22,2023-10-04,405.2,3704.2
15629,22,2023-10-05,453.2,6225.78
15630,22,2023-10-06,410.6,4604.43
15631,22,2023-10-07,390.3,3811.4
15632,22,2023-10-08,415.2,5045.52
15633,22,2023-10-09,394.6,5181.52
15634,22,2023-10-10,459.4,5028.35
15635,22,2023-10-11,423.5,3702.16
15636,22,2023-10-12,377.1,4450.53
15637,22,2023-10-13,421.5,3373.09
15638,22,2023-10-14,361.3,3591.03
15639,22,2023-10-15,407.2,5478.13
15640,22,2023-10-16,452.5,4119.31
15641,22,2023-10-17,346.9,4327.54
15642,22,2023-10-18,395.7,3529.51
15643,22,2023-10-19,377.3,4080.38
15644,22,2023-10-20,362.9,4169.38
15645,22,2023-10-21,360.8,3001.8
15646,22,2023-10-22,469.6,4885.77
15647,22,2023-10-23,406.1,4689.54
15648,22,2023-10-24,427.9,5616.49
15649,22,2023-10-25,388.2,4104.15
15650,22,2023-10-26,407.0,6041.5
15651,22,2023-10-27,413.9,5049.36
15652,22,2023-10-28,413.4,4774.37
15653,22,2023-10-29,455.3,4843.09
15654,22,2023-10-30,412.3,5556.8
15655,22,2023-10-31,395.6,4221.54
15656,22,2023-11-01,417.9,5377.56
15657,22,2023-11-02,373.8,4376.06
15658,22,2023-11-03,397.1,5263.08
15659,22,2023-11-04,431.2,4208.99
15660,22,2023-11-05,389.5,5071.31
15661,22,2023-11-06,370.6,3753.57
15662,22,2023-11-07,386.6,3941.98
15663,22,2023-11-08,380.2,5640.34
15664,22,2023-11-09,346.4,3758.56
15665,22,2023-11-10,365.7,4854.05
15666,22,2023-11-11,381.0,4240.63
15667,22,2023-11-12,395.8,3649.93
15668,22,2023-11-13,462.4,4269.75
15669,22,2023-11-14,427.2,4761.45
15670,22,2023-11-15,310.6,4496.42
15671,22,2023-11-16,394.2,4019.76
15672,22,2023-11-17,379.9,4527.54
15673,22,2023-11-18,367.0,3316.82
15674,22,2023-11-19,452.8,5267.4
15675,22,2023-11-20,392.5,3477.84
15676,22,2023-11-21,414.3,5703.9
15677,22,2023-11-22,371.8,4089.74
15678,22,2023-11-23,350.3,3635.17
15679,22,2023-11-24,432.2,4133.07
15680,22,2023-11-25,377.0,4256.9
15681,22,2023-11-26,390.6,3430.4
15682,22,2023-11-27,377.6,3766.66
15683,22,2023-11-28,372.0,3914.39
15684,22,2023-11-29,382.6,4395.07
15685,22,2023-11-30,337.0,3391.09
15686,22,2023-12-01,373.6,4645.33
15687,22,2023-12-02,408.7,6062.94
15688,22,2023-12-03,442.9,6472.53
15689,22,2023-12-04,381.8,5375.16
15690,22,2023-12-05,376.0,3086.0
15691,22,2023-12-06,407.3,5193.45
15692,22,2023-12-07,393.7,3402.65
15693,22,2023-12-08,368.4,5323.62
15694,22,2023-12-09,433.9,4340.46
15695,22,2023-12-10,443.0,4342.73
15696,22,2023-12-11,384.4,3564.17
15697,22,2023-12-12,390.0,5654.98
15698,22,2023-12-13,385.5,3843.87
15699,22,2023-12-14,393.9,3306.34
15700,22,2023-12-15,375.4,4334.8
15701,22,2023-12-16,374.7,3423.74
15702,22,2023-12-17,315.9,2726.79
15703,22,2023-12-18,363.5,4944.92
15704,22,2023-12-19,415.9,5534.82
15705,22,2023-12-20,403.5,4415.28
15706,22,2023-12-21,374.5,3475.93
15707,22,2023-12-22,291.6,4171.19
15708,22,2023-12-23,426.2,5187.6
15709,22,2023-12-24,373.6,5174.4
15710,22,2023-12-25,338.8,4749.38
15711,22,2023-12-26,385.5,4918.26
15712,22,2023-12-27,398.9,3381.81
15713,22,2023-12-28,404.7,3944.85
15714,22,2023-12-29,443.0,5573.72
15715,22,2023-12-30,377.4,4077.93
15716,22,2023-12-31,362.6,4872.66
15717,22,2024-01-01,381.3,3532.97
15718,22,2024-01-02,386.1,4732.6
15719,22,2024-01-03,389.3,5043.0
15720,22,2024-01-04,419.5,4714.1
15721,22,2024-01-05,361.5,4203.62
15722,22,2024-01-06,373.6,5420.27
15723,22,2024-01-07,382.3,4903.25
15724,22,2024-01-08,354.0,3921.65
15725,22,2024-01-09,399.7,4971.19
15726,22,2024-01-10,407.8,3465.42
15727,22,2024-01-11,380.7,5648.05
15728,22,2024-01-12,349.9,3617.95
15729,22,2024-01-13,366.1,4329.35
15730,22,2024-01-14,372.9,4424.16
15731,22,2024-01-15,336.3,4034.25
15732,22,2024-01-16,363.2,2929.01
15733,22,2024-01-17,385.2,4970.96
15734,22,2024-01-18,448.1,4989.6
15735,22,2024-01-19,419.9,3978.94
15736,22,2024-01-20,387.3,3688.29
15737,22,2024-01-21,451.0,4727.74
15738,22,2024-01-22,412.2,4796.4
15739,22,2024-01-23,373.6,3611.47
15740,22,2024-01-24,377.5,5441.53
15741,22,2024-01-25,377.0,3139.13
15742,22,2024-01-26,399.4,3455.95
15743,22,2024-01-27,417.7,4281.75
15744,22,2024-01-28,370.2,3442.78
15745,22,2024-01-29,358.6,4049.64
15746,22,2024-01-30,380.7,4845.51
15747,22,2024-01-31,354.1,3956.67
15748,22,2024-02-01,375.0,5002.0
15749,22,2024-02-02,363.4,3457.7
15750,22,2024-02-03,334.1,2735.42
15751,22,2024-02-04,378.4,3237.74
15752,22,2024-02-05,343.0,4462.81
15753,22,2024-02-06,322.5,3751.05
15754,22,2024-02-07,441.8,5562.39
15755,22,2024-02-08,437.7,4958.02
15756,22,2024-02-09,396.2,4031.87
15757,22,2024-02-10,368.8,2956.48
15758,22,2024-02-11,341.3,3153.5
15759,22,2024-02-12,388.9,5615.13
15760,22,2024-02-13,365.2,4474.25
15761,22,2024-02-14,442.8,4637.3
15762,22,2024-02-15,387.7,3627.79
15763,22,2024-02-16,375.4,5627.68
15764,22,2024-02-17,461.8,4948.09
15765,22,2024-02-18,385.3,4921.51
15766,22,2024-02-19,404.9,5063.35
15767,22,2024-02-20,395.2,3739.19
15768,22,2024-02-21,377.6,4047.26
15769,22,2024-02-22,416.9,4808.3
15770,22,2024-02-23,475.7,6524.02
15771,22,2024-02-24,347.8,3266.5
15772,22,2024-02-25,371.0,5191.3
15773,22,2024-02-26,384.6,4765.86
15774,22,2024-02-27,400.8,4641.86
15775,22,2024-02-28,460.9,4687.94
15776,22,2024-02-29,378.7,4727.79
15777,22,2024-03-01,418.4,5486.38
15778,22,2024-03-02,403.8,4134.76
15779,22,2024-03-03,355.9,3488.23
15780,22,2024-03-04,384.2,4474.87
15781,22,2024-03-05,393.5,4222.86
15782,22,2024-03-06,359.8,2965.63
15783,22,2024-03-07,334.5,2833.07
15784,22,2024-03-08,372.2,3742.25
15785,22,2024-03-09,358.1,3783.01
15786,22,2024-03-10,345.3,3801.18
15787,22,2024-03-11,361.4,4443.66
15788,22,2024-03-12,427.3,4336.71
15789,22,2024-03-13,345.6,4017.77
15790,22,2024-03-14,404.2,4873.15
15791,22,2024-03-15,382.1,5661.18
15792,22,2024-03-16,383.1,5459.69
15793,22,2024-03-17,416.4,3609.58
15794,22,2024-03-18,400.7,5250.94
15795,22,2024-03-19,398.6,5323.11
15796,22,2024-03-20,331.2,2727.26
15797,22,2024-03-21,369.1,4088.86
15798,22,2024-03-22,444.9,6384.68
15799,22,2024-03-23,353.4,3118.42
15800,22,2024-03-24,452.0,6308.86
15801,22,2024-03-25,368.2,3102.88
15802,22,2024-03-26,357.6,4465.82
15803,22,2024-03-27,324.0,2921.94
15804,22,2024-03-28,342.2,3786.19
15805,22,2024-03-29,338.6,3227.17
15806,22,2024-03-30,341.4,2956.7
15807,22,2024-03-31,414.6,3528.38
15808,22,2024-04-01,349.7,3733.43
15809,22,2024-04-02,405.4,5637.4
15810,22,2024-04-03,388.4,5599.05
15811,22,2024-04-04,398.7,5592.21
15812,22,2024-04-05,426.9,5104.7
15813,22,2024-04-06,346.2,4139.66
15814,22,2024-04-07,341.4,4665.61
15815,22,2024-04-08,406.7,5591.39
15816,22,2024-04-09,424.9,6303.57
15817,22,2024-04-10,363.6,3777.17
15818,22,2024-04-11,368.1,5207.35
15819,22,2024-04-12,370.0,3742.96
15820,22,2024-04-13,347.3,4783.93
15821,22,2024-04-14,415.6,4441.1
15822,22,2024-04-15,403.3,4908.5
15823,22,2024-04-16,296.5,2969.78
15824,22,2024-04-17,443.3,5746.78
15825,22,2024-04-18,361.4,2892.83
15826,22,2024-04-19,389.0,3167.4
15827,22,2024-04-20,381.1,3864.03
15828,22,2024-04-21,366.4,3332.85
15829,22,2024-04-22,403.1,3678.54
15830,22,2024-04-23,388.0,3784.17
15831,22,2024-04-24,455.5,5557.94
15832,22,2024-04-25,369.1,4299.19
15833,22,2024-04-26,409.3,6136.97
15834,22,2024-04-27,402.4,4530.6
15835,22,2024-04-28,426.6,6132.1
15836,22,2024-04-29,431.5,6315.45
15837,22,2024-04-30,386.4,5638.17
15838,22,2024-05-01,345.1,3683.75
15839,22,2024-05-02,376.3,4583.74
15840,22,2024-05-03,379.9,4901.15
15841,22,2024-05-04,406.0,5804.39
15842,22,2024-05-05,354.3,3438.61
15843,22,2024-05-06,407.9,3946.12
15844,22,2024-05-07,437.6,6023.77
15845,22,2024-05-08,446.9,4517.96
15846,22,2024-05-09,378.3,5186.73
15847,22,2024-05-10,362.4,3892.49
15848,22,2024-05-11,344.1,3249.6
15849,22,2024-05-12,428.6,5171.63
15850,22,2024-05-13,395.4,4067.86
15851,22,2024-05-14,386.9,3536.5
15852,22,2024-05-15,435.2,4446.54
15853,22,2024-05-16,442.0,5232.14
15854,22,2024-05-17,418.8,4148.12
15855,22,2024-05-18,332.7,3185.5
15856,22,2024-05-19,417.3,6099.88
15857,22,2024-05-20,351.5,5019.1
15858,22,2024-05-21,347.1,3123.12
15859,22,2024-05-22,430.9,4272.92
15860,22,2024-05-23,400.0,5563.14
15861,22,2024-05-24,384.3,3393.33
15862,22,2024-05-25,436.6,6457.56
15863,22,2024-05-26,397.0,5636.18
15864,22,2024-05-27,460.8,5045.14
15865,22,2024-05-28,422.0,4536.57
15866,22,2024-05-29,393.0,5268.53
15867,22,2024-05-30,414.1,4792.32
15868,22,2024-05-31,353.7,3237.62
15869,22,2024-06-01,382.6,4964.22
15870,22,2024-06-02,351.5,4296.0
15871,22,2024-06-03,376.3,5233.15
15872,22,2024-06-04,419.7,3466.05
15873,22,2024-06-05,366.4,5289.15
15874,22,2024-06-06,380.2,4306.87
15875,22,2024-06-07,383.9,4503.67
15876,22,2024-06-08,323.1,4498.21
15877,22,2024-06-09,313.5,4618.15
15878,22,2024-06-10,431.6,6378.98
15879,22,2024-06-11,433.3,5397.92
15880,22,2024-06-12,352.2,3631.17
15881,22,2024-06-13,422.8,3812.63
15882,22,2024-06-14,401.7,4058.85
15883,22,2024-06-15,405.4,5517.38
15884,22,2024-06-16,366.0,3583.77
15885,22,2024-06-17,417.5,4643.04
15886,22,2024-06-18,434.0,4389.17
15887,22,2024-06-19,375.4,3197.71
15888,22,2024-06-20,385.7,3524.87
15889,22,2024-06-21,345.9,3791.95
15890,22,2024-06-22,404.3,4992.49
15891,22,2024-06-23,392.2,3623.95
15892,22,2024-06-24,426.1,6246.93
15893,22,2024-06-25,378.6,5470.95
15894,22,2024-06-26,362.9,4432.96
15895,22,2024-06-27,346.0,2958.33
15896,22,2024-06-28,419.0,4425.12
15897,22,2024-06-29,337.4,3208.16
15898,22,2024-06-30,365.3,3831.88
15899,22,2024-07-01,401.1,5184.85
15900,22,2024-07-02,390.7,5257.88
15901,22,2024-07-03,365.7,3671.72
15902,22,2024-07-04,376.0,4068.06
15903,22,2024-07-05,398.2,5440.94
15904,22,2024-07-06,391.2,3859.37
15905,22,2024-07-07,375.2,3461.93
15906,22,2024-07-08,425.1,4773.04
15907,22,2024-07-09,434.3,4537.66
15908,22,2024-07-10,397.5,3588.29
15909,22,2024-07-11,359.5,5164.45
15910,22,2024-07-12,417.3,3599.22
15911,22,2024-07-13,319.7,3513.82
15912,22,2024-07-14,394.6,4355.43
15913,22,2024-07-15,398.8,3431.86
15914,22,2024-07-16,347.3,5187.6
15915,22,2024-07-17,407.9,4027.36
15916,22,2024-07-18,416.3,3472.27
15917,22,2024-07-19,371.5,3944.84
15918,22,2024-07-20,401.2,5157.45
15919,22,2024-07-21,413.0,3805.52
15920,22,2024-07-22,360.9,3169.05
15921,22,2024-07-23,385.7,5158.79
15922,22,2024-07-24,365.8,5389.42
15923,22,2024-07-25,367.0,3969.96
15924,22,2024-07-26,374.1,3138.31
15925,22,2024-07-27,422.7,3878.78
15926,22,2024-07-28,341.8,4245.91
15927,22,2024-07-29,353.2,3862.23
15928,22,2024-07-30,326.6,4578.13
15929,22,2024-07-31,356.9,5239.89
15930,22,2024-08-01,389.6,5461.78
15931,22,2024-08-02,374.3,4166.44
15932,22,2024-08-03,420.4,3715.15
15933,22,2024-08-04,412.4,3886.54
15934,22,2024-08-05,351.5,3779.08
15935,22,2024-08-06,357.8,3635.86
15936,22,2024-08-07,336.0,3499.68
15937,22,2024-08-08,364.1,4989.05
15938,22,2024-08-09,416.2,4983.63
15939,22,2024-08-10,373.0,3128.72
15940,22,2024-08-11,356.7,3870.15
15941,22,2024-08-12,398.3,5370.07
15942,22,2024-08-13,337.4,3848.09
15943,22,2024-08-14,355.9,2914.24
15944,22,2024-08-15,371.2,4730.38
15945,22,2024-08-16,330.3,2739.18
15946,22,2024-08-17,420.4,4579.51
15947,22,2024-08-18,386.6,3792.03
15948,22,2024-08-19,382.8,4079.4
15949,22,2024-08-20,389.9,3689.57
15950,22,2024-08-21,385.5,3436.25
15951,22,2024-08-22,419.3,5257.49
15952,22,2024-08-23,394.2,4113.05
15953,22,2024-08-24,406.6,5418.32
15954,22,2024-08-25,404.3,3963.7
15955,22,2024-08-26,390.7,5734.71
15956,22,2024-08-27,348.0,4923.89
15957,22,2024-08-28,394.0,3991.73
15958,22,2024-08-29,415.1,4953.27
15959,22,2024-08-30,397.5,4739.58
15960,22,2024-08-31,373.3,3835.49
15961,22,2024-09-01,406.5,5219.69
15962,22,2024-09-02,383.8,4037.43
15963,22,2024-09-03,402.2,5252.58
15964,22,2024-09-04,403.9,5124.5
15965,22,2024-09-05,395.0,3848.84
15966,22,2024-09-06,348.6,3200.32
15967,22,2024-09-07,423.3,4503.47
15968,22,2024-09-08,391.5,3343.54
15969,22,2024-09-09,426.7,4297.68
15970,22,2024-09-10,404.2,5186.97
15971,22,2024-09-11,378.0,4278.21
15972,22,2024-09-12,364.2,4907.7
15973,22,2024-09-13,366.4,4542.22
15974,22,2024-09-14,320.8,3968.36
15975,22,2024-09-15,319.4,4052.39
15976,22,2024-09-16,391.3,5423.03
15977,22,2024-09-17,370.7,4700.32
15978,22,2024-09-18,354.4,4710.52
15979,22,2024-09-19,404.7,4592.71
15980,22,2024-09-20,421.6,5279.23
15981,22,2024-09-21,374.1,5422.22
15982,22,2024-09-22,371.6,5370.89
15983,22,2024-09-23,355.1,4453.31
15984,22,2024-09-24,422.3,5411.51
15985,22,2024-09-25,437.3,3589.13
15986,22,2024-09-26,387.5,3795.39
15987,22,2024-09-27,396.2,3628.85
15988,22,2024-09-28,405.0,4285.33
15989,22,2024-09-29,388.9,4335.5
15990,22,2024-09-30,369.4,4437.15
15991,22,2024-10-01,382.3,3879.65
15992,22,2024-10-02,393.4,3561.84
15993,22,2024-10-03,386.1,5113.74
15994,22,2024-10-04,347.3,4150.94
15995,22,2024-10-05,372.1,4526.81
15996,22,2024-10-06,408.5,5158.99
15997,22,2024-10-07,361.0,4381.42
15998,22,2024-10-08,335.2,2731.07
15999,22,2024-10-09,318.3,3527.39
16000,22,2024-10-10,384.9,3306.5
16001,22,2024-10-11,374.1,3594.53
16002,22,2024-10-12,377.4,4877.63
16003,22,2024-10-13,325.9,3202.87
16004,22,2024-10-14,410.3,6147.56
16005,22,2024-10-15,404.5,3310.54
16006,22,2024-10-16,401.0,3375.34
16007,22,2024-10-17,355.8,3906.3
16008,22,2024-10-18,403.3,3746.15
16009,22,2024-10-19,432.0,3628.29
16010,22,2024-10-20,402.8,3999.55
16011,22,2024-10-21,348.8,4511.32
16012,22,2024-10-22,435.3,5795.27
16013,22,2024-10-23,380.8,4990.42
16014,22,2024-10-24,372.2,3963.41
16015,22,2024-10-25,326.2,3673.35
16016,22,2024-10-26,401.7,3877.93
16017,22,2024-10-27,382.9,5037.84
16018,22,2024-10-28,343.0,3278.44
16019,22,2024-10-29,430.6,4088.19
16020,22,2024-10-30,393.6,3965.21
16021,22,2024-10-31,360.1,4973.31
16022,22,2024-11-01,382.9,4589.17
16023,22,2024-11-02,381.3,4209.38
16024,22,2024-11-03,362.5,3270.81
16025,22,2024-11-04,331.2,4272.11
16026,22,2024-11-05,364.3,2928.6
16027,22,2024-11-06,343.5,4655.11
16028,22,2024-11-07,375.2,5238.81
16029,22,2024-11-08,405.2,4986.16
16030,22,2024-11-09,354.1,4679.18
16031,22,2024-11-10,403.4,5927.53
16032,22,2024-11-11,419.2,5889.06
16033,22,2024-11-12,389.0,4091.04
16034,22,2024-11-13,379.7,4968.49
16035,22,2024-11-14,376.6,3148.76
16036,22,2024-11-15,420.1,6153.04
16037,22,2024-11-16,376.7,4586.02
16038,22,2024-11-17,364.6,3216.97
16039,22,2024-11-18,369.6,5508.4
16040,22,2024-11-19,398.8,5748.29
16041,22,2024-11-20,435.4,5109.09
16042,22,2024-11-21,417.3,4480.55
16043,22,2024-11-22,408.2,4913.1
16044,22,2024-11-23,373.7,5143.13
16045,22,2024-11-24,321.4,2777.74
16046,22,2024-11-25,387.6,3979.27
16047,22,2024-11-26,394.6,5327.74
16048,22,2024-11-27,403.7,5415.86
16049,22,2024-11-28,346.4,2931.07
16050,22,2024-11-29,349.3,3169.9
16051,22,2024-11-30,391.6,4070.85
16052,22,2024-12-01,417.2,4875.6
16053,22,2024-12-02,400.4,3412.0
16054,22,2024-12-03,333.5,4775.15
16055,22,2024-12-04,404.7,5107.49
16056,22,2024-12-05,365.2,4258.71
16057,22,2024-12-06,371.7,5133.55
16058,22,2024-12-07,358.9,2959.73
16059,22,2024-12-08,369.1,4794.45
16060,22,2024-12-09,335.1,3383.09
16061,22,2024-12-10,320.2,2767.54
16062,22,2024-12-11,362.9,4779.26
16063,22,2024-12-12,425.6,5475.03
16064,22,2024-12-13,377.5,3172.46
16065,22,2024-12-14,391.4,3974.4
16066,22,2024-12-15,382.7,4382.43
16067,22,2024-12-16,346.8,4479.9
16068,22,2024-12-17,401.0,5060.1
16069,22,2024-12-18,336.8,4861.42
16070,22,2024-12-19,356.0,3164.93
16071,22,2024-12-20,430.1,3887.19
16072,22,2024-12-21,370.5,5383.57
16073,22,2024-12-22,402.2,4412.09
16074,22,2024-12-23,489.5,6888.46
16075,22,2024-12-24,378.1,4459.96
16076,22,2024-12-25,399.2,4075.48
16077,22,2024-12-26,373.7,5045.68
16078,22,2024-12-27,380.0,5618.73
16079,22,2024-12-28,385.8,5321.45
16080,22,2024-12-29,432.2,6052.57
16081,22,2024-12-30,405.1,3326.6
16082,22,2024-12-31,384.7,3104.89
16083,23,2023-01-01,259.0,3296.45
16084,23,2023-01-02,243.8,3075.2
16085,23,2023-01-03,259.2,2625.46
16086,23,2023-01-04,200.8,2334.46
16087,23,2023-01-05,253.4,2770.5
16088,23,2023-01-06,277.5,3860.62
16089,23,2023-01-07,242.7,3603.8
16090,23,2023-01-08,209.7,3097.15
16091,23,2023-01-09,246.1,2549.24
16092,23,2023-01-10,241.8,2427.24
16093,23,2023-01-11,222.2,2917.72
16094,23,2023-01-12,288.0,2359.1
16095,23,2023-01-13,248.1,3172.94
16096,23,2023-01-14,260.6,3187.43
16097,23,2023-01-15,276.8,3413.23
16098,23,2023-01-16,264.3,2688.99
16099,23,2023-01-17,237.8,3039.12
16100,23,2023-01-18,220.8,1852.93
16101,23,2023-01-19,195.2,2281.87
16102,23,2023-01-20,253.5,3554.52
16103,23,2023-01-21,224.3,2947.16
16104,23,2023-01-22,257.6,2955.67
16105,23,2023-01-23,200.3,2933.84
16106,23,2023-01-24,194.9,2846.88
16107,23,2023-01-25,243.6,3474.32
16108,23,2023-01-26,236.4,3141.17
16109,23,2023-01-27,275.4,2604.4
16110,23,2023-01-28,240.7,2936.41
16111,23,2023-01-29,294.0,3836.84
16112,23,2023-01-30,267.2,3913.91
16113,23,2023-01-31,262.8,3288.81
16114,23,2023-02-01,229.5,2952.7
16115,23,2023-02-02,257.9,2929.64
16116,23,2023-02-03,243.3,2153.73
16117,23,2023-02-04,229.8,2357.72
16118,23,2023-02-05,252.8,2426.3
16119,23,2023-02-06,204.3,1862.81
16120,23,2023-02-07,255.7,3461.46
16121,23,2023-02-08,197.2,2801.48
16122,23,2023-02-09,212.0,2495.69
16123,23,2023-02-10,225.7,2692.37
16124,23,2023-02-11,269.0,3519.66
16125,23,2023-02-12,265.7,3183.3
16126,23,2023-02-13,223.0,2461.54
16127,23,2023-02-14,225.6,2933.57
16128,23,2023-02-15,267.8,3175.12
16129,23,2023-02-16,260.3,3695.18
16130,23,2023-02-17,222.0,2257.57
16131,23,2023-02-18,234.2,3220.26
16132,23,2023-02-19,265.6,2219.98
16133,23,2023-02-20,246.9,3001.89
16134,23,2023-02-21,266.0,3695.64
16135,23,2023-02-22,242.3,3029.3
16136,23,2023-02-23,234.4,2539.23
16137,23,2023-02-24,246.5,2647.27
16138,23,2023-02-25,240.0,1952.51
16139,23,2023-02-26,235.2,2722.73
16140,23,2023-02-27,233.6,2173.67
16141,23,2023-02-28,270.5,3694.02
16142,23,2023-03-01,230.6,3128.76
16143,23,2023-03-02,252.7,2995.69
16144,23,2023-03-03,281.7,4133.13
16145,23,2023-03-04,251.4,2835.21
16146,23,2023-03-05,261.4,3425.14
16147,23,2023-03-06,248.3,2491.43
16148,23,2023-03-07,304.9,2446.76
16149,23,2023-03-08,243.7,2873.6
16150,23,2023-03-09,242.9,2085.08
16151,23,2023-03-10,243.2,2483.9
16152,23,2023-03-11,252.4,2946.64
16153,23,2023-03-12,218.9,1998.84
16154,23,2023-03-13,241.4,2541.18
16155,23,2023-03-14,208.3,2537.14
16156,23,2023-03-15,276.5,3577.63
16157,23,2023-03-16,233.0,3033.36
16158,23,2023-03-17,273.4,2458.16
16159,23,2023-03-18,228.9,2222.63
16160,23,2023-03-19,244.9,2959.4
16161,23,2023-03-20,236.1,2231.28
16162,23,2023-03-21,249.4,3726.23
16163,23,2023-03-22,219.7,1888.85
16164,23,2023-03-23,225.8,2904.98
16165,23,2023-03-24,220.2,2736.67
16166,23,2023-03-25,244.9,2860.78
16167,23,2023-03-26,246.0,2017.09
16168,23,2023-03-27,244.5,3522.23
16169,23,2023-03-28,238.7,3381.29
16170,23,2023-03-29,266.9,3346.59
16171,23,2023-03-30,248.6,2365.11
16172,23,2023-03-31,262.2,3155.36
16173,23,2023-04-01,238.5,3000.3
16174,23,2023-04-02,239.1,3498.76
16175,23,2023-04-03,270.3,2481.35
16176,23,2023-04-04,252.0,3169.69
16177,23,2023-04-05,247.1,2737.5
16178,23,2023-04-06,239.9,2600.01
16179,23,2023-04-07,258.3,2443.15
16180,23,2023-04-08,256.9,2401.03
16181,23,2023-04-09,221.7,3149.8
16182,23,2023-04-10,263.5,2189.97
16183,23,2023-04-11,228.1,2959.83
16184,23,2023-04-12,232.8,3027.54
16185,23,2023-04-13,240.4,3393.88
16186,23,2023-04-14,244.2,3586.91
16187,23,2023-04-15,253.2,3750.49
16188,23,2023-04-16,235.8,2426.49
16189,23,2023-04-17,241.9,3191.89
16190,23,2023-04-18,240.0,2957.16
16191,23,2023-04-19,266.4,3410.67
16192,23,2023-04-20,263.8,2742.59
16193,23,2023-04-21,230.5,3147.08
16194,23,2023-04-22,208.7,3040.46
16195,23,2023-04-23,227.0,3307.66
16196,23,2023-04-24,241.9,2071.68
16197,23,2023-04-25,203.6,2955.89
16198,23,2023-04-26,257.7,3794.42
16199,23,2023-04-27,260.1,3315.65
16200,23,2023-04-28,236.1,2342.82
16201,23,2023-04-29,225.5,2893.78
16202,23,2023-04-30,211.7,1750.78
16203,23,2023-05-01,249.8,2478.99
16204,23,2023-05-02,258.7,3261.69
16205,23,2023-05-03,203.4,1668.28
16206,23,2023-05-04,252.6,2995.1
16207,23,2023-05-05,240.7,2657.44
16208,23,2023-05-06,227.0,2700.3
16209,23,2023-05-07,251.8,2479.18
16210,23,2023-05-08,218.2,1965.56
16211,23,2023-05-09,224.1,2538.33
16212,23,2023-05-10,239.0,2676.64
16213,23,2023-05-11,206.9,2374.6
16214,23,2023-05-12,219.3,1867.13
16215,23,2023-05-13,230.7,2119.24
16216,23,2023-05-14,226.2,2208.72
16217,23,2023-05-15,236.0,2372.12
16218,23,2023-05-16,236.7,2552.52
16219,23,2023-05-17,242.3,2721.28
16220,23,2023-05-18,259.7,2306.16
16221,23,2023-05-19,234.5,2534.47
16222,23,2023-05-20,254.6,2220.06
16223,23,2023-05-21,240.8,2930.62
16224,23,2023-05-22,248.2,2249.97
16225,23,2023-05-23,232.7,3179.69
16226,23,2023-05-24,253.3,2738.33
16227,23,2023-05-25,211.4,2998.22
16228,23,2023-05-26,253.8,3380.3
16229,23,2023-05-27,263.8,2348.65
16230,23,2023-05-28,207.7,1894.71
16231,23,2023-05-29,285.7,3400.14
16232,23,2023-05-30,253.2,3017.49
16233,23,2023-05-31,251.4,2693.59
16234,23,2023-06-01,248.1,2916.76
16235,23,2023-06-02,241.2,2681.49
16236,23,2023-06-03,262.0,3501.89
16237,23,2023-06-04,250.0,2175.37
16238,23,2023-06-05,254.2,2860.25
16239,23,2023-06-06,229.8,2592.92
16240,23,2023-06-07,222.3,2123.13
16241,23,2023-06-08,286.5,4046.12
16242,23,2023-06-09,247.7,2347.98
16243,23,2023-06-10,226.5,2168.47
16244,23,2023-06-11,210.1,2169.08
16245,23,2023-06-12,206.4,1762.47
16246,23,2023-06-13,231.9,2011.35
16247,23,2023-06-14,252.3,3328.15
16248,23,2023-06-15,250.5,2949.15
16249,23,2023-06-16,231.8,3120.48
16250,23,2023-06-17,251.2,2754.0
16251,23,2023-06-18,226.7,3135.17
16252,23,2023-06-19,257.2,3081.02
16253,23,2023-06-20,242.8,2469.57
16254,23,2023-06-21,237.9,1999.15
16255,23,2023-06-22,205.9,1941.33
16256,23,2023-06-23,232.3,2425.91
16257,23,2023-06-24,231.5,2038.71
16258,23,2023-06-25,224.8,1931.32
16259,23,2023-06-26,232.4,3039.77
16260,23,2023-06-27,254.7,3089.6
16261,23,2023-06-28,248.5,2178.3
16262,23,2023-06-29,212.5,2144.41
16263,23,2023-06-30,223.1,2014.38
16264,23,2023-07-01,263.5,2121.75
16265,23,2023-07-02,251.3,2862.09
16266,23,2023-07-03,243.7,2312.52
16267,23,2023-07-04,288.1,3920.94
16268,23,2023-07-05,225.8,2522.26
16269,23,2023-07-06,233.6,3340.72
16270,23,2023-07-07,233.2,2251.35
16271,23,2023-07-08,223.8,2919.59
16272,23,2023-07-09,260.4,2225.96
16273,23,2023-07-10,234.0,2716.08
16274,23,2023-07-11,215.9,2260.58
16275,23,2023-07-12,206.4,2631.73
16276,23,2023-07-13,257.2,2977.79
16277,23,2023-07-14,230.6,3260.1
16278,23,2023-07-15,276.2,2948.82
16279,23,2023-07-16,252.8,2923.65
16280,23,2023-07-17,206.0,2394.7
16281,23,2023-07-18,249.9,3547.28
16282,23,2023-07-19,268.2,3307.53
16283,23,2023-07-20,245.1,2034.18
16284,23,2023-07-21,221.5,2409.36
16285,23,2023-07-22,254.4,2113.55
16286,23,2023-07-23,221.2,3040.36
16287,23,2023-07-24,244.8,2384.96
16288,23,2023-07-25,214.2,2701.03
16289,23,2023-07-26,253.8,2821.61
16290,23,2023-07-27,244.2,3448.85
16291,23,2023-07-28,257.9,2589.61
16292,23,2023-07-29,244.8,2899.88
16293,23,2023-07-30,229.1,2754.14
16294,23,2023-07-31,238.6,3234.93
16295,23,2023-08-01,207.9,2047.47
16296,23,2023-08-02,250.4,2419.66
16297,23,2023-08-03,240.6,2458.22
16298,23,2023-08-04,247.1,2701.12
16299,23,2023-08-05,238.2,2754.07
16300,23,2023-08-06,237.3,3224.73
16301,23,2023-08-07,264.8,3363.05
16302,23,2023-08-08,283.3,3001.95
16303,23,2023-08-09,260.0,2223.46
16304,23,2023-08-10,197.9,2691.65
16305,23,2023-08-11,237.9,3134.29
16306,23,2023-08-12,255.4,3024.71
16307,23,2023-08-13,253.1,2096.38
16308,23,2023-08-14,213.4,2955.77
16309,23,2023-08-15,257.1,3507.21
16310,23,2023-08-16,219.0,2282.03
16311,23,2023-08-17,260.8,2788.54
16312,23,2023-08-18,242.2,2075.62
16313,23,2023-08-19,239.2,2116.91
16314,23,2023-08-20,230.2,3419.14
16315,23,2023-08-21,263.7,2435.65
16316,23,2023-08-22,233.2,2091.88
16317,23,2023-08-23,255.0,2244.81
16318,23,2023-08-24,246.3,2986.39
16319,23,2023-08-25,245.9,3152.05
16320,23,2023-08-26,255.9,2146.86
16321,23,2023-08-27,259.4,2865.42
16322,23,2023-08-28,225.4,1927.07
16323,23,2023-08-29,256.6,2193.4
16324,23,2023-08-30,182.5,1949.21
16325,23,2023-08-31,248.2,3132.97
16326,23,2023-09-01,239.2,3223.34
16327,23,2023-09-02,236.6,2210.43
16328,23,2023-09-03,221.1,3099.53
16329,23,2023-09-04,237.1,1985.49
16330,23,2023-09-05,218.2,2714.22
16331,23,2023-09-06,233.0,2030.01
16332,23,2023-09-07,169.8,1969.54
16333,23,2023-09-08,251.2,2067.64
16334,23,2023-09-09,242.4,3504.56
16335,23,2023-09-10,212.0,2684.14
16336,23,2023-09-11,238.9,2775.88
16337,23,2023-09-12,252.7,2858.93
16338,23,2023-09-13,215.5,2763.21
16339,23,2023-09-14,235.4,2527.0
16340,23,2023-09-15,279.1,2356.16
16341,23,2023-09-16,208.7,1747.69
16342,23,2023-09-17,240.1,2475.56
16343,23,2023-09-18,243.9,2811.29
16344,23,2023-09-19,224.7,3043.5
16345,23,2023-09-20,225.6,2892.9
16346,23,2023-09-21,213.3,3189.5
16347,23,2023-09-22,241.7,3080.0
16348,23,2023-09-23,258.8,3033.74
16349,23,2023-09-24,280.2,2999.48
16350,23,2023-09-25,215.5,2146.52
16351,23,2023-09-26,254.5,2549.33
16352,23,2023-09-27,248.3,3214.99
16353,23,2023-09-28,205.7,2539.82
16354,23,2023-09-29,228.9,3337.03
16355,23,2023-09-30,265.1,2704.51
16356,23,2023-10-01,226.5,3086.93
16357,23,2023-10-02,255.8,3833.47
16358,23,2023-10-03,255.5,2295.25
16359,23,2023-10-04,271.5,3294.1
16360,23,2023-10-05,214.1,2882.83
16361,23,2023-10-06,241.6,3180.8
16362,23,2023-10-07,237.8,2004.08
16363,23,2023-10-08,208.7,2841.23
16364,23,2023-10-09,245.2,2046.61
16365,23,2023-10-10,243.3,3426.19
16366,23,2023-10-11,227.4,2632.47
16367,23,2023-10-12,228.2,2401.46
16368,23,2023-10-13,217.9,2431.87
16369,23,2023-10-14,275.5,2859.74
16370,23,2023-10-15,223.9,2830.24
16371,23,2023-10-16,228.1,3292.73
16372,23,2023-10-17,241.5,2232.66
16373,23,2023-10-18,252.9,2460.79
16374,23,2023-10-19,238.8,1947.51
16375,23,2023-10-20,209.9,2533.91
16376,23,2023-10-21,239.0,3279.68
16377,23,2023-10-22,283.7,3592.83
16378,23,2023-10-23,243.5,3346.24
16379,23,2023-10-24,227.6,2448.74
16380,23,2023-10-25,238.8,3314.99
16381,23,2023-10-26,247.9,2912.76
16382,23,2023-10-27,227.8,3258.49
16383,23,2023-10-28,257.0,3651.74
16384,23,2023-10-29,264.5,3797.4
16385,23,2023-10-30,253.2,2122.35
16386,23,2023-10-31,236.4,3152.89
16387,23,2023-11-01,236.7,3278.7
16388,23,2023-11-02,198.5,2472.68
16389,23,2023-11-03,215.5,3141.08
16390,23,2023-11-04,236.8,2445.29
16391,23,2023-11-05,242.7,2632.12
16392,23,2023-11-06,221.9,2692.12
16393,23,2023-11-07,227.9,3374.23
16394,23,2023-11-08,213.6,3108.69
16395,23,2023-11-09,246.8,2244.52
16396,23,2023-11-10,248.9,2804.5
16397,23,2023-11-11,221.4,1822.18
16398,23,2023-11-12,257.3,2810.98
16399,23,2023-11-13,226.0,2314.92
16400,23,2023-11-14,237.3,3422.13
16401,23,2023-11-15,248.2,2832.77
16402,23,2023-11-16,208.9,2931.4
16403,23,2023-11-17,220.3,1982.72
16404,23,2023-11-18,248.3,2954.85
16405,23,2023-11-19,237.2,2559.77
16406,23,2023-11-20,229.4,2150.0
16407,23,2023-11-21,218.9,1769.61
16408,23,2023-11-22,215.4,2938.7
16409,23,2023-11-23,249.3,2623.77
16410,23,2023-11-24,245.5,2795.59
16411,23,2023-11-25,238.0,3024.13
16412,23,2023-11-26,254.4,3290.13
16413,23,2023-11-27,216.0,1845.37
16414,23,2023-11-28,224.1,3136.08
16415,23,2023-11-29,236.1,3318.57
16416,23,2023-11-30,237.8,2751.55
16417,23,2023-12-01,243.2,2479.35
16418,23,2023-12-02,263.2,2344.59
16419,23,2023-12-03,230.9,2821.29
16420,23,2023-12-04,238.2,2618.15
16421,23,2023-12-05,241.1,3281.01
16422,23,2023-12-06,216.7,3212.52
16423,23,2023-12-07,217.8,2978.43
16424,23,2023-12-08,240.8,3098.71
16425,23,2023-12-09,240.1,2520.89
16426,23,2023-12-10,251.1,3701.84
16427,23,2023-12-11,232.4,2629.96
16428,23,2023-12-12,239.6,1921.05
16429,23,2023-12-13,247.9,2173.95
16430,23,2023-12-14,270.9,3709.45
16431,23,2023-12-15,219.3,1999.78
16432,23,2023-12-16,240.9,3313.33
16433,23,2023-12-17,260.3,2208.65
16434,23,2023-12-18,229.4,2226.93
16435,23,2023-12-19,252.2,2559.63
16436,23,2023-12-20,263.7,3837.81
16437,23,2023-12-21,248.4,3196.72
16438,23,2023-12-22,231.1,2044.59
16439,23,2023-12-23,253.6,3127.93
16440,23,2023-12-24,240.8,2817.2
16441,23,2023-12-25,262.9,3782.78
16442,23,2023-12-26,227.7,3022.39
16443,23,2023-12-27,222.3,3075.61
16444,23,2023-12-28,250.9,2078.64
16445,23,2023-12-29,223.9,2554.72
16446,23,2023-12-30,252.0,3242.14
16447,23,2023-12-31,247.3,2467.85
16448,23,2024-01-01,244.4,2339.39
16449,23,2024-01-02,245.8,3508.31
16450,23,2024-01-03,241.2,2678.5
16451,23,2024-01-04,247.8,2583.84
16452,23,2024-01-05,282.0,2541.01
16453,23,2024-01-06,267.2,2763.83
16454,23,2024-01-07,271.8,2432.04
16455,23,2024-01-08,235.0,3073.56
16456,23,2024-01-09,266.3,2160.81
16457,23,2024-01-10,235.9,3020.18
16458,23,2024-01-11,235.2,1958.62
16459,23,2024-01-12,245.2,2597.5
16460,23,2024-01-13,275.4,3506.0
16461,23,2024-01-14,234.7,3255.94
16462,23,2024-01-15,238.8,2495.99
16463,23,2024-01-16,264.9,2466.46
16464,23,2024-01-17,228.9,1847.65
16465,23,2024-01-18,238.6,2492.54
16466,23,2024-01-19,256.0,3515.64
16467,23,2024-01-20,247.7,2523.03
16468,23,2024-01-21,224.7,3012.79
16469,23,2024-01-22,240.5,2459.56
16470,23,2024-01-23,228.9,2130.81
16471,23,2024-01-24,231.4,2777.54
16472,23,2024-01-25,262.8,2163.16
16473,23,2024-01-26,225.0,2891.56
16474,23,2024-01-27,256.3,3414.79
16475,23,2024-01-28,231.2,3020.25
16476,23,2024-01-29,225.1,2166.25
16477,23,2024-01-30,229.1,2477.73
16478,23,2024-01-31,254.9,2216.75
16479,23,2024-02-01,229.1,1911.36
16480,23,2024-02-02,224.0,2094.63
16481,23,2024-02-03,203.7,1912.87
16482,23,2024-02-04,212.0,1815.11
16483,23,2024-02-05,260.2,3010.72
16484,23,2024-02-06,221.5,3240.36
16485,23,2024-02-07,231.2,2303.03
16486,23,2024-02-08,229.6,1857.67
16487,23,2024-02-09,236.3,2687.15
16488,23,2024-02-10,251.0,2285.46
16489,23,2024-02-11,245.5,2704.74
16490,23,2024-02-12,252.5,3571.9
16491,23,2024-02-13,210.3,2925.67
16492,23,2024-02-14,245.8,2768.18
16493,23,2024-02-15,241.7,3281.14
16494,23,2024-02-16,261.7,2774.7
16495,23,2024-02-17,240.8,2930.71
16496,23,2024-02-18,246.0,2574.34
16497,23,2024-02-19,234.1,3242.57
16498,23,2024-02-20,247.4,2679.85
16499,23,2024-02-21,242.1,2726.35
16500,23,2024-02-22,240.6,2810.39
16501,23,2024-02-23,229.6,2885.15
16502,23,2024-02-24,234.5,2072.81
16503,23,2024-02-25,211.3,1913.35
16504,23,2024-02-26,212.0,2685.84
16505,23,2024-02-27,247.6,2413.17
16506,23,2024-02-28,225.8,2260.12
16507,23,2024-02-29,218.8,2415.39
16508,23,2024-03-01,229.1,1961.36
16509,23,2024-03-02,200.9,2082.55
16510,23,2024-03-03,220.8,2787.42
16511,23,2024-03-04,224.4,2206.64
16512,23,2024-03-05,261.8,3000.41
16513,23,2024-03-06,249.1,2059.25
16514,23,2024-03-07,260.7,2961.54
16515,23,2024-03-08,203.1,2332.08
16516,23,2024-03-09,227.8,2078.82
16517,23,2024-03-10,253.6,2274.38
16518,23,2024-03-11,217.8,3154.93
16519,23,2024-03-12,250.8,2571.0
16520,23,2024-03-13,202.8,2300.49
16521,23,2024-03-14,240.8,3047.74
16522,23,2024-03-15,259.4,2176.68
16523,23,2024-03-16,227.3,3353.37
16524,23,2024-03-17,244.1,3319.08
16525,23,2024-03-18,253.1,2324.47
16526,23,2024-03-19,236.9,3539.25
16527,23,2024-03-20,226.7,2664.64
16528,23,2024-03-21,242.7,3149.92
16529,23,2024-03-22,212.0,2064.48
16530,23,2024-03-23,274.3,2651.8
16531,23,2024-03-24,256.9,3479.05
16532,23,2024-03-25,228.8,3177.51
16533,23,2024-03-26,245.7,2930.95
16534,23,2024-03-27,265.4,2147.24
16535,23,2024-03-28,218.9,3021.2
16536,23,2024-03-29,251.6,2988.58
16537,23,2024-03-30,244.2,3545.96
16538,23,2024-03-31,271.0,2672.31
16539,23,2024-04-01,238.2,2775.8
16540,23,2024-04-02,223.2,2272.62
16541,23,2024-04-03,205.3,1645.43
16542,23,2024-04-04,246.0,3668.39
16543,23,2024-04-05,259.6,3602.7
16544,23,2024-04-06,235.6,3224.53
16545,23,2024-04-07,255.5,2700.41
16546,23,2024-04-08,234.8,2549.68
16547,23,2024-04-09,229.9,3426.83
16548,23,2024-04-10,204.6,2458.08
16549,23,2024-04-11,226.3,3324.61
16550,23,2024-04-12,251.2,2032.67
16551,23,2024-04-13,239.8,3236.5
16552,23,2024-04-14,223.6,2420.65
16553,23,2024-04-15,203.1,1725.77
16554,23,2024-04-16,231.8,2893.68
16555,23,2024-04-17,222.3,2513.84
16556,23,2024-04-18,258.3,3276.11
16557,23,2024-04-19,237.0,3549.81
16558,23,2024-04-20,247.9,2547.55
16559,23,2024-04-21,216.4,2574.51
16560,23,2024-04-22,237.8,2795.64
16561,23,2024-04-23,211.9,1991.17
16562,23,2024-04-24,218.8,1980.44
16563,23,2024-04-25,257.7,3125.99
16564,23,2024-04-26,237.1,3344.49
16565,23,2024-04-27,234.1,3242.54
16566,23,2024-04-28,245.1,2050.87
16567,23,2024-04-29,191.5,1806.54
16568,23,2024-04-30,229.9,2544.24
16569,23,2024-05-01,262.7,3699.78
16570,23,2024-05-02,231.4,2915.77
16571,23,2024-05-03,219.9,2644.17
16572,23,2024-05-04,241.8,2399.19
16573,23,2024-05-05,225.3,2805.49
16574,23,2024-05-06,230.7,2788.03
16575,23,2024-05-07,222.0,2977.08
16576,23,2024-05-08,219.4,2973.12
16577,23,2024-05-09,212.7,1784.52
16578,23,2024-05-10,235.6,2332.89
16579,23,2024-05-11,249.1,3244.9
16580,23,2024-05-12,265.9,3005.33
16581,23,2024-05-13,233.6,2006.32
16582,23,2024-05-14,268.2,2295.41
16583,23,2024-05-15,244.4,2432.29
16584,23,2024-05-16,257.3,3422.81
16585,23,2024-05-17,243.1,3629.29
16586,23,2024-05-18,217.9,1972.2
16587,23,2024-05-19,233.9,2923.4
16588,23,2024-05-20,213.4,1746.72
16589,23,2024-05-21,219.1,2122.84
16590,23,2024-05-22,235.8,3062.89
16591,23,2024-05-23,253.3,2142.22
16592,23,2024-05-24,254.0,3431.03
16593,23,2024-05-25,217.1,2374.16
16594,23,2024-05-26,184.3,2580.36
16595,23,2024-05-27,235.8,3263.0
16596,23,2024-05-28,275.5,3757.51
16597,23,2024-05-29,235.6,1954.13
16598,23,2024-05-30,231.9,2354.08
16599,23,2024-05-31,202.5,2579.81
16600,23,2024-06-01,216.0,2476.71
16601,23,2024-06-02,208.3,2874.72
16602,23,2024-06-03,225.4,2195.13
16603,23,2024-06-04,237.4,2426.94
16604,23,2024-06-05,222.9,2895.16
16605,23,2024-06-06,225.6,2564.02
16606,23,2024-06-07,213.7,3040.6
16607,23,2024-06-08,221.5,2452.19
16608,23,2024-06-09,244.3,2882.57
16609,23,2024-06-10,247.6,2773.48
16610,23,2024-06-11,269.6,3601.26
16611,23,2024-06-12,237.3,3365.02
16612,23,2024-06-13,239.5,2575.31
16613,23,2024-06-14,203.8,2893.73
16614,23,2024-06-15,246.7,2787.09
16615,23,2024-06-16,257.2,3493.06
16616,23,2024-06-17,237.5,2434.96
16617,23,2024-06-18,210.2,1738.37
16618,23,2024-06-19,214.6,2365.64
16619,23,2024-06-20,231.0,3121.97
16620,23,2024-06-21,229.3,2628.5
16621,23,2024-06-22,212.5,2988.74
16622,23,2024-06-23,226.0,3238.21
16623,23,2024-06-24,251.4,2829.46
16624,23,2024-06-25,235.9,2064.29
16625,23,2024-06-26,205.5,2576.55
16626,23,2024-06-27,255.5,2952.0
16627,23,2024-06-28,213.1,1825.49
16628,23,2024-06-29,222.0,2992.04
16629,23,2024-06-30,238.4,2169.8
16630,23,2024-07-01,261.0,2569.28
16631,23,2024-07-02,236.5,2325.92
16632,23,2024-07-03,221.8,3260.9
16633,23,2024-07-04,244.4,3298.73
16634,23,2024-07-05,236.5,3088.85
16635,23,2024-07-06,242.2,1956.21
16636,23,2024-07-07,257.6,2769.01
16637,23,2024-07-08,228.3,2578.12
16638,23,2024-07-09,206.5,1836.63
16639,23,2024-07-10,243.1,3304.32
16640,23,2024-07-11,246.3,2447.25
16641,23,2024-07-12,189.2,2620.43
16642,23,2024-07-13,224.1,2861.84
16643,23,2024-07-14,249.7,2376.23
16644,23,2024-07-15,253.1,3628.33
16645,23,2024-07-16,197.8,2489.09
16646,23,2024-07-17,230.0,2180.7
16647,23,2024-07-18,207.8,2384.62
16648,23,2024-07-19,231.6,2095.0
16649,23,2024-07-20,232.1,1891.07
16650,23,2024-07-21,200.2,2674.02
16651,23,2024-07-22,241.4,1968.94
16652,23,2024-07-23,229.0,2685.23
16653,23,2024-07-24,220.5,2856.01
16654,23,2024-07-25,249.5,3254.65
16655,23,2024-07-26,207.6,2802.31
16656,23,2024-07-27,261.9,3246.9
16657,23,2024-07-28,258.8,2513.38
16658,23,2024-07-29,241.4,2323.77
16659,23,2024-07-30,221.1,2290.86
16660,23,2024-07-31,230.9,2503.83
16661,23,2024-08-01,201.3,2888.26
16662,23,2024-08-02,233.8,2336.5
16663,23,2024-08-03,230.8,3007.29
16664,23,2024-08-04,257.1,2256.03
16665,23,2024-08-05,245.2,3105.47
16666,23,2024-08-06,235.4,3234.77
16667,23,2024-08-07,250.2,2616.46
16668,23,2024-08-08,221.7,2526.22
16669,23,2024-08-09,233.0,2705.62
16670,23,2024-08-10,207.3,2561.36
16671,23,2024-08-11,226.4,3370.85
16672,23,2024-08-12,249.0,3469.95
16673,23,2024-08-13,206.8,1758.16
16674,23,2024-08-14,224.5,2163.91
16675,23,2024-08-15,227.3,2037.92
16676,23,2024-08-16,246.8,2013.8
16677,23,2024-08-17,214.9,1872.67
16678,23,2024-08-18,220.4,3230.22
16679,23,2024-08-19,236.3,2027.18
16680,23,2024-08-20,246.5,2026.11
16681,23,2024-08-21,238.2,2008.77
16682,23,2024-08-22,216.2,2589.26
16683,23,2024-08-23,215.4,2460.15
16684,23,2024-08-24,242.0,3568.99
16685,23,2024-08-25,244.0,2836.5
16686,23,2024-08-26,249.1,2680.21
16687,23,2024-08-27,264.4,3141.07
16688,23,2024-08-28,228.3,3048.48
16689,23,2024-08-29,235.4,2877.57
16690,23,2024-08-30,239.1,2592.61
16691,23,2024-08-31,224.1,2608.19
16692,23,2024-09-01,210.2,1733.22
16693,23,2024-09-02,256.0,3798.51
16694,23,2024-09-03,232.3,3249.54
16695,23,2024-09-04,227.4,2445.69
16696,23,2024-09-05,227.7,2181.2
16697,23,2024-09-06,222.1,2466.69
16698,23,2024-09-07,238.6,2377.26
16699,23,2024-09-08,259.4,3752.42
16700,23,2024-09-09,241.9,3567.66
16701,23,2024-09-10,252.1,3061.91
16702,23,2024-09-11,225.9,2901.66
16703,23,2024-09-12,234.9,2432.18
16704,23,2024-09-13,246.3,2554.37
16705,23,2024-09-14,249.4,3269.28
16706,23,2024-09-15,255.9,2499.94
16707,23,2024-09-16,244.0,2462.25
16708,23,2024-09-17,217.9,2082.06
16709,23,2024-09-18,223.9,2459.73
16710,23,2024-09-19,225.7,2217.41
16711,23,2024-09-20,239.7,3165.68
16712,23,2024-09-21,246.4,2667.88
16713,23,2024-09-22,233.8,2144.43
16714,23,2024-09-23,283.3,2361.12
16715,23,2024-09-24,218.7,1837.09
16716,23,2024-09-25,240.5,2667.43
16717,23,2024-09-26,250.3,3532.47
16718,23,2024-09-27,248.3,2332.76
16719,23,2024-09-28,238.4,2739.77
16720,23,2024-09-29,228.1,1931.2
16721,23,2024-09-30,229.5,2688.11
16722,23,2024-10-01,212.3,3106.92
16723,23,2024-10-02,230.5,2208.73
16724,23,2024-10-03,203.8,2427.42
16725,23,2024-10-04,235.9,2729.9
16726,23,2024-10-05,249.9,3311.59
16727,23,2024-10-06,267.7,3676.58
16728,23,2024-10-07,247.5,3080.44
16729,23,2024-10-08,259.4,2170.33
16730,23,2024-10-09,249.3,2661.03
16731,23,2024-10-10,207.6,2130.93
16732,23,2024-10-11,236.3,3076.88
16733,23,2024-10-12,211.8,3085.38
16734,23,2024-10-13,268.4,3602.86
16735,23,2024-10-14,227.9,3224.19
16736,23,2024-10-15,199.1,1623.92
16737,23,2024-10-16,204.3,1725.31
16738,23,2024-10-17,241.6,3476.8
16739,23,2024-10-18,223.5,3097.56
16740,23,2024-10-19,242.3,2186.54
16741,23,2024-10-20,267.6,3140.96
16742,23,2024-10-21,229.1,3197.86
16743,23,2024-10-22,210.2,3042.23
16744,23,2024-10-23,271.7,2242.42
16745,23,2024-10-24,274.5,3802.87
16746,23,2024-10-25,229.7,2708.03
16747,23,2024-10-26,229.1,2341.2
16748,23,2024-10-27,251.7,3729.66
16749,23,2024-10-28,216.7,3065.22
16750,23,2024-10-29,268.7,3434.84
16751,23,2024-10-30,259.3,3414.95
16752,23,2024-10-31,248.7,2848.21
16753,23,2024-11-01,249.0,2859.11
16754,23,2024-11-02,229.3,2181.19
16755,23,2024-11-03,222.1,2901.85
16756,23,2024-11-04,233.0,2071.32
16757,23,2024-11-05,223.7,2164.58
16758,23,2024-11-06,260.6,3623.28
16759,23,2024-11-07,232.7,2805.99
16760,23,2024-11-08,242.5,2352.32
16761,23,2024-11-09,198.8,2767.02
16762,23,2024-11-10,262.6,2794.33
16763,23,2024-11-11,209.9,1812.15
16764,23,2024-11-12,243.7,2018.31
16765,23,2024-11-13,209.3,3129.57
16766,23,2024-11-14,226.6,3078.55
16767,23,2024-11-15,251.4,2473.24
16768,23,2024-11-16,244.4,3460.04
16769,23,2024-11-17,211.7,1909.86
16770,23,2024-11-18,247.6,3516.03
16771,23,2024-11-19,214.1,2618.08
16772,23,2024-11-20,220.0,2924.1
16773,23,2024-11-21,205.4,1726.25
16774,23,2024-11-22,232.0,2364.84
16775,23,2024-11-23,225.4,2201.06
16776,23,2024-11-24,257.9,2100.55
16777,23,2024-11-25,271.4,2532.53
16778,23,2024-11-26,231.3,2719.74
16779,23,2024-11-27,265.4,3722.47
16780,23,2024-11-28,219.1,2223.71
16781,23,2024-11-29,237.6,1962.35
16782,23,2024-11-30,242.8,3287.62
16783,23,2024-12-01,245.4,2518.84
16784,23,2024-12-02,231.8,2813.93
16785,23,2024-12-03,264.1,3391.07
16786,23,2024-12-04,228.4,3167.63
16787,23,2024-12-05,192.6,2262.24
16788,23,2024-12-06,236.2,2468.21
16789,23,2024-12-07,236.2,1969.24
16790,23,2024-12-08,206.7,1706.38
16791,23,2024-12-09,235.5,2555.42
16792,23,2024-12-10,222.5,2549.24
16793,23,2024-12-11,207.4,2179.73
16794,23,2024-12-12,216.3,2023.11
16795,23,2024-12-13,218.5,2538.96
16796,23,2024-12-14,237.7,2694.74
16797,23,2024-12-15,219.6,2838.16
16798,23,2024-12-16,225.7,2705.06
16799,23,2024-12-17,220.1,2980.17
16800,23,2024-12-18,245.2,2462.96
16801,23,2024-12-19,245.4,2381.89
16802,23,2024-12-20,210.6,2575.54
16803,23,2024-12-21,217.0,3087.61
16804,23,2024-12-22,205.2,2360.55
16805,23,2024-12-23,207.1,1847.5
16806,23,2024-12-24,239.4,2607.93
16807,23,2024-12-25,223.2,2757.12
16808,23,2024-12-26,242.9,3425.92
16809,23,2024-12-27,230.8,3253.64
16810,23,2024-12-28,231.9,3293.01
16811,23,2024-12-29,217.0,2460.52
16812,23,2024-12-30,233.3,2210.75
16813,23,2024-12-31,264.8,3356.32
16814,24,2023-01-01,297.2,3601.3
16815,24,2023-01-02,314.0,4678.16
16816,24,2023-01-03,327.2,2688.3
16817,24,2023-01-04,290.0,3560.8
16818,24,2023-01-05,344.0,3497.32
16819,24,2023-01-06,320.1,4587.95
16820,24,2023-01-07,289.3,2685.76
16821,24,2023-01-08,302.7,3136.8
16822,24,2023-01-09,279.9,3000.26
16823,24,2023-01-10,326.7,4829.36
16824,24,2023-01-11,337.5,3138.19
16825,24,2023-01-12,254.5,3673.13
16826,24,2023-01-13,353.1,2850.69
16827,24,2023-01-14,307.4,3805.78
16828,24,2023-01-15,314.9,3312.46
16829,24,2023-01-16,312.6,3951.59
16830,24,2023-01-17,335.7,4210.97
16831,24,2023-01-18,291.7,3982.67
16832,24,2023-01-19,302.5,3033.63
16833,24,2023-01-20,315.8,3308.53
16834,24,2023-01-21,333.9,4060.67
16835,24,2023-01-22,340.9,4689.04
16836,24,2023-01-23,331.0,3018.05
16837,24,2023-01-24,304.5,4269.95
16838,24,2023-01-25,322.7,3079.64
16839,24,2023-01-26,309.2,3175.88
16840,24,2023-01-27,296.8,4420.18
16841,24,2023-01-28,312.1,3262.08
16842,24,2023-01-29,374.1,3225.56
16843,24,2023-01-30,291.0,3846.36
16844,24,2023-01-31,293.5,3950.7
16845,24,2023-02-01,307.2,3350.27
16846,24,2023-02-02,332.6,4793.58
16847,24,2023-02-03,269.5,3221.41
16848,24,2023-02-04,327.8,4898.48
16849,24,2023-02-05,295.8,4339.83
16850,24,2023-02-06,325.6,4842.17
16851,24,2023-02-07,315.8,4479.47
16852,24,2023-02-08,301.4,2495.11
16853,24,2023-02-09,277.0,3524.39
16854,24,2023-02-10,333.5,4800.9
16855,24,2023-02-11,241.7,3492.99
16856,24,2023-02-12,306.2,4537.91
16857,24,2023-02-13,301.2,4017.37
16858,24,2023-02-14,291.9,3922.65
16859,24,2023-02-15,317.9,3325.36
16860,24,2023-02-16,332.7,3047.1
16861,24,2023-02-17,308.9,3036.25
16862,24,2023-02-18,291.7,4033.44
16863,24,2023-02-19,339.0,3992.43
16864,24,2023-02-20,284.1,3349.21
16865,24,2023-02-21,304.6,4240.42
16866,24,2023-02-22,335.2,3534.36
16867,24,2023-02-23,302.6,3476.46
16868,24,2023-02-24,275.2,3123.69
16869,24,2023-02-25,313.8,4461.62
16870,24,2023-02-26,339.7,3939.81
16871,24,2023-02-27,295.7,4162.67
16872,24,2023-02-28,298.5,2505.62
16873,24,2023-03-01,332.8,2708.63
16874,24,2023-03-02,246.1,2856.66
16875,24,2023-03-03,340.3,4699.52
16876,24,2023-03-04,293.7,3758.39
16877,24,2023-03-05,270.0,3760.52
16878,24,2023-03-06,303.3,3151.65
16879,24,2023-03-07,323.3,4794.78
16880,24,2023-03-08,300.9,4299.42
16881,24,2023-03-09,280.9,4120.29
16882,24,2023-03-10,332.2,4696.39
16883,24,2023-03-11,305.0,2589.17
16884,24,2023-03-12,266.7,3913.67
16885,24,2023-03-13,268.8,2700.8
16886,24,2023-03-14,317.3,4717.18
16887,24,2023-03-15,275.1,3163.4
16888,24,2023-03-16,352.3,3061.8
16889,24,2023-03-17,310.4,3595.92
16890,24,2023-03-18,288.5,3033.4
16891,24,2023-03-19,287.9,4205.63
16892,24,2023-03-20,309.3,3110.43
16893,24,2023-03-21,344.9,3416.77
16894,24,2023-03-22,292.9,3237.45
16895,24,2023-03-23,301.6,4090.21
16896,24,2023-03-24,316.5,2881.27
16897,24,2023-03-25,302.0,2910.57
16898,24,2023-03-26,274.2,3927.33
16899,24,2023-03-27,309.3,3782.92
16900,24,2023-03-28,292.3,2473.58
16901,24,2023-03-29,300.6,3926.0
16902,24,2023-03-30,348.7,4808.4
16903,24,2023-03-31,301.8,2965.74
16904,24,2023-04-01,256.3,2411.74
16905,24,2023-04-02,299.4,2413.97
16906,24,2023-04-03,305.3,3059.02
16907,24,2023-04-04,322.3,3502.08
16908,24,2023-04-05,312.9,4335.29
16909,24,2023-04-06,312.4,4294.52
16910,24,2023-04-07,314.6,3752.73
16911,24,2023-04-08,325.9,3609.54
16912,24,2023-04-09,273.5,2198.46
16913,24,2023-04-10,359.0,2907.16
16914,24,2023-04-11,297.9,3678.6
16915,24,2023-04-12,281.8,3104.42
16916,24,2023-04-13,316.8,4672.32
16917,24,2023-04-14,300.5,3140.04
16918,24,2023-04-15,329.3,2920.43
16919,24,2023-04-16,293.0,2638.89
16920,24,2023-04-17,332.8,4050.16
16921,24,2023-04-18,282.1,3622.53
16922,24,2023-04-19,352.0,4655.84
16923,24,2023-04-20,306.1,4145.34
16924,24,2023-04-21,343.0,2804.91
16925,24,2023-04-22,278.6,2756.29
16926,24,2023-04-23,324.3,2801.78
16927,24,2023-04-24,323.6,2958.01
16928,24,2023-04-25,302.2,2849.1
16929,24,2023-04-26,256.8,3211.36
16930,24,2023-04-27,324.5,3554.52
16931,24,2023-04-28,298.6,3584.8
16932,24,2023-04-29,337.9,3462.68
16933,24,2023-04-30,330.0,3556.84
16934,24,2023-05-01,337.7,3354.31
16935,24,2023-05-02,319.8,2855.2
16936,24,2023-05-03,309.2,4203.45
16937,24,2023-05-04,343.8,5064.08
16938,24,2023-05-05,369.8,4526.68
16939,24,2023-05-06,306.9,2991.82
16940,24,2023-05-07,337.1,4335.83
16941,24,2023-05-08,290.4,3373.49
16942,24,2023-05-09,280.6,3367.19
16943,24,2023-05-10,290.7,3870.31
16944,24,2023-05-11,288.8,3786.21
16945,24,2023-05-12,325.0,4115.75
16946,24,2023-05-13,294.9,4335.95
16947,24,2023-05-14,282.3,3649.77
16948,24,2023-05-15,282.5,4095.8
16949,24,2023-05-16,318.9,3416.16
16950,24,2023-05-17,324.8,4229.94
16951,24,2023-05-18,320.8,4086.11
16952,24,2023-05-19,323.7,2696.4
16953,24,2023-05-20,298.2,4392.18
16954,24,2023-05-21,357.2,4375.27
16955,24,2023-05-22,298.7,3761.09
16956,24,2023-05-23,293.3,2994.04
16957,24,2023-05-24,324.1,3906.87
16958,24,2023-05-25,297.7,2595.97
16959,24,2023-05-26,292.8,3482.68
16960,24,2023-05-27,299.6,2760.26
16961,24,2023-05-28,310.9,2616.42
16962,24,2023-05-29,332.0,3355.38
16963,24,2023-05-30,266.7,3091.2
16964,24,2023-05-31,332.1,4771.19
16965,24,2023-06-01,272.2,3739.95
16966,24,2023-06-02,275.0,2813.95
16967,24,2023-06-03,312.1,2796.85
16968,24,2023-06-04,268.1,3411.27
16969,24,2023-06-05,292.0,2558.11
16970,24,2023-06-06,328.8,4550.04
16971,24,2023-06-07,323.7,4654.72
16972,24,2023-06-08,331.8,3790.38
16973,24,2023-06-09,290.4,3411.52
16974,24,2023-06-10,298.5,2417.92
16975,24,2023-06-11,273.1,2888.62
16976,24,2023-06-12,299.2,3807.59
16977,24,2023-06-13,272.0,4062.17
16978,24,2023-06-14,274.0,3570.07
16979,24,2023-06-15,370.3,4569.83
16980,24,2023-06-16,316.1,2583.46
16981,24,2023-06-17,310.3,3273.74
16982,24,2023-06-18,288.9,2422.98
16983,24,2023-06-19,286.8,4133.44
16984,24,2023-06-20,294.8,2777.34
16985,24,2023-06-21,313.3,3650.77
16986,24,2023-06-22,280.0,3368.71
16987,24,2023-06-23,273.2,3675.58
16988,24,2023-06-24,243.5,2322.52
16989,24,2023-06-25,316.6,2953.71
16990,24,2023-06-26,301.7,3034.51
16991,24,2023-06-27,294.5,2399.05
16992,24,2023-06-28,279.5,3709.09
16993,24,2023-06-29,294.6,4387.25
16994,24,2023-06-30,337.2,4300.23
16995,24,2023-07-01,285.4,3955.91
16996,24,2023-07-02,319.4,4668.31
16997,24,2023-07-03,323.2,4274.83
16998,24,2023-07-04,277.7,2815.01
16999,24,2023-07-05,281.5,2592.98
17000,24,2023-07-06,302.9,2553.44
17001,24,2023-07-07,354.5,5109.71
17002,24,2023-07-08,328.4,3873.37
17003,24,2023-07-09,302.8,3985.78
17004,24,2023-07-10,329.3,2668.08
17005,24,2023-07-11,253.8,2083.96
17006,24,2023-07-12,300.7,4038.7
17007,24,2023-07-13,252.7,3447.42
17008,24,2023-07-14,308.1,3428.63
17009,24,2023-07-15,321.6,4411.26
17010,24,2023-07-16,291.1,2659.83
17011,24,2023-07-17,290.0,3039.24
17012,24,2023-07-18,303.2,3977.58
17013,24,2023-07-19,293.0,3383.99
17014,24,2023-07-20,296.4,3485.63
17015,24,2023-07-21,331.9,4271.44
17016,24,2023-07-22,322.9,4493.9
17017,24,2023-07-23,312.9,3292.34
17018,24,2023-07-24,268.2,3951.48
17019,24,2023-07-25,317.3,4247.11
17020,24,2023-07-26,302.1,3936.58
17021,24,2023-07-27,232.1,2712.33
17022,24,2023-07-28,293.1,2947.74
17023,24,2023-07-29,296.4,2518.78
17024,24,2023-07-30,337.2,4310.03
17025,24,2023-07-31,326.9,4400.93
17026,24,2023-08-01,295.9,2668.39
17027,24,2023-08-02,343.5,4113.89
17028,24,2023-08-03,324.8,3766.56
17029,24,2023-08-04,285.7,3820.92
17030,24,2023-08-05,285.1,2317.97
17031,24,2023-08-06,307.2,4471.53
17032,24,2023-08-07,341.0,5108.16
17033,24,2023-08-08,280.4,3175.89
17034,24,2023-08-09,346.8,3270.46
17035,24,2023-08-10,307.9,4198.66
17036,24,2023-08-11,281.8,2770.88
17037,24,2023-08-12,339.1,4867.3
17038,24,2023-08-13,251.4,2255.31
17039,24,2023-08-14,307.9,2548.75
17040,24,2023-08-15,300.7,3786.51
17041,24,2023-08-16,271.7,3063.58
17042,24,2023-08-17,341.4,4774.87
17043,24,2023-08-18,291.4,3376.15
17044,24,2023-08-19,288.4,3134.21
17045,24,2023-08-20,322.6,4651.9
17046,24,2023-08-21,306.8,2947.98
17047,24,2023-08-22,282.3,4092.05
17048,24,2023-08-23,291.0,3138.57
17049,24,2023-08-24,337.3,3909.29
17050,24,2023-08-25,297.6,2630.57
17051,24,2023-08-26,352.8,4598.86
17052,24,2023-08-27,279.6,3500.38
17053,24,2023-08-28,294.3,3866.26
17054,24,2023-08-29,285.9,4049.21
17055,24,2023-08-30,320.3,2910.68
17056,24,2023-08-31,354.3,4193.7
17057,24,2023-09-01,304.8,3396.49
17058,24,2023-09-02,309.1,4262.95
17059,24,2023-09-03,293.0,3426.69
17060,24,2023-09-04,269.3,3105.44
17061,24,2023-09-05,297.6,2498.3
17062,24,2023-09-06,314.2,4528.74
17063,24,2023-09-07,289.5,3392.1
17064,24,2023-09-08,271.4,4025.61
17065,24,2023-09-09,244.2,2951.27
17066,24,2023-09-10,342.6,5069.45
17067,24,2023-09-11,292.5,3985.25
17068,24,2023-09-12,312.9,4345.55
17069,24,2023-09-13,329.2,3649.73
17070,24,2023-09-14,334.8,4182.22
17071,24,2023-09-15,288.7,2829.94
17072,24,2023-09-16,311.7,2917.44
17073,24,2023-09-17,314.5,3508.72
17074,24,2023-09-18,325.0,4479.23
17075,24,2023-09-19,314.2,2682.46
17076,24,2023-09-20,308.7,3570.32
17077,24,2023-09-21,279.5,2876.02
17078,24,2023-09-22,319.1,3489.18
17079,24,2023-09-23,301.9,3456.98
17080,24,2023-09-24,338.5,3729.4
17081,24,2023-09-25,319.3,2886.91
17082,24,2023-09-26,257.7,2845.03
17083,24,2023-09-27,277.8,2833.91
17084,24,2023-09-28,292.7,3011.93
17085,24,2023-09-29,301.1,4028.76
17086,24,2023-09-30,357.4,4614.19
17087,24,2023-10-01,322.2,4488.75
17088,24,2023-10-02,285.3,3477.85
17089,24,2023-10-03,322.9,3940.32
17090,24,2023-10-04,307.3,3579.23
17091,24,2023-10-05,323.1,2862.76
17092,24,2023-10-06,294.7,3334.1
17093,24,2023-10-07,360.3,4525.92
17094,24,2023-10-08,341.9,3945.94
17095,24,2023-10-09,318.0,4007.18
17096,24,2023-10-10,291.7,4086.55
17097,24,2023-10-11,323.0,4198.55
17098,24,2023-10-12,268.6,2869.52
17099,24,2023-10-13,344.0,4037.72
17100,24,2023-10-14,337.1,4184.13
17101,24,2023-10-15,314.8,3257.87
17102,24,2023-10-16,279.7,3123.11
17103,24,2023-10-17,294.3,3634.88
17104,24,2023-10-18,251.5,3487.6
17105,24,2023-10-19,252.3,2879.64
17106,24,2023-10-20,297.5,3814.2
17107,24,2023-10-21,277.5,3313.8
17108,24,2023-10-22,258.1,2596.24
17109,24,2023-10-23,291.4,3050.55
17110,24,2023-10-24,293.4,2446.75
17111,24,2023-10-25,271.8,2892.67
17112,24,2023-10-26,309.8,3062.52
17113,24,2023-10-27,326.9,4064.72
17114,24,2023-10-28,311.3,3672.21
17115,24,2023-10-29,300.5,2662.49
17116,24,2023-10-30,302.5,2620.91
17117,24,2023-10-31,295.4,3463.7
17118,24,2023-11-01,291.0,2561.56
17119,24,2023-11-02,310.6,4446.85
17120,24,2023-11-03,312.0,3649.05
17121,24,2023-11-04,302.6,4532.8
17122,24,2023-11-05,291.8,4128.86
17123,24,2023-11-06,279.0,2989.36
17124,24,2023-11-07,263.6,3463.94
17125,24,2023-11-08,279.0,3690.72
17126,24,2023-11-09,291.5,3266.27
17127,24,2023-11-10,293.7,3733.35
17128,24,2023-11-11,366.6,4229.75
17129,24,2023-11-12,323.7,3980.09
17130,24,2023-11-13,310.6,3918.6
17131,24,2023-11-14,317.3,2920.35
17132,24,2023-11-15,358.7,3712.92
17133,24,2023-11-16,285.0,3089.77
17134,24,2023-11-17,344.8,4590.65
17135,24,2023-11-18,243.6,2529.08
17136,24,2023-11-19,296.5,2730.69
17137,24,2023-11-20,275.6,3048.28
17138,24,2023-11-21,261.9,3327.23
17139,24,2023-11-22,336.3,4196.51
17140,24,2023-11-23,296.0,2761.08
17141,24,2023-11-24,291.8,4266.49
17142,24,2023-11-25,296.3,4209.72
17143,24,2023-11-26,305.0,4490.32
17144,24,2023-11-27,281.4,3722.75
17145,24,2023-11-28,261.4,2602.13
17146,24,2023-11-29,300.1,3947.37
17147,24,2023-11-30,305.1,2699.41
17148,24,2023-12-01,338.4,4919.58
17149,24,2023-12-02,299.1,2511.47
17150,24,2023-12-03,303.4,3565.29
17151,24,2023-12-04,276.8,2383.26
17152,24,2023-12-05,276.9,4062.63
17153,24,2023-12-06,310.3,3189.21
17154,24,2023-12-07,319.9,4509.82
17155,24,2023-12-08,328.1,3702.78
17156,24,2023-12-09,308.7,3551.84
17157,24,2023-12-10,281.0,3364.76
17158,24,2023-12-11,263.6,3856.9
17159,24,2023-12-12,274.7,2210.94
17160,24,2023-12-13,308.6,4306.82
17161,24,2023-12-14,266.0,3618.76
17162,24,2023-12-15,275.3,4024.53
17163,24,2023-12-16,283.5,3044.91
17164,24,2023-12-17,314.3,4185.27
17165,24,2023-12-18,333.6,2777.41
17166,24,2023-12-19,302.1,3021.51
17167,24,2023-12-20,306.8,2461.35
17168,24,2023-12-21,299.3,3040.22
17169,24,2023-12-22,296.0,2834.7
17170,24,2023-12-23,311.7,4086.64
17171,24,2023-12-24,296.2,4332.87
17172,24,2023-12-25,342.0,3221.01
17173,24,2023-12-26,305.2,3228.09
17174,24,2023-12-27,307.9,4201.84
17175,24,2023-12-28,299.9,3292.87
17176,24,2023-12-29,320.9,3777.89
17177,24,2023-12-30,282.6,2460.45
17178,24,2023-12-31,276.1,3071.88
17179,24,2024-01-01,317.1,4176.84
17180,24,2024-01-02,304.9,3982.8
17181,24,2024-01-03,317.4,4643.04
17182,24,2024-01-04,292.4,4246.86
17183,24,2024-01-05,303.2,3790.65
17184,24,2024-01-06,289.2,2911.37
17185,24,2024-01-07,298.5,3063.31
17186,24,2024-01-08,263.5,3812.89
17187,24,2024-01-09,249.8,3092.61
17188,24,2024-01-10,266.7,2284.79
17189,24,2024-01-11,319.9,3620.88
17190,24,2024-01-12,319.1,4686.85
17191,24,2024-01-13,342.9,4961.84
17192,24,2024-01-14,317.7,4023.29
17193,24,2024-01-15,290.6,3806.15
17194,24,2024-01-16,299.0,4411.31
17195,24,2024-01-17,249.1,2898.01
17196,24,2024-01-18,290.8,3809.61
17197,24,2024-01-19,303.0,2683.3
17198,24,2024-01-20,324.9,4127.41
17199,24,2024-01-21,300.9,2604.26
17200,24,2024-01-22,272.3,3301.32
17201,24,2024-01-23,323.1,4394.49
17202,24,2024-01-24,287.7,4311.94
17203,24,2024-01-25,279.9,2588.93
17204,24,2024-01-26,297.4,3622.9
17205,24,2024-01-27,287.3,3189.53
17206,24,2024-01-28,302.8,3545.68
17207,24,2024-01-29,315.3,2877.94
17208,24,2024-01-30,290.7,2841.96
17209,24,2024-01-31,291.1,3801.53
17210,24,2024-02-01,315.4,3467.85
17211,24,2024-02-02,315.4,4388.37
17212,24,2024-02-03,304.9,2586.59
17213,24,2024-02-04,295.9,3092.75
17214,24,2024-02-05,329.3,4184.55
17215,24,2024-02-06,282.7,3013.69
17216,24,2024-02-07,315.6,4455.21
17217,24,2024-02-08,281.6,3254.8
17218,24,2024-02-09,301.9,4083.37
17219,24,2024-02-10,268.8,2987.31
17220,24,2024-02-11,302.6,4378.46
17221,24,2024-02-12,330.9,4467.14
17222,24,2024-02-13,321.2,2773.3
17223,24,2024-02-14,254.4,2283.36
17224,24,2024-02-15,329.6,3104.68
17225,24,2024-02-16,286.2,2915.82
17226,24,2024-02-17,311.0,3108.3
17227,24,2024-02-18,298.4,3987.69
17228,24,2024-02-19,284.3,2318.34
17229,24,2024-02-20,308.0,3743.28
17230,24,2024-02-21,285.1,3708.81
17231,24,2024-02-22,316.4,3594.44
17232,24,2024-02-23,284.7,3494.28
17233,24,2024-02-24,282.0,2438.93
17234,24,2024-02-25,317.0,3861.37
17235,24,2024-02-26,353.7,4360.29
17236,24,2024-02-27,323.6,3721.83
17237,24,2024-02-28,319.5,3750.23
17238,24,2024-02-29,299.2,3686.8
17239,24,2024-03-01,314.7,2570.95
17240,24,2024-03-02,290.0,3450.7
17241,24,2024-03-03,334.9,3523.92
17242,24,2024-03-04,259.8,3383.38
17243,24,2024-03-05,298.0,4117.92
17244,24,2024-03-06,292.1,2848.64
17245,24,2024-03-07,299.3,4439.63
17246,24,2024-03-08,282.9,2390.32
17247,24,2024-03-09,303.1,2955.7
17248,24,2024-03-10,282.2,3067.63
17249,24,2024-03-11,288.2,3756.77
17250,24,2024-03-12,311.5,3591.54
17251,24,2024-03-13,363.6,4807.64
17252,24,2024-03-14,287.8,2944.42
17253,24,2024-03-15,307.5,2822.63
17254,24,2024-03-16,327.2,2686.53
17255,24,2024-03-17,309.0,4491.25
17256,24,2024-03-18,294.4,2995.82
17257,24,2024-03-19,293.9,3697.86
17258,24,2024-03-20,329.2,3403.97
17259,24,2024-03-21,252.9,2131.72
17260,24,2024-03-22,302.7,2716.53
17261,24,2024-03-23,290.9,3222.76
17262,24,2024-03-24,261.7,2802.25
17263,24,2024-03-25,300.1,2554.14
17264,24,2024-03-26,284.2,3868.42
17265,24,2024-03-27,273.3,3424.83
17266,24,2024-03-28,332.3,3200.28
17267,24,2024-03-29,277.0,3761.88
17268,24,2024-03-30,271.3,2570.09
17269,24,2024-03-31,265.1,2649.81
17270,24,2024-04-01,306.0,2952.04
17271,24,2024-04-02,308.7,4028.67
17272,24,2024-04-03,352.4,3361.71
17273,24,2024-04-04,291.1,2951.85
17274,24,2024-04-05,287.1,3797.68
17275,24,2024-04-06,270.3,3294.18
17276,24,2024-04-07,310.1,4017.96
17277,24,2024-04-08,264.1,3367.67
17278,24,2024-04-09,283.6,3481.03
17279,24,2024-04-10,304.3,3475.4
17280,24,2024-04-11,284.4,3775.13
17281,24,2024-04-12,283.7,3348.95
17282,24,2024-04-13,279.5,3179.03
17283,24,2024-04-14,333.6,3988.0
17284,24,2024-04-15,282.4,3663.64
17285,24,2024-04-16,310.3,3484.46
17286,24,2024-04-17,280.9,2313.36
17287,24,2024-04-18,250.1,3729.66
17288,24,2024-04-19,286.5,4034.13
17289,24,2024-04-20,298.6,4075.92
17290,24,2024-04-21,330.7,3263.84
17291,24,2024-04-22,247.7,2278.59
17292,24,2024-04-23,327.2,2783.88
17293,24,2024-04-24,276.2,3598.25
17294,24,2024-04-25,301.6,4358.35
17295,24,2024-04-26,295.7,3895.43
17296,24,2024-04-27,267.8,2679.8
17297,24,2024-04-28,283.6,3497.65
17298,24,2024-04-29,295.8,2973.68
17299,24,2024-04-30,265.8,3431.02
17300,24,2024-05-01,320.8,3216.25
17301,24,2024-05-02,298.5,3409.23
17302,24,2024-05-03,284.5,3795.16
17303,24,2024-05-04,289.3,3224.68
17304,24,2024-05-05,320.6,3620.48
17305,24,2024-05-06,326.7,3807.74
17306,24,2024-05-07,277.6,3996.13
17307,24,2024-05-08,269.5,2466.54
17308,24,2024-05-09,313.1,3320.78
17309,24,2024-05-10,272.2,2527.38
17310,24,2024-05-11,255.4,3791.81
17311,24,2024-05-12,308.0,2492.1
17312,24,2024-05-13,275.0,2983.31
17313,24,2024-05-14,274.8,3156.73
17314,24,2024-05-15,260.5,3178.49
17315,24,2024-05-16,342.9,4770.48
17316,24,2024-05-17,326.7,4640.92
17317,24,2024-05-18,290.0,4271.81
17318,24,2024-05-19,302.4,4424.34
17319,24,2024-05-20,301.6,2942.33
17320,24,2024-05-21,343.3,4564.27
17321,24,2024-05-22,306.5,3801.97
17322,24,2024-05-23,317.7,2970.43
17323,24,2024-05-24,331.0,2686.93
17324,24,2024-05-25,276.7,3455.31
17325,24,2024-05-26,280.1,2389.77
17326,24,2024-05-27,326.4,4482.09
17327,24,2024-05-28,289.0,3742.93
17328,24,2024-05-29,273.5,3752.44
17329,24,2024-05-30,300.0,3399.62
17330,24,2024-05-31,325.4,4535.35
17331,24,2024-06-01,346.3,3822.48
17332,24,2024-06-02,336.7,3571.8
17333,24,2024-06-03,242.0,2518.48
17334,24,2024-06-04,289.6,4331.14
17335,24,2024-06-05,267.7,2805.19
17336,24,2024-06-06,277.5,3367.53
17337,24,2024-06-07,300.7,4343.75
17338,24,2024-06-08,300.6,2899.12
17339,24,2024-06-09,242.5,2588.2
17340,24,2024-06-10,277.5,3487.47
17341,24,2024-06-11,338.5,3614.08
17342,24,2024-06-12,262.8,2674.51
17343,24,2024-06-13,325.2,3970.33
17344,24,2024-06-14,283.9,4207.47
17345,24,2024-06-15,296.0,2870.57
17346,24,2024-06-16,328.8,4180.89
17347,24,2024-06-17,290.5,2792.03
17348,24,2024-06-18,340.3,4049.54
17349,24,2024-06-19,261.9,2490.62
17350,24,2024-06-20,319.2,4155.22
17351,24,2024-06-21,315.7,3882.92
17352,24,2024-06-22,336.6,4116.24
17353,24,2024-06-23,310.9,3530.34
17354,24,2024-06-24,292.8,2384.25
17355,24,2024-06-25,275.6,2905.79
17356,24,2024-06-26,288.3,3534.02
17357,24,2024-06-27,259.2,2638.03
17358,24,2024-06-28,317.6,3575.9
17359,24,2024-06-29,295.6,2621.74
17360,24,2024-06-30,292.1,2382.12
17361,24,2024-07-01,286.4,3300.3
17362,24,2024-07-02,313.9,2905.75
17363,24,2024-07-03,291.8,3225.8
17364,24,2024-07-04,297.9,2985.83
17365,24,2024-07-05,297.5,3571.86
17366,24,2024-07-06,310.3,3929.21
17367,24,2024-07-07,308.3,4111.34
17368,24,2024-07-08,328.2,3657.07
17369,24,2024-07-09,324.5,4561.26
17370,24,2024-07-10,285.9,2562.93
17371,24,2024-07-11,344.3,2955.59
17372,24,2024-07-12,307.9,4466.07
17373,24,2024-07-13,350.9,3244.6
17374,24,2024-07-14,304.3,2997.38
17375,24,2024-07-15,288.0,3296.84
17376,24,2024-07-16,282.7,3911.04
17377,24,2024-07-17,257.0,2136.03
17378,24,2024-07-18,302.0,3730.45
17379,24,2024-07-19,303.3,4081.82
17380,24,2024-07-20,295.6,4037.37
17381,24,2024-07-21,305.7,3402.49
17382,24,2024-07-22,264.6,3175.96
17383,24,2024-07-23,293.4,2423.48
17384,24,2024-07-24,269.6,2234.45
17385,24,2024-07-25,306.3,4117.82
17386,24,2024-07-26,300.0,3384.89
17387,24,2024-07-27,323.9,4189.37
17388,24,2024-07-28,288.5,3530.17
17389,24,2024-07-29,323.6,3839.09
17390,24,2024-07-30,293.1,2850.66
17391,24,2024-07-31,312.9,2531.49
17392,24,2024-08-01,277.5,3995.48
17393,24,2024-08-02,297.0,3632.97
17394,24,2024-08-03,294.4,3546.68
17395,24,2024-08-04,325.3,4104.24
17396,24,2024-08-05,294.3,3964.47
17397,24,2024-08-06,294.5,3906.69
17398,24,2024-08-07,347.9,3249.9
17399,24,2024-08-08,317.0,4612.16
17400,24,2024-08-09,289.2,4179.49
17401,24,2024-08-10,310.0,4463.22
17402,24,2024-08-11,319.5,4153.75
17403,24,2024-08-12,298.8,2624.39
17404,24,2024-08-13,315.9,3001.97
17405,24,2024-08-14,296.7,4414.61
17406,24,2024-08-15,325.3,2870.26
17407,24,2024-08-16,253.1,2939.06
17408,24,2024-08-17,273.7,3403.37
17409,24,2024-08-18,286.1,3023.61
17410,24,2024-08-19,315.7,3520.49
17411,24,2024-08-20,304.8,4494.99
17412,24,2024-08-21,278.0,3475.28
17413,24,2024-08-22,299.5,4440.37
17414,24,2024-08-23,253.9,2969.64
17415,24,2024-08-24,261.5,3861.9
17416,24,2024-08-25,258.5,3369.24
17417,24,2024-08-26,269.6,3212.65
17418,24,2024-08-27,314.3,3299.49
17419,24,2024-08-28,305.6,3264.02
17420,24,2024-08-29,289.5,2889.42
17421,24,2024-08-30,315.1,4551.49
17422,24,2024-08-31,326.8,4517.87
17423,24,2024-09-01,270.4,3101.3
17424,24,2024-09-02,323.9,4733.17
17425,24,2024-09-03,277.6,2672.05
17426,24,2024-09-04,281.4,2369.19
17427,24,2024-09-05,340.7,4052.51
17428,24,2024-09-06,300.1,4105.91
17429,24,2024-09-07,284.5,3192.1
17430,24,2024-09-08,310.1,3858.52
17431,24,2024-09-09,318.2,3386.03
17432,24,2024-09-10,300.3,3200.06
17433,24,2024-09-11,284.5,2884.88
17434,24,2024-09-12,304.2,3729.03
17435,24,2024-09-13,311.7,4584.41
17436,24,2024-09-14,292.6,3370.68
17437,24,2024-09-15,338.6,3792.21
17438,24,2024-09-16,303.0,2827.22
17439,24,2024-09-17,316.5,3074.72
17440,24,2024-09-18,317.3,4388.22
17441,24,2024-09-19,261.8,3288.78
17442,24,2024-09-20,310.0,2986.6
17443,24,2024-09-21,312.5,4533.3
17444,24,2024-09-22,283.9,2781.47
17445,24,2024-09-23,280.2,4061.34
17446,24,2024-09-24,261.3,2533.48
17447,24,2024-09-25,328.9,3326.42
17448,24,2024-09-26,276.1,3530.86
17449,24,2024-09-27,262.2,3444.48
17450,24,2024-09-28,287.9,2357.42
17451,24,2024-09-29,272.1,3049.3
17452,24,2024-09-30,261.8,3339.87
17453,24,2024-10-01,352.2,4286.07
17454,24,2024-10-02,270.7,2872.8
17455,24,2024-10-03,277.3,3171.44
17456,24,2024-10-04,298.6,2774.1
17457,24,2024-10-05,261.3,3378.38
17458,24,2024-10-06,293.3,2511.52
17459,24,2024-10-07,310.5,3022.95
17460,24,2024-10-08,301.0,4376.86
17461,24,2024-10-09,306.2,4531.23
17462,24,2024-10-10,292.4,2723.73
17463,24,2024-10-11,284.3,2724.98
17464,24,2024-10-12,306.6,2633.21
17465,24,2024-10-13,304.8,3396.71
17466,24,2024-10-14,269.5,3648.14
17467,24,2024-10-15,298.0,2488.03
17468,24,2024-10-16,293.8,2480.03
17469,24,2024-10-17,311.0,4219.58
17470,24,2024-10-18,303.2,3465.62
17471,24,2024-10-19,215.9,2247.77
17472,24,2024-10-20,325.5,3920.65
17473,24,2024-10-21,317.7,3127.22
17474,24,2024-10-22,320.9,3881.73
17475,24,2024-10-23,311.6,4167.81
17476,24,2024-10-24,319.6,2897.68
17477,24,2024-10-25,286.0,2499.4
17478,24,2024-10-26,316.5,3167.69
17479,24,2024-10-27,293.7,4302.65
17480,24,2024-10-28,261.6,2693.42
17481,24,2024-10-29,316.1,3922.91
17482,24,2024-10-30,300.8,3168.78
17483,24,2024-10-31,330.0,2641.55
17484,24,2024-11-01,297.4,3840.37
17485,24,2024-11-02,276.1,2738.26
17486,24,2024-11-03,281.5,4156.53
17487,24,2024-11-04,289.5,2553.38
17488,24,2024-11-05,301.4,3179.35
17489,24,2024-11-06,319.7,4719.72
17490,24,2024-11-07,300.8,3988.29
17491,24,2024-11-08,268.5,2287.39
17492,24,2024-11-09,301.6,3671.35
17493,24,2024-11-10,323.9,3322.3
17494,24,2024-11-11,297.7,2464.51
17495,24,2024-11-12,305.3,4142.87
17496,24,2024-11-13,292.6,2409.82
17497,24,2024-11-14,292.4,3085.34
17498,24,2024-11-15,320.6,3342.8
17499,24,2024-11-16,313.4,3948.27
17500,24,2024-11-17,353.8,4251.16
17501,24,2024-11-18,283.6,3937.82
17502,24,2024-11-19,278.5,3521.56
17503,24,2024-11-20,261.9,2109.33
17504,24,2024-11-21,288.9,2942.4
17505,24,2024-11-22,293.5,4036.59
17506,24,2024-11-23,277.4,2773.71
17507,24,2024-11-24,305.7,2713.76
17508,24,2024-11-25,313.8,3926.17
17509,24,2024-11-26,304.5,2740.42
17510,24,2024-11-27,270.6,2908.51
17511,24,2024-11-28,279.0,2531.48
17512,24,2024-11-29,296.3,3034.65
17513,24,2024-11-30,322.1,2998.63
17514,24,2024-12-01,291.1,3036.35
17515,24,2024-12-02,247.9,3068.49
17516,24,2024-12-03,288.5,2826.1
17517,24,2024-12-04,294.7,2535.35
17518,24,2024-12-05,332.3,4117.09
17519,24,2024-12-06,247.6,1999.95
17520,24,2024-12-07,313.8,2950.82
17521,24,2024-12-08,261.9,3153.36
17522,24,2024-12-09,283.8,3685.29
17523,24,2024-12-10,303.4,3890.85
17524,24,2024-12-11,317.1,3886.97
17525,24,2024-12-12,278.9,3179.88
17526,24,2024-12-13,284.5,2467.32
17527,24,2024-12-14,290.5,4271.0
17528,24,2024-12-15,250.5,3693.72
17529,24,2024-12-16,277.6,3901.81
17530,24,2024-12-17,329.1,4650.15
17531,24,2024-12-18,299.7,2820.73
17532,24,2024-12-19,311.3,2688.59
17533,24,2024-12-20,290.6,2369.91
17534,24,2024-12-21,247.1,3545.52
17535,24,2024-12-22,290.4,3671.33
17536,24,2024-12-23,319.2,3092.56
17537,24,2024-12-24,251.6,3687.95
17538,24,2024-12-25,294.0,2477.57
17539,24,2024-12-26,306.9,3486.65
17540,24,2024-12-27,285.8,3486.8
17541,24,2024-12-28,279.2,2268.33
17542,24,2024-12-29,298.5,4347.31
17543,24,2024-12-30,274.8,3510.7
17544,24,2024-12-31,257.9,2489.66
